REPORT_ID,UND_UNIT_NUMBER,CASUALTY_NUMBER,cas_type,cas_gender,cas_age,cas_pos_in_veh,thrown_out,fatality,seat_belt,unit_type,lic_type,unit_movement,n_occupants,stat_area,total_units,cas_total,day,time,area_speed,acc_pos,hor_align,ver_align,moist_cond,wea_cond,dayNight,crash_type,traf_ctrls
2017-358-15/08/2019,1,1,Driver,Female,56.0,Driver,Not Thrown Out,NotFatal,Worn,Small,Full,Straight Ahead,1.0,2 Metropolitan,3,1,Friday,off-peak,60,Not Divided,Straight road,Level,Wet,Raining,Daylight,Right Turn,No Control
2017-364-15/08/2019,1,1,Driver,Female,37.0,Driver,Not Thrown Out,NotFatal,Worn,Small,Full,Stopped on Carriageway,1.0,2 Metropolitan,2,1,Friday,peak,60,Cross Road,Straight road,Level,Dry,Not Raining,Daylight,Rear End,Traffic Signals
2017-368-15/08/2019,1,1,Driver,Male,18.0,Driver,Not Thrown Out,NotFatal,Worn,Small,Provisional 2,Straight Ahead,2.0,2 Metropolitan,2,1,Friday,off-peak,90,Not Divided,Straight road,Level,Wet,Not Raining,Daylight,Rear End,No Control
2017-370-15/08/2019,2,1,Driver,Female,75.0,Driver,Not Thrown Out,NotFatal,Worn,Small,Full,Stopped on Carriageway,1.0,2 Metropolitan,2,1,Friday,off-peak,80,Divided Road,Straight road,Crest of Hill,Dry,Not Raining,Daylight,Rear End,No Control
2017-377-15/08/2019,1,1,Passenger,Female,49.0,Front Seat Left Passenger,Not Thrown Out,NotFatal,NotWorn,Small,NoLicence,Straight Ahead,4.0,2 Metropolitan,2,2,Friday,off-peak,60,T-Junction,Straight road,Level,Dry,Not Raining,Daylight,Right Turn,No Control
2017-377-15/08/2019,2,1,Passenger,Female,39.88915925490854,Front Seat Left Passenger,Not Thrown Out,NotFatal,NotWorn,Small,NoLicence,U Turn,2.0,2 Metropolitan,2,2,Friday,off-peak,60,T-Junction,Straight road,Level,Dry,Not Raining,Daylight,Right Turn,No Control
2017-381-15/08/2019,1,1,Driver,Male,34.0,Driver,Not Thrown Out,NotFatal,Worn,Small,Full,Stopped on Carriageway,1.0,1 City,2,1,Saturday,off-peak,50,Cross Road,Straight road,Level,Dry,Not Raining,Night,Rear End,Traffic Signals
2017-382-15/08/2019,1,1,Rider,Male,17.0,NotApplicable,NotApplicable,NotFatal,NotWorn,MCycling,NoLicence,Swerving,1.0,3 Country,2,1,Thursday,peak,25,Not Divided,"CURVED, VIEW OPEN",Level,Dry,Not Raining,Daylight,Hit Fixed Object,No Control
2017-384-15/08/2019,1,1,Driver,Male,23.0,Driver,Not Thrown Out,NotFatal,Worn,Utility,Full,Straight Ahead,1.0,3 Country,2,1,Saturday,off-peak,100,Not Divided,Straight road,Level,Dry,Not Raining,Night,Hit Fixed Object,No Control
2017-387-15/08/2019,1,1,Driver,Female,56.0,Driver,Not Thrown Out,NotFatal,Worn,Medium,Full,Stopped on Carriageway,1.0,1 City,2,1,Friday,peak,50,Cross Road,Straight road,Level,Dry,Not Raining,Daylight,Rear End,Traffic Signals
2017-388-15/08/2019,1,1,Driver,Female,51.0,Driver,Not Thrown Out,NotFatal,Worn,Small,Full,Swerving,2.0,2 Metropolitan,2,1,Saturday,off-peak,70,Divided Road,Straight road,Slope,Dry,Not Raining,Daylight,Side Swipe,No Control
2017-389-15/08/2019,2,1,Driver,Male,44.0,Driver,Not Thrown Out,NotFatal,Worn,Medium,Unknown,Stopped on Carriageway,2.0,2 Metropolitan,2,1,Saturday,off-peak,50,Divided Road,Straight road,Level,Dry,Not Raining,Daylight,Rear End,No Control
2017-391-15/08/2019,1,1,Driver,Female,78.0,Driver,Not Thrown Out,NotFatal,Worn,Small,Full,Straight Ahead,1.0,3 Country,2,1,Saturday,off-peak,60,T-Junction,"CURVED, VIEW OBSCURED",Slope,Dry,Not Raining,Daylight,Right Angle,Give Way Sign
2017-392-15/08/2019,2,1,Driver,Female,33.0,Driver,Not Thrown Out,NotFatal,Worn,Small,Full,Straight Ahead,1.0,2 Metropolitan,2,1,Saturday,off-peak,60,Other,Straight road,Level,Dry,Not Raining,Daylight,Rear End,Traffic Signals
2017-395-15/08/2019,1,1,Driver,Male,25.0,Driver,Not Thrown Out,NotFatal,Worn,Small,Probationary,Straight Ahead,1.0,2 Metropolitan,2,1,Saturday,off-peak,60,Cross Road,Straight road,Level,Dry,Not Raining,Daylight,Right Angle,Traffic Signals
2017-396-15/08/2019,2,1,Driver,Female,24.0,Driver,Not Thrown Out,NotFatal,Worn,Small,Full,Straight Ahead,3.0,2 Metropolitan,2,1,Saturday,off-peak,60,Cross Road,Straight road,Level,Dry,Not Raining,Daylight,Right Turn,Traffic Signals
2017-397-15/08/2019,1,1,Rider,Male,37.0,NotApplicable,NotApplicable,NotFatal,NotWorn,MCycling,NoLicence,U Turn,1.0,2 Metropolitan,1,1,Saturday,off-peak,90,Not Divided,Straight road,Level,Dry,Not Raining,Daylight,Roll Over,No Control
2017-399-15/08/2019,1,1,Driver,Male,24.0,Driver,Not Thrown Out,NotFatal,Worn,Utility,Unlicenced,Straight Ahead,1.0,2 Metropolitan,2,1,Saturday,off-peak,100,Not Divided,"CURVED, VIEW OBSCURED",Bottom of Hill,Dry,Not Raining,Daylight,Hit Fixed Object,No Control
2017-405-15/08/2019,1,1,Driver,Female,38.0,Driver,Not Thrown Out,NotFatal,Worn,Small,Full,Straight Ahead,1.0,2 Metropolitan,2,1,Sunday,off-peak,60,T-Junction,"CURVED, VIEW OPEN",Level,Dry,Not Raining,Night,Hit Fixed Object,Give Way Sign
2017-407-15/08/2019,1,1,Driver,Female,39.0,Driver,Not Thrown Out,NotFatal,Worn,Small,Full,Straight Ahead,1.0,1 City,2,1,Saturday,peak,60,T-Junction,Straight road,Level,Dry,Not Raining,Daylight,Right Angle,Give Way Sign
2017-409-15/08/2019,2,1,Driver,Female,19.0,Driver,Not Thrown Out,NotFatal,Worn,Small,Provisional 2,Straight Ahead,1.0,1 City,2,1,Sunday,off-peak,50,Cross Road,Straight road,Level,Dry,Not Raining,Daylight,Right Angle,Traffic Signals
2017-412-15/08/2019,1,1,Rider,Male,35.0,NotApplicable,NotApplicable,NotFatal,NotWorn,MCycling,NoLicence,Straight Ahead,1.0,2 Metropolitan,2,1,Sunday,peak,100,Not Divided,Straight road,Level,Dry,Not Raining,Daylight,Hit Fixed Object,No Control
2017-417-15/08/2019,1,1,Driver,Male,30.0,Driver,Not Thrown Out,NotFatal,Worn,Small,Full,Swerving,1.0,2 Metropolitan,2,1,Sunday,off-peak,50,Not Divided,Straight road,Level,Dry,Not Raining,Daylight,Hit Fixed Object,No Control
2017-418-15/08/2019,1,1,Rider,Female,59.0,NotApplicable,NotApplicable,NotFatal,NotWorn,PCycling,NoLicence,Straight Ahead,1.0,2 Metropolitan,1,1,Saturday,peak,60,Divided Road,"CURVED, VIEW OPEN",Slope,Dry,Not Raining,Daylight,Roll Over,No Control
2017-420-15/08/2019,1,1,Driver,Female,17.0,Driver,Not Thrown Out,NotFatal,Worn,Small,Provisional 1 ,Right Turn,1.0,2 Metropolitan,2,2,Saturday,off-peak,80,Cross Road,Straight road,Level,Dry,Not Raining,Night,Right Turn,Traffic Signals
2017-420-15/08/2019,2,1,Driver,Male,51.0,Driver,Not Thrown Out,NotFatal,Worn,Small,Provisional 1 ,Straight Ahead,1.0,2 Metropolitan,2,2,Saturday,off-peak,80,Cross Road,Straight road,Level,Dry,Not Raining,Night,Right Turn,Traffic Signals
2017-421-15/08/2019,1,1,Driver,Male,26.0,Driver,Not Thrown Out,NotFatal,Unknown,Small,Disqualified,Straight Ahead,2.0,2 Metropolitan,3,2,Saturday,off-peak,60,T-Junction,Straight road,Level,Dry,Not Raining,Daylight,Hit Fixed Object,No Control
2017-421-15/08/2019,1,2,Passenger,Female,35.0,Front Seat Left Passenger,Not Thrown Out,NotFatal,NotWorn,Small,NoLicence,Straight Ahead,2.0,2 Metropolitan,3,2,Saturday,off-peak,60,T-Junction,Straight road,Level,Dry,Not Raining,Daylight,Hit Fixed Object,No Control
2017-423-15/08/2019,2,1,Driver,Female,56.0,Driver,Not Thrown Out,NotFatal,Worn,Small,Full,Stopped on Carriageway,2.0,2 Metropolitan,2,2,Sunday,off-peak,60,T-Junction,"CURVED, VIEW OPEN",Slope,Dry,Not Raining,Daylight,Rear End,No Control
2017-423-15/08/2019,2,2,Passenger,Male,55.0,Front Seat Left Passenger,Not Thrown Out,NotFatal,NotWorn,Small,NoLicence,Stopped on Carriageway,2.0,2 Metropolitan,2,2,Sunday,off-peak,60,T-Junction,"CURVED, VIEW OPEN",Slope,Dry,Not Raining,Daylight,Rear End,No Control
2017-426-15/08/2019,1,1,Rider,Male,26.0,NotApplicable,NotApplicable,NotFatal,NotWorn,MCycling,NoLicence,Straight Ahead,1.0,2 Metropolitan,2,1,Sunday,off-peak,60,Divided Road,Straight road,Slope,Dry,Not Raining,Daylight,Hit Parked Vehicle,No Control
2017-428-15/08/2019,2,1,Driver,Male,68.0,Driver,Not Thrown Out,NotFatal,Worn,Small,Full,Stopped on Carriageway,1.0,2 Metropolitan,3,1,Sunday,off-peak,50,T-Junction,Straight road,Level,Dry,Not Raining,Daylight,Rear End,No Control
2017-429-15/08/2019,1,1,Passenger,Female,25.0,Front Seat Left Passenger,Not Thrown Out,NotFatal,NotWorn,Small,NoLicence,Straight Ahead,3.0,2 Metropolitan,2,1,Sunday,off-peak,50,Not Divided,Straight road,Level,Dry,Not Raining,Daylight,Head On,No Control
2017-430-15/08/2019,1,1,Rider,Male,72.0,NotApplicable,NotApplicable,NotFatal,NotWorn,PCycling,NoLicence,Straight Ahead,1.0,2 Metropolitan,2,1,Sunday,off-peak,20,Divided Road,Straight road,Level,Dry,Not Raining,Night,Hit Object on Road,No Control
2017-431-15/08/2019,2,1,Driver,Male,29.0,Driver,Not Thrown Out,NotFatal,Worn,Small,Full,Straight Ahead,1.0,2 Metropolitan,5,3,Sunday,off-peak,80,Divided Road,Straight road,Level,Dry,Not Raining,Night,Rear End,No Control
2017-431-15/08/2019,5,1,Driver,Female,19.0,Driver,Not Thrown Out,NotFatal,Worn,Small,Provisional 2,Straight Ahead,2.0,2 Metropolitan,5,3,Sunday,off-peak,80,Divided Road,Straight road,Level,Dry,Not Raining,Night,Rear End,No Control
2017-431-15/08/2019,5,2,Passenger,Male,19.0,Front Seat Left Passenger,Not Thrown Out,NotFatal,NotWorn,Small,NoLicence,Straight Ahead,2.0,2 Metropolitan,5,3,Sunday,off-peak,80,Divided Road,Straight road,Level,Dry,Not Raining,Night,Rear End,No Control
2017-435-15/08/2019,2,1,Rider,Male,34.0,NotApplicable,NotApplicable,NotFatal,NotWorn,PCycling,NoLicence,Straight Ahead,1.0,2 Metropolitan,2,1,Monday,peak,60,T-Junction,Straight road,Slope,Dry,Not Raining,Daylight,Right Turn,No Control
2017-443-15/08/2019,1,1,Rider,Male,23.0,NotApplicable,NotApplicable,NotFatal,NotWorn,MCycling,NoLicence,Overtaking - on Right,1.0,2 Metropolitan,2,1,Monday,off-peak,50,Not Divided,Straight road,Level,Dry,Not Raining,Daylight,Side Swipe,No Control
2017-444-15/08/2019,2,1,Driver,Female,72.0,Driver,Not Thrown Out,NotFatal,Worn,Small,Full,Right Turn,1.0,3 Country,2,1,Monday,off-peak,80,T-Junction,Straight road,Level,Dry,Not Raining,Daylight,Right Angle,No Control
2017-446-15/08/2019,1,1,Passenger,Female,8.0,Rear Seat Right Passenger,Not Thrown Out,NotFatal,NotWorn,Small,NoLicence,Parked,3.0,2 Metropolitan,2,1,Monday,off-peak,60,Divided Road,Straight road,Level,Dry,Not Raining,Daylight,Hit Parked Vehicle,No Control
2017-447-15/08/2019,2,1,Pedestrian,Male,69.0,NotApplicable,NotApplicable,NotFatal,NotWorn,Pedestrian on Road,NoLicence,Crossing without Control,1.0,1 City,2,1,Friday,off-peak,50,T-Junction,Straight road,Level,Wet,Raining,Daylight,Hit Pedestrian,No Control
2017-451-15/08/2019,2,1,Driver,Female,69.0,Driver,Not Thrown Out,NotFatal,Worn,Small,Full,Stopped on Carriageway,2.0,2 Metropolitan,2,2,Friday,off-peak,60,T-Junction,Straight road,Level,Dry,Not Raining,Daylight,Rear End,Give Way Sign
2017-451-15/08/2019,2,2,Passenger,Male,9.0,Front Seat Left Passenger,Not Thrown Out,NotFatal,NotWorn,Small,NoLicence,Stopped on Carriageway,2.0,2 Metropolitan,2,2,Friday,off-peak,60,T-Junction,Straight road,Level,Dry,Not Raining,Daylight,Rear End,Give Way Sign
2017-453-15/08/2019,1,1,Rider,Male,17.0,NotApplicable,NotApplicable,NotFatal,NotWorn,PCycling,NoLicence,Straight Ahead,1.0,2 Metropolitan,2,1,Monday,off-peak,50,Cross Road,Straight road,Level,Dry,Not Raining,Daylight,Side Swipe,Roundabout
2017-455-15/08/2019,1,1,Driver,Male,30.0,Driver,Not Thrown Out,NotFatal,Worn,Small,Provisional 2,Straight Ahead,1.0,2 Metropolitan,4,2,Monday,peak,80,Not Divided,"CURVED, VIEW OPEN",Slope,Dry,Not Raining,Daylight,Head On,No Control
2017-455-15/08/2019,2,1,Driver,Male,62.0,Driver,Not Thrown Out,NotFatal,Worn,Medium,Full,Straight Ahead,1.0,2 Metropolitan,4,2,Monday,peak,80,Not Divided,"CURVED, VIEW OPEN",Slope,Dry,Not Raining,Daylight,Head On,No Control
2017-456-15/08/2019,1,1,Driver,Female,44.0,Driver,Not Thrown Out,NotFatal,Worn,Utility,Full,Right Turn,4.0,2 Metropolitan,2,1,Monday,peak,60,Cross Road,Straight road,Level,Dry,Not Raining,Daylight,Right Angle,No Control
2017-457-15/08/2019,1,1,Driver,Male,17.0,Driver,Not Thrown Out,NotFatal,Unknown,Utility,Provisional 1 ,Straight Ahead,2.0,3 Country,2,1,Sunday,off-peak,50,Not Divided,Straight road,Level,Dry,Not Raining,Night,Hit Fixed Object,No Control
2017-458-15/08/2019,2,1,Driver,Female,26.0,Driver,Not Thrown Out,NotFatal,Worn,Small,Full,Stopped on Carriageway,1.0,2 Metropolitan,4,2,Monday,peak,80,Divided Road,Straight road,Level,Dry,Not Raining,Daylight,Rear End,No Control
2017-458-15/08/2019,3,1,Driver,Female,38.0,Driver,Not Thrown Out,NotFatal,Worn,Medium,Full,Stopped on Carriageway,1.0,2 Metropolitan,4,2,Monday,peak,80,Divided Road,Straight road,Level,Dry,Not Raining,Daylight,Rear End,No Control
2017-461-15/08/2019,1,1,Driver,Male,71.0,Driver,Not Thrown Out,NotFatal,Unknown,Small,Full,Straight Ahead,1.0,3 Country,3,2,Monday,off-peak,80,Not Divided,Straight road,Bottom of Hill,Dry,Not Raining,Daylight,Head On,No Control
2017-461-15/08/2019,3,1,Driver,Female,39.0,Driver,Not Thrown Out,NotFatal,Unknown,Medium,Full,Straight Ahead,1.0,3 Country,3,2,Monday,off-peak,80,Not Divided,Straight road,Bottom of Hill,Dry,Not Raining,Daylight,Head On,No Control
2017-466-15/08/2019,1,1,Passenger,Female,39.88915925490854,Rear Seat Left Passenger,Not Thrown Out,NotFatal,NotWorn,Small,NoLicence,Straight Ahead,5.0,2 Metropolitan,3,2,Monday,off-peak,60,Cross Road,Straight road,Level,Dry,Not Raining,Daylight,Right Angle,Traffic Signals
2017-466-15/08/2019,2,1,Passenger,Female,27.0,Front Seat Left Passenger,Not Thrown Out,NotFatal,NotWorn,Small,NoLicence,Straight Ahead,2.0,2 Metropolitan,3,2,Monday,off-peak,60,Cross Road,Straight road,Level,Dry,Not Raining,Daylight,Right Angle,Traffic Signals
2017-472-15/08/2019,2,1,Driver,Male,84.0,Driver,Not Thrown Out,NotFatal,Worn,Small,Full,Straight Ahead,1.0,2 Metropolitan,4,1,Tuesday,off-peak,50,Cross Road,Straight road,Level,Dry,Not Raining,Daylight,Right Angle,Give Way Sign
2017-475-15/08/2019,1,1,Driver,Male,60.0,Driver,Not Thrown Out,NotFatal,Worn,Large,Full,Straight Ahead,1.0,3 Country,1,1,Tuesday,off-peak,80,Not Divided,"CURVED, VIEW OPEN",Level,Dry,Not Raining,Daylight,Roll Over,No Control
2017-477-15/08/2019,1,1,Pedestrian,Male,55.0,NotApplicable,NotApplicable,NotFatal,NotWorn,Pedestrian on Footpath/Carpark,NoLicence,Walking on Footpath,1.0,2 Metropolitan,2,1,Sunday,off-peak,60,Cross Road,Straight road,Level,Dry,Not Raining,Night,Hit Pedestrian,Stop Sign
2017-485-15/08/2019,1,1,Driver,Female,44.0,Driver,Not Thrown Out,NotFatal,Worn,Small,Full,Stopped on Carriageway,1.0,2 Metropolitan,3,1,Tuesday,off-peak,60,T-Junction,Straight road,Level,Dry,Not Raining,Daylight,Rear End,Traffic Signals
2017-487-15/08/2019,1,1,Rider,Female,21.0,NotApplicable,NotApplicable,NotFatal,NotWorn,PCycling,NoLicence,Straight Ahead,1.0,2 Metropolitan,2,1,Tuesday,peak,60,Not Divided,Straight road,Level,Dry,Not Raining,Daylight,Right Angle,No Control
2017-489-15/08/2019,1,1,Rider,Male,26.0,NotApplicable,NotApplicable,NotFatal,NotWorn,MCycling,NoLicence,Straight Ahead,1.0,2 Metropolitan,2,1,Tuesday,peak,60,Not Divided,"CURVED, VIEW OPEN",Bottom of Hill,Dry,Not Raining,Daylight,Hit Fixed Object,No Control
2017-498-15/08/2019,1,1,Driver,Female,28.0,Driver,Not Thrown Out,NotFatal,Worn,Small,Full,Swerving,2.0,3 Country,1,1,Tuesday,off-peak,110,Not Divided,Straight road,Level,Dry,Not Raining,Daylight,Left Road - Out of Control,No Control
2017-500-15/08/2019,1,1,Driver,Female,19.0,Driver,Not Thrown Out,NotFatal,Worn,Small,Provisional 2,Straight Ahead,1.0,3 Country,3,1,Tuesday,off-peak,100,Not Divided,Straight road,Level,Dry,Not Raining,Daylight,Hit Object on Road,No Control
2017-501-15/08/2019,1,1,Rider,Male,56.0,NotApplicable,NotApplicable,NotFatal,NotWorn,PCycling,NoLicence,Straight Ahead,1.0,2 Metropolitan,2,1,Tuesday,peak,60,Not Divided,Straight road,Level,Dry,Not Raining,Daylight,Rear End,No Control
2017-504-15/08/2019,1,1,Driver,Male,66.0,Driver,Not Thrown Out,NotFatal,Worn,Utility,Full,Right Turn,1.0,2 Metropolitan,2,2,Wednesday,off-peak,80,Cross Road,Straight road,Level,Dry,Not Raining,Daylight,Right Turn,Give Way Sign
2017-504-15/08/2019,2,1,Driver,Female,75.0,Driver,Not Thrown Out,NotFatal,Worn,Small,Full,Straight Ahead,1.0,2 Metropolitan,2,2,Wednesday,off-peak,80,Cross Road,Straight road,Level,Dry,Not Raining,Daylight,Right Turn,Give Way Sign
2017-509-15/08/2019,1,1,Driver,Female,24.0,Driver,Not Thrown Out,NotFatal,Worn,Small,Full,Straight Ahead,3.0,2 Metropolitan,2,1,Wednesday,off-peak,80,Not Divided,"CURVED, VIEW OPEN",Slope,Dry,Not Raining,Daylight,Roll Over,No Control
2017-519-15/08/2019,1,1,Rider,Male,23.0,NotApplicable,NotApplicable,NotFatal,NotWorn,PCycling,NoLicence,Straight Ahead,1.0,2 Metropolitan,2,1,Tuesday,off-peak,60,Divided Road,Straight road,Level,Dry,Not Raining,Daylight,Side Swipe,No Control
2017-520-15/08/2019,2,1,Rider,Female,60.0,NotApplicable,NotApplicable,NotFatal,NotWorn,PCycling,NoLicence,Straight Ahead,1.0,2 Metropolitan,2,1,Wednesday,peak,60,T-Junction,Straight road,Slope,Dry,Not Raining,Daylight,Side Swipe,Give Way Sign
2017-525-15/08/2019,2,1,Driver,Male,51.0,Driver,Not Thrown Out,NotFatal,Worn,Medium,Full,Stopped on Carriageway,1.0,2 Metropolitan,2,1,Wednesday,off-peak,70,Divided Road,Straight road,Slope,Dry,Not Raining,Daylight,Rear End,No Control
2017-530-15/08/2019,1,1,Driver,Male,61.0,Driver,Not Thrown Out,NotFatal,Unknown,Medium,Full,Straight Ahead,1.0,3 Country,2,1,Wednesday,peak,110,Divided Road,Straight road,Level,Dry,Not Raining,Daylight,Hit Fixed Object,No Control
2017-538-15/08/2019,1,1,Rider,Male,52.0,NotApplicable,NotApplicable,NotFatal,NotWorn,PCycling,NoLicence,Straight Ahead,1.0,2 Metropolitan,2,1,Thursday,off-peak,50,Cross Road,Straight road,Level,Dry,Not Raining,Daylight,Right Angle,Roundabout
2017-540-15/08/2019,2,1,Rider,Male,36.0,NotApplicable,NotApplicable,NotFatal,NotWorn,MCycling,NoLicence,Straight Ahead,1.0,2 Metropolitan,2,1,Thursday,off-peak,60,Divided Road,Straight road,Level,Dry,Not Raining,Daylight,Side Swipe,No Control
2017-542-15/08/2019,2,1,Rider,Male,49.0,NotApplicable,NotApplicable,NotFatal,NotWorn,PCycling,NoLicence,Straight Ahead,1.0,2 Metropolitan,2,1,Thursday,peak,50,T-Junction,Straight road,Level,Dry,Not Raining,Daylight,Right Turn,No Control
2017-543-15/08/2019,1,1,Passenger,Male,19.0,Front Seat Left Passenger,Not Thrown Out,NotFatal,NotWorn,MCycling,NoLicence,Straight Ahead,2.0,2 Metropolitan,2,1,Thursday,peak,60,Divided Road,Straight road,Level,Dry,Not Raining,Daylight,Right Angle,No Control
2017-546-15/08/2019,1,1,Rider,Female,51.0,NotApplicable,NotApplicable,NotFatal,NotWorn,PCycling,NoLicence,Straight Ahead,1.0,2 Metropolitan,2,1,Tuesday,peak,40,Cross Road,Straight road,Level,Dry,Not Raining,Daylight,Right Angle,Roundabout
2017-548-15/08/2019,1,1,Driver,Male,75.0,Driver,Not Thrown Out,NotFatal,Worn,Medium,Full,Straight Ahead,2.0,3 Country,1,2,Thursday,peak,110,Not Divided,Straight road,Level,Dry,Not Raining,Daylight,Roll Over,No Control
2017-548-15/08/2019,1,2,Passenger,Male,42.0,Rear Seat Middle Passenger,Not Thrown Out,NotFatal,NotWorn,Medium,NoLicence,Straight Ahead,2.0,3 Country,1,2,Thursday,peak,110,Not Divided,Straight road,Level,Dry,Not Raining,Daylight,Roll Over,No Control
2017-550-15/08/2019,1,1,Rider,Male,49.0,NotApplicable,NotApplicable,NotFatal,NotWorn,MCycling,NoLicence,Overtaking - on Right,1.0,3 Country,2,1,Sunday,off-peak,100,Not Divided,Straight road,Level,Dry,Not Raining,Daylight,Rear End,No Control
2017-554-15/08/2019,1,1,Driver,Male,43.0,Driver,Not Thrown Out,NotFatal,Worn,Small,Full,Stopped on Carriageway,1.0,2 Metropolitan,2,1,Thursday,off-peak,60,Divided Road,Straight road,Level,Dry,Not Raining,Daylight,Rear End,No Control
2017-555-15/08/2019,1,1,Driver,Male,28.0,Driver,Not Thrown Out,NotFatal,Worn,Small,Full,Swerving,1.0,2 Metropolitan,1,1,Wednesday,off-peak,80,Not Divided,"CURVED, VIEW OPEN",Bottom of Hill,Dry,Not Raining,Daylight,Left Road - Out of Control,No Control
2017-556-15/08/2019,1,1,Driver,Female,48.0,Driver,Not Thrown Out,NotFatal,Worn,Medium,Full,Straight Ahead,3.0,3 Country,2,2,Thursday,off-peak,50,Cross Road,Straight road,Level,Dry,Not Raining,Daylight,Right Angle,Stop Sign
2017-556-15/08/2019,2,1,Driver,Female,49.0,Driver,Not Thrown Out,NotFatal,Worn,Medium,Unknown,Straight Ahead,1.0,3 Country,2,2,Thursday,off-peak,50,Cross Road,Straight road,Level,Dry,Not Raining,Daylight,Right Angle,Stop Sign
2017-562-15/08/2019,1,1,Driver,Male,51.0,Driver,Not Thrown Out,NotFatal,NotWorn,Medium,Full,UnParking - Parallel,1.0,2 Metropolitan,3,2,Thursday,off-peak,60,Divided Road,Straight road,Level,Dry,Not Raining,Daylight,Side Swipe,No Control
2017-562-15/08/2019,2,1,Driver,Male,39.88915925490854,Driver,Not Thrown Out,NotFatal,Worn,Utility,Full,Straight Ahead,1.0,2 Metropolitan,3,2,Thursday,off-peak,60,Divided Road,Straight road,Level,Dry,Not Raining,Daylight,Side Swipe,No Control
2017-564-15/08/2019,2,1,Driver,Female,62.0,Driver,Not Thrown Out,NotFatal,Worn,Small,Full,U Turn,2.0,2 Metropolitan,2,1,Thursday,off-peak,50,Not Divided,Straight road,Level,Dry,Not Raining,Daylight,Side Swipe,No Control
2017-566-15/08/2019,1,1,Rider,Male,21.0,NotApplicable,NotApplicable,NotFatal,NotWorn,MCycling,NoLicence,Straight Ahead,1.0,2 Metropolitan,2,1,Tuesday,off-peak,100,Not Divided,"CURVED, VIEW OBSCURED",Slope,Dry,Not Raining,Night,Hit Object on Road,No Control
2017-569-15/08/2019,1,1,Rider,Male,29.0,NotApplicable,NotApplicable,NotFatal,NotWorn,PCycling,NoLicence,Straight Ahead,1.0,2 Metropolitan,2,1,Thursday,off-peak,60,T-Junction,Straight road,Level,Dry,Not Raining,Night,Right Angle,Give Way Sign
2017-572-15/08/2019,3,1,Passenger,Female,24.0,Front Seat Left Passenger,Not Thrown Out,NotFatal,NotWorn,Medium,NoLicence,Straight Ahead,2.0,2 Metropolitan,3,1,Thursday,off-peak,60,Not Divided,Straight road,Level,Wet,Raining,Night,Rear End,No Control
2017-574-15/08/2019,1,1,Driver,Female,19.0,Driver,Not Thrown Out,NotFatal,Worn,Small,Provisional 2,Straight Ahead,1.0,3 Country,3,1,Thursday,off-peak,50,Not Divided,Straight road,Level,Dry,Not Raining,Daylight,Hit Parked Vehicle,No Control
2017-577-15/08/2019,2,1,Rider,Female,67.0,NotApplicable,NotApplicable,NotFatal,NotWorn,PCycling,NoLicence,Swerving,1.0,2 Metropolitan,3,1,Thursday,peak,60,Divided Road,Straight road,Level,Dry,Not Raining,Daylight,Side Swipe,No Control
2017-581-15/08/2019,2,1,Rider,Male,38.0,NotApplicable,NotApplicable,NotFatal,NotWorn,PCycling,NoLicence,Straight Ahead,1.0,2 Metropolitan,2,1,Friday,peak,60,Cross Road,Straight road,Level,Dry,Not Raining,Daylight,Side Swipe,Give Way Sign
2017-587-15/08/2019,1,1,Passenger,Female,39.88915925490854,Front Seat Left Passenger,Not Thrown Out,NotFatal,NotWorn,Medium,NoLicence,Straight Ahead,2.0,2 Metropolitan,3,1,Friday,off-peak,80,Not Divided,Straight road,Bottom of Hill,Dry,Not Raining,Daylight,Rear End,No Control
2017-592-15/08/2019,1,1,Driver,Male,52.0,Driver,Not Thrown Out,NotFatal,Worn,Medium,Full,Straight Ahead,1.0,2 Metropolitan,2,1,Thursday,off-peak,60,Cross Road,Straight road,Level,Wet,Raining,Night,Right Angle,Traffic Signals
2017-594-15/08/2019,1,1,Rider,Male,59.0,NotApplicable,NotApplicable,NotFatal,NotWorn,MCycling,NoLicence,Left Turn,1.0,2 Metropolitan,2,1,Thursday,off-peak,60,T-Junction,Straight road,Level,Dry,Not Raining,Daylight,Rear End,No Control
2017-598-15/08/2019,2,1,Driver,Male,70.0,Driver,Not Thrown Out,NotFatal,Worn,Small,Full,Straight Ahead,1.0,2 Metropolitan,3,3,Thursday,off-peak,90,Not Divided,"CURVED, VIEW OPEN",Level,Wet,Raining,Night,Head On,No Control
2017-598-15/08/2019,3,1,Driver,Male,31.0,Driver,Not Thrown Out,NotFatal,Worn,Small,Full,Straight Ahead,2.0,2 Metropolitan,3,3,Thursday,off-peak,90,Not Divided,"CURVED, VIEW OPEN",Level,Wet,Raining,Night,Head On,No Control
2017-598-15/08/2019,3,2,Passenger,Female,32.0,Front Seat Left Passenger,Not Thrown Out,NotFatal,NotWorn,Small,NoLicence,Straight Ahead,2.0,2 Metropolitan,3,3,Thursday,off-peak,90,Not Divided,"CURVED, VIEW OPEN",Level,Wet,Raining,Night,Head On,No Control
2017-600-15/08/2019,1,1,Passenger,Female,10.0,Rear Seat Right Passenger,Not Thrown Out,NotFatal,NotWorn,Medium,NoLicence,Straight Ahead,4.0,2 Metropolitan,2,2,Thursday,off-peak,60,Divided Road,"CURVED, VIEW OPEN",Slope,Wet,Raining,Night,Hit Fixed Object,No Control