REPORT_ID,UND_UNIT_NUMBER,CASUALTY_NUMBER,cas_type,cas_gender,cas_age,cas_pos_in_veh,thrown_out,fatality,seat_belt,unit_type,lic_type,unit_movement,n_occupants,stat_area,total_units,cas_total,day,time,area_speed,acc_pos,hor_align,ver_align,moist_cond,wea_cond,dayNight,crash_type,traf_ctrls
2017-2430-15/08/2019,1,1,Driver,Female,51.0,Driver,Not Thrown Out,NotFatal,Worn,Medium,Full,Stopped on Carriageway,1.0,2 Metropolitan,2,1,Saturday,off-peak,60,Divided Road,Straight road,Level,Dry,Not Raining,Daylight,Rear End,No Control
2017-2431-15/08/2019,1,1,Rider,Male,23.0,NotApplicable,NotApplicable,NotFatal,NotWorn,MCycling,NoLicence,Straight Ahead,1.0,2 Metropolitan,3,1,Saturday,off-peak,60,Not Divided,"CURVED, VIEW OBSCURED",Slope,Dry,Not Raining,Daylight,Hit Object on Road,No Control
2017-2434-15/08/2019,2,1,Driver,Female,41.0,Driver,Not Thrown Out,NotFatal,Worn,Small,Full,Straight Ahead,1.0,3 Country,2,1,Saturday,off-peak,50,Not Divided,"CURVED, VIEW OPEN",Slope,Wet,Unknown,Daylight,Rear End,No Control
2017-2454-15/08/2019,1,1,Driver,Female,85.0,Driver,Not Thrown Out,NotFatal,Worn,Small,Full,Right Turn,1.0,2 Metropolitan,2,1,Sunday,off-peak,70,T-Junction,Straight road,Crest of Hill,Wet,Raining,Daylight,Right Angle,No Control
2017-2458-15/08/2019,1,1,Driver,Male,26.0,Driver,Not Thrown Out,NotFatal,Worn,Small,Full,Left Turn,2.0,3 Country,2,2,Sunday,peak,50,Not Divided,Straight road,Level,Dry,Not Raining,Daylight,Hit Parked Vehicle,No Control
2017-2458-15/08/2019,1,2,Passenger,Male,27.0,Front Seat Left Passenger,Not Thrown Out,NotFatal,NotWorn,Small,NoLicence,Left Turn,2.0,3 Country,2,2,Sunday,peak,50,Not Divided,Straight road,Level,Dry,Not Raining,Daylight,Hit Parked Vehicle,No Control
2017-2459-15/08/2019,2,1,Driver,Female,31.0,Driver,Not Thrown Out,NotFatal,Worn,Medium,Full,Stopped on Carriageway,1.0,2 Metropolitan,2,1,Sunday,peak,60,T-Junction,Straight road,Level,Wet,Raining,Daylight,Rear End,No Control
2017-2461-15/08/2019,1,1,Passenger,Female,55.0,Rear Seat Left Passenger,Not Thrown Out,NotFatal,NotWorn,Medium,NoLicence,Stopped on Carriageway,5.0,2 Metropolitan,2,4,Sunday,peak,50,T-Junction,Straight road,Level,Wet,Raining,Daylight,Rear End,No Control
2017-2461-15/08/2019,1,2,Passenger,Female,58.0,Front Seat Left Passenger,Not Thrown Out,NotFatal,NotWorn,Medium,NoLicence,Stopped on Carriageway,5.0,2 Metropolitan,2,4,Sunday,peak,50,T-Junction,Straight road,Level,Wet,Raining,Daylight,Rear End,No Control
2017-2461-15/08/2019,1,3,Passenger,Male,36.0,Rear Seat Middle Passenger,Not Thrown Out,NotFatal,NotWorn,Medium,NoLicence,Stopped on Carriageway,5.0,2 Metropolitan,2,4,Sunday,peak,50,T-Junction,Straight road,Level,Wet,Raining,Daylight,Rear End,No Control
2017-2461-15/08/2019,1,4,Passenger,Female,77.0,Rear Seat Right Passenger,Not Thrown Out,NotFatal,NotWorn,Medium,NoLicence,Stopped on Carriageway,5.0,2 Metropolitan,2,4,Sunday,peak,50,T-Junction,Straight road,Level,Wet,Raining,Daylight,Rear End,No Control
2017-2464-15/08/2019,1,1,Driver,Male,37.0,Driver,Not Thrown Out,NotFatal,Worn,Small,Full,Straight Ahead,1.0,2 Metropolitan,2,1,Sunday,off-peak,40,Cross Road,Straight road,Level,Dry,Not Raining,Night,Right Angle,Traffic Signals
2017-2467-15/08/2019,1,1,Passenger,Female,17.0,Front Seat Left Passenger,Not Thrown Out,NotFatal,NotWorn,Small,NoLicence,Right Turn,2.0,1 City,2,1,Sunday,off-peak,60,T-Junction,Straight road,Slope,Dry,Not Raining,Daylight,Right Turn,Traffic Signals
2017-2468-15/08/2019,1,1,Driver,Male,40.0,Driver,Not Thrown Out,NotFatal,Worn,Small,Full,Straight Ahead,1.0,2 Metropolitan,2,1,Monday,off-peak,60,Divided Road,Straight road,Level,Dry,Not Raining,Daylight,Hit Fixed Object,No Control
2017-2471-15/08/2019,1,1,Rider,Male,63.0,NotApplicable,NotApplicable,NotFatal,NotWorn,PCycling,NoLicence,Left Turn,1.0,2 Metropolitan,2,1,Monday,off-peak,50,T-Junction,Straight road,Slope,Dry,Not Raining,Daylight,Hit Fixed Object,No Control
2017-2476-15/08/2019,1,1,Driver,Male,49.0,Driver,Not Thrown Out,NotFatal,Worn,Utility,Full,Right Turn,1.0,2 Metropolitan,2,1,Monday,off-peak,60,T-Junction,Straight road,Level,Dry,Not Raining,Daylight,Right Angle,No Control
2017-2479-15/08/2019,1,1,Rider,Male,58.0,NotApplicable,NotApplicable,NotFatal,NotWorn,MCycling,NoLicence,Straight Ahead,1.0,2 Metropolitan,2,1,Wednesday,peak,60,Cross Road,Straight road,Level,Dry,Not Raining,Daylight,Rear End,Traffic Signals
2017-2487-15/08/2019,1,1,Driver,Male,86.0,Driver,Not Thrown Out,NotFatal,Worn,Small,Unknown,Right Turn,3.0,2 Metropolitan,2,6,Monday,off-peak,90,T-Junction,Straight road,Level,Dry,Not Raining,Daylight,Right Angle,Give Way Sign
2017-2487-15/08/2019,1,2,Passenger,Female,98.0,Front Seat Left Passenger,Not Thrown Out,NotFatal,NotWorn,Small,NoLicence,Right Turn,3.0,2 Metropolitan,2,6,Monday,off-peak,90,T-Junction,Straight road,Level,Dry,Not Raining,Daylight,Right Angle,Give Way Sign
2017-2487-15/08/2019,1,3,Passenger,Female,83.0,Rear Seat Right Passenger,Not Thrown Out,NotFatal,NotWorn,Small,NoLicence,Right Turn,3.0,2 Metropolitan,2,6,Monday,off-peak,90,T-Junction,Straight road,Level,Dry,Not Raining,Daylight,Right Angle,Give Way Sign
2017-2487-15/08/2019,2,1,Driver,Male,23.0,Driver,Not Thrown Out,NotFatal,Worn,Small,Full,Straight Ahead,3.0,2 Metropolitan,2,6,Monday,off-peak,90,T-Junction,Straight road,Level,Dry,Not Raining,Daylight,Right Angle,Give Way Sign
2017-2487-15/08/2019,2,2,Passenger,Female,23.0,Front Seat Left Passenger,Not Thrown Out,NotFatal,NotWorn,Small,NoLicence,Straight Ahead,3.0,2 Metropolitan,2,6,Monday,off-peak,90,T-Junction,Straight road,Level,Dry,Not Raining,Daylight,Right Angle,Give Way Sign
2017-2487-15/08/2019,2,3,Passenger,Male,39.88915925490854,Rear Seat Right Passenger,Not Thrown Out,NotFatal,NotWorn,Small,NoLicence,Straight Ahead,3.0,2 Metropolitan,2,6,Monday,off-peak,90,T-Junction,Straight road,Level,Dry,Not Raining,Daylight,Right Angle,Give Way Sign
2017-2491-15/08/2019,1,1,Driver,Male,45.0,Driver,Not Thrown Out,NotFatal,Unknown,Utility,Full,Straight Ahead,1.0,2 Metropolitan,2,1,Tuesday,off-peak,60,Not Divided,Straight road,Bottom of Hill,Dry,Not Raining,Night,Hit Fixed Object,No Control
2017-2492-15/08/2019,1,1,Driver,Male,22.0,Driver,Not Thrown Out,NotFatal,Worn,Small,Full,Straight Ahead,2.0,3 Country,2,2,Tuesday,off-peak,110,Not Divided,Straight road,Level,Dry,Not Raining,Night,Hit Fixed Object,No Control
2017-2492-15/08/2019,1,2,Passenger,Male,25.0,Front Seat Left Passenger,Not Thrown Out,NotFatal,NotWorn,Small,NoLicence,Straight Ahead,2.0,3 Country,2,2,Tuesday,off-peak,110,Not Divided,Straight road,Level,Dry,Not Raining,Night,Hit Fixed Object,No Control
2017-2493-15/08/2019,1,1,Driver,Male,89.0,Driver,Not Thrown Out,NotFatal,Worn,Small,Full,Right Turn,1.0,3 Country,2,2,Monday,off-peak,50,T-Junction,Straight road,Level,Dry,Not Raining,Daylight,Right Angle,No Control
2017-2493-15/08/2019,2,1,Driver,Female,36.0,Driver,Not Thrown Out,NotFatal,Worn,Small,Full,Straight Ahead,5.0,3 Country,2,2,Monday,off-peak,50,T-Junction,Straight road,Level,Dry,Not Raining,Daylight,Right Angle,No Control
2017-2496-15/08/2019,2,1,Rider,Male,34.0,NotApplicable,NotApplicable,NotFatal,NotWorn,MCycling,NoLicence,Straight Ahead,1.0,2 Metropolitan,2,1,Tuesday,off-peak,50,T-Junction,Straight road,Level,Dry,Not Raining,Night,Right Angle,Give Way Sign
2017-2497-15/08/2019,1,1,Rider,Male,18.0,NotApplicable,NotApplicable,NotFatal,NotWorn,PCycling,NoLicence,Straight Ahead,1.0,2 Metropolitan,2,1,Monday,off-peak,50,T-Junction,Straight road,Slope,Dry,Not Raining,Daylight,Hit Fixed Object,Give Way Sign
2017-2498-15/08/2019,3,1,Driver,Male,50.0,Driver,Not Thrown Out,NotFatal,Worn,Medium,Full,Stopped on Carriageway,1.0,2 Metropolitan,3,1,Tuesday,peak,60,Divided Road,Straight road,Level,Dry,Not Raining,Daylight,Rear End,No Control
2017-2500-15/08/2019,2,1,Rider,Male,39.0,NotApplicable,NotApplicable,NotFatal,NotWorn,MCycling,NoLicence,Straight Ahead,2.0,2 Metropolitan,2,2,Tuesday,peak,60,T-Junction,Straight road,Level,Dry,Not Raining,Daylight,Right Turn,Traffic Signals
2017-2500-15/08/2019,2,2,Passenger,Male,10.0,Passenger of Motorcycle,Thrown Out,NotFatal,NotWorn,MCycling,NoLicence,Straight Ahead,2.0,2 Metropolitan,2,2,Tuesday,peak,60,T-Junction,Straight road,Level,Dry,Not Raining,Daylight,Right Turn,Traffic Signals
2017-2503-15/08/2019,1,1,Driver,Female,74.0,Driver,Not Thrown Out,NotFatal,Worn,Small,Full,Right Turn,1.0,2 Metropolitan,5,2,Tuesday,off-peak,50,T-Junction,Straight road,Level,Dry,Not Raining,Daylight,Right Angle,No Control
2017-2503-15/08/2019,2,1,Driver,Female,39.0,Driver,Not Thrown Out,NotFatal,Worn,Small,Full,Straight Ahead,2.0,2 Metropolitan,5,2,Tuesday,off-peak,50,T-Junction,Straight road,Level,Dry,Not Raining,Daylight,Right Angle,No Control
2017-2504-15/08/2019,1,1,Driver,Female,14.0,Driver,Not Thrown Out,NotFatal,Worn,Medium,Unlicenced,Left Turn,3.0,1 City,5,3,Tuesday,off-peak,40,T-Junction,Straight road,Level,Dry,Not Raining,Daylight,Hit Fixed Object,No Control
2017-2504-15/08/2019,1,2,Passenger,Female,15.0,Rear Seat Left Passenger,Not Thrown Out,NotFatal,NotWorn,Medium,NoLicence,Left Turn,3.0,1 City,5,3,Tuesday,off-peak,40,T-Junction,Straight road,Level,Dry,Not Raining,Daylight,Hit Fixed Object,No Control
2017-2504-15/08/2019,1,3,Passenger,Male,12.0,Front Seat Left Passenger,Not Thrown Out,NotFatal,NotWorn,Medium,NoLicence,Left Turn,3.0,1 City,5,3,Tuesday,off-peak,40,T-Junction,Straight road,Level,Dry,Not Raining,Daylight,Hit Fixed Object,No Control
2017-2505-15/08/2019,1,1,Rider,Male,29.0,NotApplicable,NotApplicable,NotFatal,NotWorn,MCycling,NoLicence,Left Turn,1.0,2 Metropolitan,1,1,Tuesday,off-peak,60,T-Junction,Straight road,Level,Dry,Not Raining,Daylight,Other,Roundabout
2017-2506-15/08/2019,1,1,Driver,Female,52.0,Driver,Not Thrown Out,NotFatal,Worn,Small,Full,Overtaking - on Right,1.0,2 Metropolitan,3,1,Tuesday,off-peak,50,Not Divided,Straight road,Level,Dry,Not Raining,Daylight,Hit Fixed Object,No Control
2017-2507-15/08/2019,1,1,Rider,Male,20.0,NotApplicable,NotApplicable,NotFatal,NotWorn,MCycling,NoLicence,Straight Ahead,1.0,2 Metropolitan,1,1,Tuesday,off-peak,50,Cross Road,Straight road,Level,Dry,Not Raining,Daylight,Roll Over,Roundabout
2017-2513-15/08/2019,2,1,Driver,Male,84.0,Driver,Not Thrown Out,NotFatal,Worn,Small,Full,Right Turn,2.0,2 Metropolitan,2,2,Tuesday,off-peak,60,Cross Road,Straight road,Level,Dry,Not Raining,Daylight,Right Turn,Traffic Signals
2017-2513-15/08/2019,2,2,Passenger,Female,78.0,Front Seat Left Passenger,Not Thrown Out,NotFatal,NotWorn,Small,NoLicence,Right Turn,2.0,2 Metropolitan,2,2,Tuesday,off-peak,60,Cross Road,Straight road,Level,Dry,Not Raining,Daylight,Right Turn,Traffic Signals
2017-2516-15/08/2019,1,1,Driver,Male,24.0,Driver,Not Thrown Out,NotFatal,Worn,Small,Full,Stopped on Carriageway,1.0,2 Metropolitan,2,1,Monday,off-peak,60,Cross Road,Straight road,Level,Dry,Not Raining,Night,Rear End,Traffic Signals
2017-2518-15/08/2019,2,1,Rider,Male,9.0,NotApplicable,NotApplicable,NotFatal,NotWorn,PCycling,NoLicence,Straight Ahead,1.0,2 Metropolitan,2,1,Monday,peak,50,Not Divided,Straight road,Level,Dry,Not Raining,Daylight,Right Angle,No Control
2017-2522-15/08/2019,1,1,Driver,Male,39.0,Driver,Not Thrown Out,NotFatal,Worn,Small,Unknown,Stopped on Carriageway,1.0,2 Metropolitan,2,1,Tuesday,off-peak,60,Divided Road,Straight road,Level,Dry,Not Raining,Daylight,Side Swipe,No Control
2017-2523-15/08/2019,1,1,Driver,Male,22.0,Driver,Not Thrown Out,NotFatal,Worn,Small,Provisional 1 ,Stopped on Carriageway,2.0,2 Metropolitan,3,1,Tuesday,off-peak,50,T-Junction,Straight road,Level,Dry,Not Raining,Daylight,Rear End,No Control
2017-2524-15/08/2019,1,1,Driver,Female,87.0,Driver,Not Thrown Out,NotFatal,Worn,Small,Full,UnParking - Parallel,1.0,3 Country,4,1,Tuesday,off-peak,50,Not Divided,Straight road,Slope,Dry,Not Raining,Daylight,Hit Parked Vehicle,No Control
2017-2525-15/08/2019,1,1,Driver,Female,58.0,Driver,Not Thrown Out,NotFatal,Worn,Medium,Full,Right Turn,1.0,2 Metropolitan,2,1,Tuesday,off-peak,60,T-Junction,Straight road,Level,Dry,Not Raining,Daylight,Right Angle,No Control
2017-2526-15/08/2019,2,1,Rider,Male,12.0,NotApplicable,NotApplicable,NotFatal,NotWorn,PCycling,NoLicence,Straight Ahead,1.0,2 Metropolitan,2,1,Tuesday,peak,50,Not Divided,Straight road,Level,Dry,Not Raining,Daylight,Right Angle,No Control
2017-2529-15/08/2019,1,1,Passenger,Male,39.88915925490854,Other,Not Thrown Out,NotFatal,NotWorn,Small,NoLicence,Straight Ahead,5.0,2 Metropolitan,2,1,Sunday,peak,80,Cross Road,Straight road,Level,Wet,Raining,Daylight,Rear End,Traffic Signals
2017-2534-15/08/2019,1,1,Driver,Male,23.0,Driver,Not Thrown Out,NotFatal,Worn,Small,Probationary,Straight Ahead,1.0,2 Metropolitan,2,1,Tuesday,off-peak,60,Divided Road,Straight road,Level,Dry,Not Raining,Daylight,Hit Fixed Object,No Control
2017-2536-15/08/2019,1,1,Driver,Female,34.0,Driver,Not Thrown Out,NotFatal,Worn,Small,Full,Straight Ahead,1.0,2 Metropolitan,2,1,Tuesday,off-peak,50,Not Divided,Straight road,Level,Dry,Not Raining,Daylight,Hit Parked Vehicle,No Control
2017-2538-15/08/2019,1,1,Driver,Male,73.0,Driver,Not Thrown Out,NotFatal,Worn,Small,Full,Leaving Private Driveway,1.0,2 Metropolitan,3,2,Tuesday,peak,60,Not Divided,Straight road,Level,Dry,Not Raining,Daylight,Right Angle,No Control
2017-2538-15/08/2019,2,1,Driver,Male,57.0,Driver,Not Thrown Out,NotFatal,Worn,Utility,Full,Straight Ahead,1.0,2 Metropolitan,3,2,Tuesday,peak,60,Not Divided,Straight road,Level,Dry,Not Raining,Daylight,Right Angle,No Control
2017-2539-15/08/2019,1,1,Passenger,Male,21.0,Front Seat Left Passenger,Not Thrown Out,NotFatal,NotWorn,Small,NoLicence,Stopped on Carriageway,2.0,2 Metropolitan,2,1,Tuesday,off-peak,60,Cross Road,Straight road,Level,Dry,Not Raining,Night,Rear End,Traffic Signals
2017-2542-15/08/2019,1,1,Driver,Female,45.0,Driver,Not Thrown Out,NotFatal,Worn,Medium,Full,Straight Ahead,1.0,2 Metropolitan,4,2,Wednesday,off-peak,60,Divided Road,Straight road,Level,Dry,Not Raining,Night,Rear End,No Control
2017-2542-15/08/2019,3,1,Driver,Male,20.0,Driver,Not Thrown Out,NotFatal,Worn,Small,Probationary,Stopped on Carriageway,1.0,2 Metropolitan,4,2,Wednesday,off-peak,60,Divided Road,Straight road,Level,Dry,Not Raining,Night,Rear End,No Control
2017-2544-15/08/2019,3,1,Driver,Female,38.0,Driver,Not Thrown Out,NotFatal,Worn,Medium,Full,Stopped on Carriageway,1.0,2 Metropolitan,3,1,Wednesday,peak,80,Cross Road,Straight road,Level,Dry,Not Raining,Daylight,Rear End,Traffic Signals
2017-2549-15/08/2019,1,1,Rider,Male,61.0,NotApplicable,NotApplicable,NotFatal,NotWorn,MCycling,NoLicence,Straight Ahead,1.0,3 Country,1,1,Monday,off-peak,80,Not Divided,"CURVED, VIEW OBSCURED",Slope,Dry,Not Raining,Daylight,Roll Over,No Control
2017-2550-15/08/2019,2,1,Driver,Female,30.0,Driver,Not Thrown Out,NotFatal,Worn,Medium,Full,Straight Ahead,3.0,2 Metropolitan,2,2,Wednesday,peak,50,T-Junction,"CURVED, VIEW OPEN",Level,Dry,Not Raining,Daylight,Right Angle,No Control
2017-2550-15/08/2019,2,2,Passenger,Female,1.0,Rear Seat Left Passenger,Not Thrown Out,NotFatal,NotWorn,Medium,NoLicence,Straight Ahead,3.0,2 Metropolitan,2,2,Wednesday,peak,50,T-Junction,"CURVED, VIEW OPEN",Level,Dry,Not Raining,Daylight,Right Angle,No Control
2017-2551-15/08/2019,1,1,Driver,Female,30.0,Driver,Not Thrown Out,NotFatal,Worn,Small,Full,Stopped on Carriageway,1.0,2 Metropolitan,2,1,Tuesday,peak,60,Cross Road,Straight road,Level,Dry,Not Raining,Daylight,Rear End,Traffic Signals
2017-2552-15/08/2019,1,1,Driver,Male,39.88915925490854,Driver,Not Thrown Out,NotFatal,Worn,Small,Full,Stopped on Carriageway,1.0,2 Metropolitan,2,1,Wednesday,peak,60,Cross Road,Straight road,Level,Dry,Not Raining,Daylight,Rear End,Stop Sign
2017-2553-15/08/2019,1,1,Driver,Female,48.0,Driver,Not Thrown Out,NotFatal,Worn,Small,Full,Right Turn,1.0,2 Metropolitan,2,1,Wednesday,off-peak,60,T-Junction,Straight road,Level,Dry,Not Raining,Daylight,Right Angle,Stop Sign
2017-2555-15/08/2019,1,1,Rider,Male,67.0,NotApplicable,NotApplicable,NotFatal,NotWorn,PCycling,NoLicence,Right Turn,1.0,3 Country,2,1,Wednesday,off-peak,50,T-Junction,Straight road,Slope,Dry,Not Raining,Daylight,Hit Fixed Object,No Control
2017-2556-15/08/2019,1,1,Driver,Female,51.0,Driver,Not Thrown Out,NotFatal,Worn,Medium,Full,Stopped on Carriageway,1.0,2 Metropolitan,3,2,Wednesday,off-peak,80,Cross Road,Straight road,Level,Dry,Not Raining,Daylight,Rear End,Traffic Signals
2017-2556-15/08/2019,2,1,Driver,Female,47.0,Driver,Not Thrown Out,NotFatal,Worn,Small,Full,Straight Ahead,1.0,2 Metropolitan,3,2,Wednesday,off-peak,80,Cross Road,Straight road,Level,Dry,Not Raining,Daylight,Rear End,Traffic Signals
2017-2562-15/08/2019,2,1,Driver,Female,36.0,Driver,Not Thrown Out,NotFatal,Worn,Small,Full,Straight Ahead,2.0,2 Metropolitan,2,1,Monday,off-peak,60,T-Junction,Straight road,Level,Dry,Not Raining,Daylight,Rear End,Traffic Signals
2017-2565-15/08/2019,1,1,Driver,Male,56.0,Driver,Not Thrown Out,NotFatal,Unknown,Utility,Full,Straight Ahead,1.0,2 Metropolitan,2,1,Tuesday,off-peak,60,Divided Road,Straight road,Level,Dry,Not Raining,Daylight,Hit Fixed Object,No Control
2017-2567-15/08/2019,2,1,Driver,Female,29.0,Driver,Not Thrown Out,NotFatal,Worn,Medium,Full,Right Turn,1.0,2 Metropolitan,2,1,Wednesday,off-peak,60,Cross Road,"CURVED, VIEW OPEN",Level,Dry,Not Raining,Daylight,Right Angle,Traffic Signals
2017-2570-15/08/2019,2,1,Passenger,Male,10.0,Rear Seat Right Passenger,Not Thrown Out,NotFatal,NotWorn,Medium,NoLicence,Stopped on Carriageway,6.0,2 Metropolitan,4,1,Wednesday,peak,60,T-Junction,Straight road,Level,Dry,Not Raining,Daylight,Rear End,No Control
2017-2574-15/08/2019,1,1,Driver,Male,50.0,Driver,Not Thrown Out,NotFatal,Worn,Small,Full,Stopped on Carriageway,1.0,1 City,2,1,Wednesday,peak,50,Cross Road,Straight road,Level,Dry,Not Raining,Daylight,Rear End,Traffic Signals
2017-2576-15/08/2019,1,1,Driver,Female,32.0,Driver,Not Thrown Out,NotFatal,Worn,Small,Full,Straight Ahead,2.0,3 Country,2,1,Wednesday,peak,100,Not Divided,Straight road,Level,Dry,Not Raining,Daylight,Hit Fixed Object,No Control
2017-2577-15/08/2019,2,1,Driver,Male,43.0,Driver,Not Thrown Out,NotFatal,Unknown,Small,Full,Straight Ahead,1.0,2 Metropolitan,2,1,Wednesday,off-peak,90,Cross Road,"CURVED, VIEW OPEN",Level,Dry,Not Raining,Night,Right Angle,Give Way Sign
2017-2580-15/08/2019,1,1,Driver,Male,38.0,Driver,Not Thrown Out,NotFatal,Worn,Utility,Full,Straight Ahead,1.0,2 Metropolitan,3,1,Tuesday,off-peak,50,Not Divided,Straight road,Slope,Dry,Not Raining,Night,Hit Parked Vehicle,No Control
2017-2581-15/08/2019,1,1,Rider,Male,85.0,NotApplicable,NotApplicable,NotFatal,NotWorn,MCycling,NoLicence,Right Turn,1.0,2 Metropolitan,1,1,Wednesday,off-peak,80,T-Junction,Straight road,Bottom of Hill,Dry,Not Raining,Daylight,Roll Over,No Control
2017-2584-15/08/2019,3,1,Driver,Male,27.0,Driver,Not Thrown Out,NotFatal,Worn,Small,Full,Stopped on Carriageway,1.0,2 Metropolitan,3,1,Thursday,off-peak,60,T-Junction,Straight road,Level,Dry,Not Raining,Daylight,Right Turn,Stop Sign
2017-2586-15/08/2019,1,1,Driver,Female,44.0,Driver,Not Thrown Out,NotFatal,Worn,Small,Full,Stopped on Carriageway,1.0,2 Metropolitan,2,1,Wednesday,peak,60,Cross Road,Straight road,Slope,Dry,Not Raining,Daylight,Rear End,Stop Sign
2017-2589-15/08/2019,1,1,Rider,Male,59.0,NotApplicable,NotApplicable,NotFatal,NotWorn,MCycling,NoLicence,Entering Private Driveway,1.0,3 Country,2,1,Thursday,off-peak,100,Not Divided,Straight road,Level,Dry,Not Raining,Daylight,Hit Animal,No Control
2017-2592-15/08/2019,1,1,Rider,Male,39.88915925490854,NotApplicable,NotApplicable,NotFatal,NotWorn,MCycling,NoLicence,Straight Ahead,1.0,2 Metropolitan,1,1,Monday,off-peak,50,Divided Road,"CURVED, VIEW OPEN",Level,Wet,Raining,Daylight,Roll Over,No Control
2017-2593-15/08/2019,1,1,Driver,Male,54.0,Driver,Not Thrown Out,NotFatal,Unknown,Other Defined Special Vehicle,Full,Straight Ahead,1.0,3 Country,1,1,Thursday,off-peak,100,Not Divided,Straight road,Level,Dry,Not Raining,Daylight,Roll Over,No Control
2017-2594-15/08/2019,1,1,Driver,Male,55.0,Driver,Not Thrown Out,NotFatal,Worn,Utility,Full,Straight Ahead,1.0,3 Country,2,1,Wednesday,peak,110,Not Divided,"CURVED, VIEW OPEN",Level,Dry,Not Raining,Daylight,Hit Fixed Object,No Control
2017-2595-15/08/2019,2,1,Driver,Female,39.88915925490854,Driver,Not Thrown Out,NotFatal,Worn,Small,Full,Straight Ahead,1.0,2 Metropolitan,2,1,Thursday,off-peak,50,T-Junction,Straight road,Level,Dry,Not Raining,Daylight,Right Angle,No Control
2017-2597-15/08/2019,1,1,Driver,Male,61.0,Driver,Not Thrown Out,NotFatal,Worn,Utility,Full,Stopped on Carriageway,2.0,2 Metropolitan,2,1,Wednesday,off-peak,60,Divided Road,Straight road,Level,Dry,Not Raining,Daylight,Rear End,No Control
2017-2607-15/08/2019,2,1,Driver,Female,72.0,Driver,Not Thrown Out,NotFatal,Worn,Small,Full,Straight Ahead,2.0,2 Metropolitan,2,2,Thursday,off-peak,60,Cross Road,Straight road,Level,Dry,Not Raining,Daylight,Rear End,Traffic Signals
2017-2607-15/08/2019,2,2,Passenger,Male,79.0,Front Seat Left Passenger,Not Thrown Out,NotFatal,NotWorn,Small,NoLicence,Straight Ahead,2.0,2 Metropolitan,2,2,Thursday,off-peak,60,Cross Road,Straight road,Level,Dry,Not Raining,Daylight,Rear End,Traffic Signals
2017-2608-15/08/2019,1,1,Rider,Male,53.0,NotApplicable,NotApplicable,NotFatal,NotWorn,PCycling,NoLicence,Straight Ahead,1.0,3 Country,2,1,Thursday,off-peak,50,Not Divided,Straight road,Level,Dry,Not Raining,Daylight,Side Swipe,No Control
2017-2610-15/08/2019,2,1,Driver,Female,18.0,Driver,Not Thrown Out,NotFatal,Worn,Small,Provisional 2,Straight Ahead,1.0,2 Metropolitan,2,1,Thursday,peak,60,Not Divided,Straight road,Level,Dry,Not Raining,Daylight,Rear End,No Control
2017-2616-15/08/2019,2,1,Rider,Female,20.0,NotApplicable,NotApplicable,NotFatal,NotWorn,PCycling,NoLicence,Straight Ahead,1.0,1 City,2,1,Wednesday,peak,60,T-Junction,Straight road,Level,Dry,Not Raining,Daylight,Right Angle,No Control
2017-2618-15/08/2019,2,1,Pedestrian,Female,13.0,NotApplicable,NotApplicable,NotFatal,NotWorn,Pedestrian on Road,NoLicence,Crossing without Control,1.0,3 Country,2,1,Thursday,off-peak,50,Not Divided,Straight road,Level,Dry,Not Raining,Daylight,Hit Pedestrian,No Control
2017-2620-15/08/2019,1,1,Driver,Male,26.0,Driver,Not Thrown Out,NotFatal,Worn,Small,Full,Straight Ahead,3.0,2 Metropolitan,2,3,Friday,off-peak,80,Divided Road,Straight road,Level,Dry,Not Raining,Night,Hit Fixed Object,No Control
2017-2620-15/08/2019,1,2,Passenger,Male,27.0,Rear Seat Right Passenger,Not Thrown Out,NotFatal,NotWorn,Small,NoLicence,Straight Ahead,3.0,2 Metropolitan,2,3,Friday,off-peak,80,Divided Road,Straight road,Level,Dry,Not Raining,Night,Hit Fixed Object,No Control
2017-2620-15/08/2019,1,3,Passenger,Male,27.0,Front Seat Left Passenger,Not Thrown Out,NotFatal,NotWorn,Small,NoLicence,Straight Ahead,3.0,2 Metropolitan,2,3,Friday,off-peak,80,Divided Road,Straight road,Level,Dry,Not Raining,Night,Hit Fixed Object,No Control
2017-2623-15/08/2019,1,1,Driver,Female,60.0,Driver,Not Thrown Out,NotFatal,Worn,Small,Full,Right Turn,1.0,2 Metropolitan,2,1,Friday,off-peak,60,Cross Road,Straight road,Level,Dry,Not Raining,Daylight,Right Turn,Traffic Signals
2017-2624-15/08/2019,1,1,Driver,Female,40.0,Driver,Not Thrown Out,NotFatal,Worn,Medium,Full,Stopped on Carriageway,1.0,2 Metropolitan,2,1,Thursday,peak,60,Divided Road,Straight road,Level,Dry,Not Raining,Daylight,Rear End,No Control
2017-2626-15/08/2019,1,1,Driver,Female,20.0,Driver,Not Thrown Out,NotFatal,Worn,Small,Provisional 2,Stopped on Carriageway,1.0,2 Metropolitan,2,1,Thursday,off-peak,60,T-Junction,Straight road,Level,Dry,Not Raining,Daylight,Rear End,Traffic Signals
2017-2629-15/08/2019,1,1,Driver,Female,39.0,Driver,Not Thrown Out,NotFatal,Worn,Small,Full,Right Turn,3.0,3 Country,2,2,Thursday,off-peak,80,T-Junction,Straight road,Level,Dry,Not Raining,Daylight,Hit Fixed Object,No Control
2017-2629-15/08/2019,1,2,Passenger,Female,50.0,Front Seat Left Passenger,Not Thrown Out,NotFatal,NotWorn,Small,NoLicence,Right Turn,3.0,3 Country,2,2,Thursday,off-peak,80,T-Junction,Straight road,Level,Dry,Not Raining,Daylight,Hit Fixed Object,No Control