REPORT_ID,UND_UNIT_NUMBER,CASUALTY_NUMBER,cas_type,cas_gender,cas_age,cas_pos_in_veh,thrown_out,fatality,seat_belt,unit_type,lic_type,unit_movement,n_occupants,stat_area,total_units,cas_total,day,time,area_speed,acc_pos,hor_align,ver_align,moist_cond,wea_cond,dayNight,crash_type,traf_ctrls
2017-3936-15/08/2019,1,1,Rider,Male,53.0,NotApplicable,NotApplicable,NotFatal,NotWorn,PCycling,NoLicence,Straight Ahead,1.0,2 Metropolitan,2,1,Saturday,peak,80,Not Divided,Straight road,Slope,Dry,Not Raining,Daylight,Roll Over,No Control
2017-3938-15/08/2019,1,1,Driver,Male,32.0,Driver,Not Thrown Out,NotFatal,Worn,Utility,Full,Right Turn,4.0,2 Metropolitan,2,3,Saturday,off-peak,100,Cross Road,"CURVED, VIEW OPEN",Level,Dry,Not Raining,Daylight,Side Swipe,Give Way Sign
2017-3938-15/08/2019,1,2,Passenger,Female,31.0,Front Seat Left Passenger,Not Thrown Out,NotFatal,NotWorn,Utility,NoLicence,Right Turn,4.0,2 Metropolitan,2,3,Saturday,off-peak,100,Cross Road,"CURVED, VIEW OPEN",Level,Dry,Not Raining,Daylight,Side Swipe,Give Way Sign
2017-3938-15/08/2019,2,1,Driver,Female,19.0,Driver,Not Thrown Out,NotFatal,Worn,Utility,Provisional 2,Overtaking - on Right,1.0,2 Metropolitan,2,3,Saturday,off-peak,100,Cross Road,"CURVED, VIEW OPEN",Level,Dry,Not Raining,Daylight,Side Swipe,Give Way Sign
2017-3939-15/08/2019,1,1,Driver,Female,29.0,Driver,Not Thrown Out,NotFatal,Worn,Small,Full,Straight Ahead,2.0,2 Metropolitan,2,2,Saturday,off-peak,60,Cross Road,Straight road,Level,Dry,Not Raining,Daylight,Right Turn,Traffic Signals
2017-3939-15/08/2019,1,2,Passenger,Female,28.0,Front Seat Left Passenger,Not Thrown Out,NotFatal,NotWorn,Small,NoLicence,Straight Ahead,2.0,2 Metropolitan,2,2,Saturday,off-peak,60,Cross Road,Straight road,Level,Dry,Not Raining,Daylight,Right Turn,Traffic Signals
2017-3945-15/08/2019,1,1,Driver,Female,31.0,Driver,Not Thrown Out,NotFatal,Worn,Small,Full,Straight Ahead,2.0,2 Metropolitan,2,1,Saturday,off-peak,50,Not Divided,Straight road,Level,Dry,Not Raining,Daylight,Right Angle,No Control
2017-3948-15/08/2019,1,1,Rider,Male,22.0,NotApplicable,NotApplicable,NotFatal,NotWorn,MCycling,NoLicence,Left Turn,1.0,3 Country,1,1,Saturday,off-peak,80,Cross Road,"CURVED, VIEW OBSCURED",Crest of Hill,Dry,Not Raining,Daylight,Roll Over,Give Way Sign
2017-3954-15/08/2019,1,1,Driver,Male,21.0,Driver,Not Thrown Out,NotFatal,Unknown,Small,Full,Straight Ahead,1.0,2 Metropolitan,1,1,Saturday,off-peak,100,Not Divided,"CURVED, VIEW OPEN",Crest of Hill,Dry,Not Raining,Daylight,Roll Over,No Control
2017-3961-15/08/2019,1,1,Driver,Male,31.0,Driver,Not Thrown Out,NotFatal,Worn,Small,Full,Straight Ahead,1.0,3 Country,2,1,Sunday,off-peak,100,Not Divided,Straight road,Level,Dry,Not Raining,Night,Hit Fixed Object,No Control
2017-3965-15/08/2019,1,1,Passenger,Female,39.88915925490854,Front Seat Left Passenger,Not Thrown Out,NotFatal,NotWorn,Utility,NoLicence,Straight Ahead,3.0,3 Country,2,2,Sunday,off-peak,110,Not Divided,Straight road,Slope,Dry,Not Raining,Daylight,Rear End,No Control
2017-3965-15/08/2019,2,1,Passenger,Female,82.0,Front Seat Left Passenger,Not Thrown Out,NotFatal,NotWorn,Medium,NoLicence,Straight Ahead,2.0,3 Country,2,2,Sunday,off-peak,110,Not Divided,Straight road,Slope,Dry,Not Raining,Daylight,Rear End,No Control
2017-3968-15/08/2019,1,1,Driver,Female,49.0,Driver,Not Thrown Out,NotFatal,Worn,Small,Full,Straight Ahead,1.0,1 City,2,1,Saturday,off-peak,50,Cross Road,Straight road,Level,Dry,Not Raining,Daylight,Hit Fixed Object,Traffic Signals
2017-3970-15/08/2019,1,1,Passenger,Male,47.0,Front Seat Left Passenger,Not Thrown Out,NotFatal,NotWorn,Medium,NoLicence,Swerving,2.0,3 Country,1,1,Friday,peak,100,Not Divided,Straight road,Level,Dry,Not Raining,Daylight,Left Road - Out of Control,No Control
2017-3972-15/08/2019,1,1,Rider,Male,53.0,NotApplicable,NotApplicable,NotFatal,NotWorn,MCycling,NoLicence,Straight Ahead,1.0,2 Metropolitan,2,1,Sunday,off-peak,70,Not Divided,"CURVED, VIEW OPEN",Level,Dry,Not Raining,Daylight,Hit Fixed Object,No Control
2017-3974-15/08/2019,1,1,Rider,Male,58.0,NotApplicable,NotApplicable,NotFatal,NotWorn,MCycling,NoLicence,Straight Ahead,1.0,3 Country,1,1,Sunday,off-peak,50,Not Divided,"CURVED, VIEW OBSCURED",Slope,Dry,Not Raining,Daylight,Roll Over,No Control
2017-3975-15/08/2019,1,1,Driver,Male,44.0,Driver,Not Thrown Out,NotFatal,Unknown,Small,Full,Right Turn,1.0,2 Metropolitan,1,1,Friday,peak,80,T-Junction,Straight road,Bottom of Hill,Dry,Not Raining,Daylight,Left Road - Out of Control,Traffic Signals
2017-3983-15/08/2019,1,1,Driver,Male,35.0,Driver,Not Thrown Out,NotFatal,NotWorn,Small,Unlicenced,Straight Ahead,1.0,2 Metropolitan,2,1,Monday,off-peak,60,Divided Road,"CURVED, VIEW OPEN",Level,Wet,Not Raining,Night,Hit Fixed Object,No Control
2017-3984-15/08/2019,1,1,Passenger,Female,15.0,Front Seat Left Passenger,Not Thrown Out,NotFatal,NotWorn,Small,NoLicence,Straight Ahead,2.0,2 Metropolitan,2,1,Monday,off-peak,50,Not Divided,"CURVED, VIEW OPEN",Slope,Wet,Unknown,Night,Hit Fixed Object,No Control
2017-3985-15/08/2019,1,1,Driver,Female,53.0,Driver,Not Thrown Out,NotFatal,Worn,Small,Full,Straight Ahead,1.0,2 Metropolitan,2,1,Monday,off-peak,80,Not Divided,Straight road,Bottom of Hill,Wet,Not Raining,Daylight,Hit Fixed Object,No Control
2017-3986-15/08/2019,1,1,Driver,Female,38.0,Driver,Not Thrown Out,NotFatal,Worn,Utility,Full,Straight Ahead,3.0,2 Metropolitan,2,2,Monday,peak,60,Cross Road,Straight road,Level,Wet,Not Raining,Daylight,Right Turn,Traffic Signals
2017-3986-15/08/2019,2,1,Driver,Male,50.0,Driver,Not Thrown Out,NotFatal,Worn,Utility,Full,Right Turn,1.0,2 Metropolitan,2,2,Monday,peak,60,Cross Road,Straight road,Level,Wet,Not Raining,Daylight,Right Turn,Traffic Signals
2017-3989-15/08/2019,1,1,Driver,Female,50.0,Driver,Not Thrown Out,NotFatal,Worn,Medium,Full,Straight Ahead,1.0,2 Metropolitan,2,1,Monday,off-peak,70,Not Divided,Straight road,Level,Dry,Not Raining,Daylight,Hit Fixed Object,No Control
2017-3992-15/08/2019,1,1,Driver,Male,67.0,Driver,Not Thrown Out,NotFatal,Worn,Small,Full,U Turn,1.0,3 Country,2,1,Monday,off-peak,50,Divided Road,Straight road,Level,Dry,Not Raining,Daylight,Side Swipe,No Control
2017-3993-15/08/2019,1,1,Driver,Male,56.0,Driver,Not Thrown Out,NotFatal,Worn,Medium,Full,Stopped on Carriageway,1.0,2 Metropolitan,3,1,Tuesday,peak,70,Cross Road,Straight road,Level,Dry,Not Raining,Daylight,Rear End,Traffic Signals
2017-3994-15/08/2019,1,1,Driver,Female,55.0,Driver,Thrown Out,NotFatal,Unknown,Small,Full,Stopped on Carriageway,1.0,2 Metropolitan,3,1,Saturday,peak,80,Cross Road,Straight road,Level,Dry,Not Raining,Daylight,Rear End,Traffic Signals
2017-3995-15/08/2019,2,1,Driver,Female,85.0,Driver,Not Thrown Out,Fatal,Worn,Small,Full,Straight Ahead,1.0,2 Metropolitan,3,1,Monday,off-peak,60,Cross Road,Straight road,Level,Wet,Raining,Daylight,Side Swipe,Traffic Signals
2017-3996-15/08/2019,1,1,Driver,Male,74.0,Driver,Not Thrown Out,NotFatal,Worn,Medium,Full,Straight Ahead,1.0,2 Metropolitan,2,1,Monday,off-peak,60,T-Junction,Straight road,Level,Wet,Raining,Daylight,Hit Fixed Object,Stop Sign
2017-4000-15/08/2019,1,1,Driver,Female,28.0,Driver,Not Thrown Out,NotFatal,Worn,Medium,Full,Straight Ahead,1.0,3 Country,3,1,Sunday,peak,110,Divided Road,Straight road,Level,Dry,Not Raining,Daylight,Hit Fixed Object,No Control
2017-4005-15/08/2019,2,1,Driver,Female,32.0,Driver,Not Thrown Out,NotFatal,Worn,Medium,Full,Stopped on Carriageway,1.0,2 Metropolitan,2,1,Monday,peak,60,T-Junction,Straight road,Level,Wet,Raining,Daylight,Rear End,Stop Sign
2017-4012-15/08/2019,3,1,Driver,Female,30.0,Driver,Not Thrown Out,NotFatal,Worn,Small,Full,Stopped on Carriageway,3.0,2 Metropolitan,4,3,Monday,off-peak,80,Divided Road,Straight road,Level,Wet,Raining,Night,Rear End,No Control
2017-4012-15/08/2019,3,2,Passenger,Male,11.0,Front Seat Left Passenger,Not Thrown Out,NotFatal,NotWorn,Small,NoLicence,Stopped on Carriageway,3.0,2 Metropolitan,4,3,Monday,off-peak,80,Divided Road,Straight road,Level,Wet,Raining,Night,Rear End,No Control
2017-4012-15/08/2019,3,3,Passenger,Female,10.0,Rear Seat Left Passenger,Not Thrown Out,NotFatal,NotWorn,Small,NoLicence,Stopped on Carriageway,3.0,2 Metropolitan,4,3,Monday,off-peak,80,Divided Road,Straight road,Level,Wet,Raining,Night,Rear End,No Control
2017-4013-15/08/2019,1,1,Driver,Female,22.0,Driver,Not Thrown Out,NotFatal,Worn,Medium,Provisional 1 ,Straight Ahead,4.0,2 Metropolitan,3,4,Monday,off-peak,80,Divided Road,Straight road,Level,Wet,Raining,Night,Rear End,No Control
2017-4013-15/08/2019,1,2,Passenger,Female,4.0,Rear Seat Right Passenger,Not Thrown Out,NotFatal,NotWorn,Medium,NoLicence,Straight Ahead,4.0,2 Metropolitan,3,4,Monday,off-peak,80,Divided Road,Straight road,Level,Wet,Raining,Night,Rear End,No Control
2017-4013-15/08/2019,1,3,Passenger,Male,1.0,Rear Seat Left Passenger,Not Thrown Out,NotFatal,NotWorn,Medium,NoLicence,Straight Ahead,4.0,2 Metropolitan,3,4,Monday,off-peak,80,Divided Road,Straight road,Level,Wet,Raining,Night,Rear End,No Control
2017-4013-15/08/2019,1,4,Passenger,Male,2.0,Rear Seat Middle Passenger,Not Thrown Out,NotFatal,NotWorn,Medium,NoLicence,Straight Ahead,4.0,2 Metropolitan,3,4,Monday,off-peak,80,Divided Road,Straight road,Level,Wet,Raining,Night,Rear End,No Control
2017-4022-15/08/2019,2,1,Pedestrian,Male,32.0,NotApplicable,NotApplicable,NotFatal,NotWorn,Pedestrian on Road,NoLicence,Alighted from Parked Vehicle,1.0,2 Metropolitan,2,1,Monday,off-peak,60,Divided Road,Straight road,Level,Dry,Not Raining,Daylight,Hit Pedestrian,No Control
2017-4025-15/08/2019,1,1,Driver,Male,39.0,Driver,Not Thrown Out,NotFatal,Worn,Medium,Unlicenced,Left Turn,4.0,3 Country,2,2,Thursday,off-peak,100,T-Junction,"CURVED, VIEW OPEN",Slope,Dry,Not Raining,Night,Rear End,No Control
2017-4025-15/08/2019,1,2,Passenger,Female,32.0,Rear Seat Left Passenger,Not Thrown Out,NotFatal,NotWorn,Medium,NoLicence,Left Turn,4.0,3 Country,2,2,Thursday,off-peak,100,T-Junction,"CURVED, VIEW OPEN",Slope,Dry,Not Raining,Night,Rear End,No Control
2017-4027-15/08/2019,1,1,Passenger,Female,7.0,Rear Seat Right Passenger,Not Thrown Out,NotFatal,NotWorn,Small,NoLicence,Stopped on Carriageway,3.0,2 Metropolitan,2,1,Monday,off-peak,60,Cross Road,Straight road,Level,Dry,Not Raining,Daylight,Rear End,Traffic Signals
2017-4035-15/08/2019,1,1,Passenger,Male,8.0,Rear Seat Left Passenger,Not Thrown Out,NotFatal,NotWorn,Medium,NoLicence,U Turn,4.0,3 Country,2,1,Tuesday,off-peak,100,Not Divided,Straight road,Slope,Dry,Not Raining,Daylight,Side Swipe,No Control
2017-4041-15/08/2019,1,1,Driver,Female,81.0,Driver,Not Thrown Out,NotFatal,Worn,Small,Full,Right Turn,1.0,2 Metropolitan,2,3,Monday,peak,80,Cross Road,Straight road,Level,Wet,Raining,Night,Right Turn,Traffic Signals
2017-4041-15/08/2019,2,1,Driver,Male,81.0,Driver,Not Thrown Out,NotFatal,Worn,Small,Full,Straight Ahead,2.0,2 Metropolitan,2,3,Monday,peak,80,Cross Road,Straight road,Level,Wet,Raining,Night,Right Turn,Traffic Signals
2017-4041-15/08/2019,2,2,Passenger,Female,67.0,Front Seat Left Passenger,Not Thrown Out,NotFatal,NotWorn,Small,NoLicence,Straight Ahead,2.0,2 Metropolitan,2,3,Monday,peak,80,Cross Road,Straight road,Level,Wet,Raining,Night,Right Turn,Traffic Signals
2017-4049-15/08/2019,1,1,Driver,Female,82.0,Driver,Not Thrown Out,Fatal,Worn,Medium,Full,Straight Ahead,1.0,3 Country,3,1,Tuesday,off-peak,60,Multiple,Straight road,Level,Dry,Not Raining,Daylight,Hit Fixed Object,No Control
2017-4059-15/08/2019,2,1,Rider,Male,16.0,NotApplicable,NotApplicable,NotFatal,NotWorn,PCycling,NoLicence,Stopped on Carriageway,1.0,2 Metropolitan,2,1,Wednesday,peak,60,T-Junction,Straight road,Slope,Dry,Not Raining,Daylight,Rear End,Give Way Sign
2017-4064-15/08/2019,1,1,Driver,Male,31.0,Driver,Not Thrown Out,Fatal,Worn,Small,Provisional 1 ,Straight Ahead,1.0,2 Metropolitan,3,2,Wednesday,off-peak,110,Divided Road,"CURVED, VIEW OBSCURED",Level,Wet,Raining,Night,Head On,No Control
2017-4064-15/08/2019,2,1,Driver,Male,56.0,Driver,Not Thrown Out,Fatal,Worn,Utility,Full,Straight Ahead,1.0,2 Metropolitan,3,2,Wednesday,off-peak,110,Divided Road,"CURVED, VIEW OBSCURED",Level,Wet,Raining,Night,Head On,No Control
2017-4065-15/08/2019,3,1,Driver,Male,60.0,Driver,Not Thrown Out,NotFatal,Worn,Medium,Full,Stopped on Carriageway,2.0,2 Metropolitan,3,1,Wednesday,off-peak,60,Divided Road,Straight road,Level,Dry,Not Raining,Daylight,Side Swipe,No Control
2017-4066-15/08/2019,1,1,Driver,Male,35.0,Driver,Not Thrown Out,NotFatal,Worn,Small,Full,Straight Ahead,1.0,2 Metropolitan,2,2,Tuesday,off-peak,80,Freeway,Straight road,Level,Dry,Not Raining,Night,Rear End,No Control
2017-4066-15/08/2019,2,1,Driver,Male,20.0,Driver,Not Thrown Out,NotFatal,Worn,Small,Provisional 2,Straight Ahead,1.0,2 Metropolitan,2,2,Tuesday,off-peak,80,Freeway,Straight road,Level,Dry,Not Raining,Night,Rear End,No Control
2017-4068-15/08/2019,1,1,Rider,Male,63.0,NotApplicable,NotApplicable,NotFatal,NotWorn,PCycling,NoLicence,Swerving,1.0,2 Metropolitan,2,1,Wednesday,off-peak,60,Not Divided,Straight road,Slope,Dry,Not Raining,Daylight,Side Swipe,No Control
2017-4069-15/08/2019,2,1,Passenger,Female,10.0,Rear Seat Right Passenger,Not Thrown Out,NotFatal,NotWorn,Medium,NoLicence,Stopped on Carriageway,4.0,2 Metropolitan,3,2,Wednesday,off-peak,80,Divided Road,Straight road,Level,Dry,Not Raining,Daylight,Rear End,No Control
2017-4069-15/08/2019,2,2,Passenger,Female,39.88915925490854,Rear Seat Middle Passenger,Not Thrown Out,NotFatal,NotWorn,Medium,NoLicence,Stopped on Carriageway,4.0,2 Metropolitan,3,2,Wednesday,off-peak,80,Divided Road,Straight road,Level,Dry,Not Raining,Daylight,Rear End,No Control
2017-4072-15/08/2019,1,1,Passenger,Female,43.0,Passenger of Motorcycle,Thrown Out,NotFatal,NotWorn,PCycling,NoLicence,Left Turn,2.0,2 Metropolitan,2,1,Wednesday,off-peak,80,Cross Road,"CURVED, VIEW OPEN",Level,Dry,Not Raining,Daylight,Hit Fixed Object,Traffic Signals
2017-4073-15/08/2019,1,1,Driver,Male,77.0,Driver,Not Thrown Out,NotFatal,Worn,Small,Full,Straight Ahead,1.0,2 Metropolitan,2,1,Wednesday,off-peak,60,Not Divided,Straight road,Level,Dry,Not Raining,Daylight,Hit Parked Vehicle,No Control
2017-4074-15/08/2019,1,1,Driver,Male,50.0,Driver,Not Thrown Out,NotFatal,Worn,Medium,Full,Straight Ahead,1.0,2 Metropolitan,2,2,Wednesday,peak,50,T-Junction,Straight road,Level,Dry,Not Raining,Daylight,Right Angle,No Control
2017-4074-15/08/2019,2,1,Driver,Female,54.0,Driver,Not Thrown Out,NotFatal,Worn,Small,Full,Right Turn,1.0,2 Metropolitan,2,2,Wednesday,peak,50,T-Junction,Straight road,Level,Dry,Not Raining,Daylight,Right Angle,No Control
2017-4077-15/08/2019,2,1,Driver,Female,24.0,Driver,Not Thrown Out,NotFatal,Worn,Small,Full,Stopped on Carriageway,1.0,2 Metropolitan,2,1,Wednesday,peak,60,T-Junction,Straight road,Level,Dry,Not Raining,Daylight,Rear End,Traffic Signals
2017-4081-15/08/2019,1,1,Driver,Male,20.0,Driver,Not Thrown Out,NotFatal,Unknown,Small,Provisional 2,Straight Ahead,1.0,2 Metropolitan,2,1,Wednesday,off-peak,80,Not Divided,"CURVED, VIEW OPEN",Slope,Dry,Not Raining,Daylight,Hit Fixed Object,No Control
2017-4082-15/08/2019,1,1,Passenger,Male,29.0,Front Seat Left Passenger,Thrown Out,NotFatal,NotWorn,Utility,NoLicence,Straight Ahead,2.0,2 Metropolitan,3,1,Wednesday,peak,60,Not Divided,Straight road,Slope,Dry,Not Raining,Daylight,Hit Parked Vehicle,No Control
2017-4083-15/08/2019,1,1,Pedestrian,Male,22.0,NotApplicable,NotApplicable,NotFatal,NotWorn,Pedestrian on Road,NoLicence,Crossing without Control,1.0,2 Metropolitan,2,1,Wednesday,off-peak,60,Divided Road,Straight road,Level,Dry,Not Raining,Night,Hit Pedestrian,No Control
2017-4090-15/08/2019,1,1,Rider,Male,57.0,NotApplicable,NotApplicable,NotFatal,NotWorn,PCycling,NoLicence,Straight Ahead,1.0,2 Metropolitan,1,1,Thursday,off-peak,60,T-Junction,Straight road,Bottom of Hill,Dry,Not Raining,Night,Roll Over,No Control
2017-4098-15/08/2019,1,1,Driver,Male,73.0,Driver,Not Thrown Out,NotFatal,Worn,Utility,Full,Straight Ahead,1.0,2 Metropolitan,2,1,Thursday,off-peak,60,T-Junction,Straight road,Level,Wet,Raining,Daylight,Hit Fixed Object,No Control
2017-4100-15/08/2019,2,1,Rider,Male,52.0,NotApplicable,NotApplicable,NotFatal,NotWorn,PCycling,NoLicence,Swerving,1.0,2 Metropolitan,2,1,Thursday,off-peak,70,Not Divided,Straight road,Level,Dry,Not Raining,Daylight,Side Swipe,No Control
2017-4101-15/08/2019,2,1,Driver,Female,60.0,Driver,Not Thrown Out,NotFatal,Worn,Small,Full,Right Turn,1.0,2 Metropolitan,2,1,Thursday,off-peak,60,Multiple,Straight road,Level,Dry,Not Raining,Daylight,Right Turn,Traffic Signals
2017-4103-15/08/2019,2,1,Driver,Female,18.0,Driver,Not Thrown Out,NotFatal,Worn,Small,Provisional 2,Straight Ahead,1.0,2 Metropolitan,2,1,Thursday,off-peak,70,T-Junction,Straight road,Level,Dry,Not Raining,Daylight,Right Angle,No Control
2017-4104-15/08/2019,2,1,Pedestrian,Female,89.0,NotApplicable,NotApplicable,NotFatal,NotWorn,Pedestrian on Road,NoLicence,Crossing without Control,1.0,2 Metropolitan,2,1,Thursday,off-peak,60,T-Junction,Straight road,Level,Dry,Not Raining,Daylight,Hit Pedestrian,No Control
2017-4105-15/08/2019,1,1,Driver,Male,58.0,Driver,Not Thrown Out,NotFatal,Worn,Medium,Full,Straight Ahead,1.0,2 Metropolitan,2,1,Wednesday,off-peak,60,T-Junction,Straight road,Level,Dry,Not Raining,Night,Right Angle,Stop Sign
2017-4106-15/08/2019,2,1,Passenger,Female,17.0,Front Seat Left Passenger,Not Thrown Out,NotFatal,NotWorn,Medium,NoLicence,Straight Ahead,2.0,3 Country,3,1,Thursday,off-peak,50,Not Divided,Straight road,Level,Dry,Not Raining,Daylight,Right Angle,No Control
2017-4108-15/08/2019,1,1,Driver,Male,56.0,Driver,Not Thrown Out,NotFatal,Worn,Medium,Full,Straight Ahead,1.0,2 Metropolitan,2,1,Wednesday,off-peak,60,T-Junction,Straight road,Level,Dry,Not Raining,Daylight,Right Angle,No Control
2017-4110-15/08/2019,1,1,Driver,Female,44.0,Driver,Not Thrown Out,NotFatal,Worn,Small,Full,Straight Ahead,1.0,2 Metropolitan,2,1,Thursday,off-peak,60,T-Junction,Straight road,Level,Wet,Raining,Daylight,Side Swipe,Traffic Signals
2017-4111-15/08/2019,1,1,Driver,Male,30.0,Driver,Not Thrown Out,NotFatal,Worn,Small,Full,Right Turn,1.0,2 Metropolitan,2,1,Thursday,off-peak,60,T-Junction,Straight road,Level,Dry,Not Raining,Daylight,Right Angle,No Control
2017-4112-15/08/2019,1,1,Pedestrian,Male,39.88915925490854,NotApplicable,NotApplicable,NotFatal,NotWorn,Pedestrian on Road,NoLicence,Crossing with Traffic Signals,1.0,2 Metropolitan,2,1,Wednesday,peak,60,Cross Road,Straight road,Level,Dry,Not Raining,Daylight,Hit Pedestrian,Traffic Signals
2017-4114-15/08/2019,2,1,Pedestrian,Female,63.0,NotApplicable,NotApplicable,NotFatal,NotWorn,Pedestrian on Road,NoLicence,Crossing without Control,1.0,2 Metropolitan,2,1,Thursday,off-peak,60,T-Junction,Straight road,Level,Dry,Not Raining,Daylight,Hit Pedestrian,No Control
2017-4120-15/08/2019,3,1,Passenger,Male,3.0,Rear Seat Left Passenger,Not Thrown Out,NotFatal,NotWorn,Small,NoLicence,Stopped on Carriageway,2.0,2 Metropolitan,3,1,Thursday,off-peak,60,T-Junction,Straight road,Level,Wet,Raining,Night,Right Turn,Traffic Signals
2017-4131-15/08/2019,1,1,Driver,Male,23.0,Driver,Not Thrown Out,NotFatal,Worn,Small,Full,Stopped on Carriageway,1.0,2 Metropolitan,2,1,Friday,off-peak,80,Cross Road,Straight road,Level,Wet,Raining,Daylight,Rear End,Traffic Signals
2017-4134-15/08/2019,2,1,Rider,Male,47.0,NotApplicable,NotApplicable,NotFatal,NotWorn,PCycling,NoLicence,Straight Ahead,1.0,1 City,2,1,Friday,peak,50,Cross Road,Straight road,Level,Wet,Raining,Daylight,Side Swipe,Traffic Signals
2017-4136-15/08/2019,1,1,Rider,Male,41.0,NotApplicable,NotApplicable,NotFatal,NotWorn,PCycling,NoLicence,Straight Ahead,1.0,2 Metropolitan,1,1,Thursday,off-peak,60,Divided Road,Straight road,Slope,Dry,Not Raining,Daylight,Roll Over,No Control
2017-4141-15/08/2019,1,1,Passenger,Female,9.0,Rear Seat Right Passenger,Not Thrown Out,NotFatal,NotWorn,Small,NoLicence,Stopped on Carriageway,5.0,2 Metropolitan,2,1,Friday,off-peak,60,Cross Road,Straight road,Level,Wet,Raining,Daylight,Rear End,Traffic Signals
2017-4152-15/08/2019,1,1,Driver,Female,48.0,Driver,Not Thrown Out,NotFatal,Worn,Small,Full,Straight Ahead,2.0,2 Metropolitan,2,1,Friday,off-peak,50,Cross Road,Straight road,Level,Dry,Not Raining,Night,Right Angle,Give Way Sign
2017-4158-15/08/2019,3,1,Driver,Male,64.0,Driver,Not Thrown Out,NotFatal,Worn,Medium,Full,Stopped on Carriageway,4.0,2 Metropolitan,3,4,Friday,off-peak,60,Divided Road,Straight road,Level,Dry,Not Raining,Daylight,Rear End,No Control
2017-4158-15/08/2019,3,2,Passenger,Female,28.0,Rear Seat Left Passenger,Not Thrown Out,NotFatal,NotWorn,Medium,NoLicence,Stopped on Carriageway,4.0,2 Metropolitan,3,4,Friday,off-peak,60,Divided Road,Straight road,Level,Dry,Not Raining,Daylight,Rear End,No Control
2017-4158-15/08/2019,3,3,Passenger,Female,61.0,Front Seat Left Passenger,Not Thrown Out,NotFatal,NotWorn,Medium,NoLicence,Stopped on Carriageway,4.0,2 Metropolitan,3,4,Friday,off-peak,60,Divided Road,Straight road,Level,Dry,Not Raining,Daylight,Rear End,No Control
2017-4158-15/08/2019,3,4,Passenger,Male,1.0,Rear Seat Right Passenger,Not Thrown Out,NotFatal,NotWorn,Medium,NoLicence,Stopped on Carriageway,4.0,2 Metropolitan,3,4,Friday,off-peak,60,Divided Road,Straight road,Level,Dry,Not Raining,Daylight,Rear End,No Control
2017-4164-15/08/2019,1,1,Rider,Male,65.0,NotApplicable,NotApplicable,NotFatal,NotWorn,PCycling,NoLicence,Straight Ahead,1.0,1 City,2,1,Tuesday,off-peak,50,Cross Road,Straight road,Level,Dry,Not Raining,Daylight,Hit Object on Road,Traffic Signals
2017-4173-15/08/2019,1,1,Driver,Female,24.0,Driver,Not Thrown Out,NotFatal,Worn,Small,Provisional 2,Straight Ahead,3.0,2 Metropolitan,2,1,Friday,off-peak,80,Not Divided,"CURVED, VIEW OBSCURED",Slope,Wet,Raining,Night,Roll Over,No Control
2017-4175-15/08/2019,1,1,Driver,Male,22.0,Driver,Not Thrown Out,NotFatal,Worn,Small,Full,Straight Ahead,2.0,2 Metropolitan,2,2,Saturday,off-peak,60,Cross Road,Straight road,Level,Dry,Not Raining,Night,Right Turn,Traffic Signals
2017-4175-15/08/2019,1,2,Passenger,Female,23.0,Front Seat Left Passenger,Not Thrown Out,NotFatal,NotWorn,Small,NoLicence,Straight Ahead,2.0,2 Metropolitan,2,2,Saturday,off-peak,60,Cross Road,Straight road,Level,Dry,Not Raining,Night,Right Turn,Traffic Signals
2017-4176-15/08/2019,2,1,Rider,Female,45.0,NotApplicable,NotApplicable,NotFatal,NotWorn,PCycling,NoLicence,Left Turn,1.0,2 Metropolitan,2,1,Saturday,peak,50,T-Junction,Straight road,Level,Dry,Not Raining,Daylight,Side Swipe,Stop Sign
2017-4178-15/08/2019,1,1,Driver,Female,85.0,Driver,Not Thrown Out,NotFatal,Worn,Small,Full,Straight Ahead,2.0,3 Country,2,2,Saturday,off-peak,110,Not Divided,Straight road,Level,Dry,Not Raining,Night,Head On,No Control
2017-4178-15/08/2019,1,2,Passenger,Female,89.0,Front Seat Left Passenger,Not Thrown Out,NotFatal,NotWorn,Small,NoLicence,Straight Ahead,2.0,3 Country,2,2,Saturday,off-peak,110,Not Divided,Straight road,Level,Dry,Not Raining,Night,Head On,No Control
2017-4179-15/08/2019,1,1,Driver,Female,60.0,Driver,Not Thrown Out,NotFatal,Worn,Small,Full,Straight Ahead,4.0,3 Country,2,6,Saturday,off-peak,110,Not Divided,Straight road,Level,Wet,Raining,Night,Right Turn,No Control
2017-4179-15/08/2019,1,2,Passenger,Female,12.0,Rear Seat Left Passenger,Not Thrown Out,NotFatal,NotWorn,Small,NoLicence,Straight Ahead,4.0,3 Country,2,6,Saturday,off-peak,110,Not Divided,Straight road,Level,Wet,Raining,Night,Right Turn,No Control
2017-4179-15/08/2019,1,3,Passenger,Female,12.0,Front Seat Left Passenger,Not Thrown Out,NotFatal,NotWorn,Small,NoLicence,Straight Ahead,4.0,3 Country,2,6,Saturday,off-peak,110,Not Divided,Straight road,Level,Wet,Raining,Night,Right Turn,No Control
2017-4179-15/08/2019,1,4,Passenger,Female,10.0,Rear Seat Right Passenger,Not Thrown Out,NotFatal,NotWorn,Small,NoLicence,Straight Ahead,4.0,3 Country,2,6,Saturday,off-peak,110,Not Divided,Straight road,Level,Wet,Raining,Night,Right Turn,No Control