REPORT_ID,UND_UNIT_NUMBER,CASUALTY_NUMBER,cas_type,cas_gender,cas_age,cas_pos_in_veh,thrown_out,fatality,seat_belt,unit_type,lic_type,unit_movement,n_occupants,stat_area,total_units,cas_total,day,time,area_speed,acc_pos,hor_align,ver_align,moist_cond,wea_cond,dayNight,crash_type,traf_ctrls
2017-4179-15/08/2019,2,1,Driver,Female,17.0,Driver,Not Thrown Out,NotFatal,Worn,Small,Provisional 1 ,Right Turn,3.0,3 Country,2,6,Saturday,off-peak,110,Not Divided,Straight road,Level,Wet,Raining,Night,Right Turn,No Control
2017-4179-15/08/2019,2,2,Passenger,Female,15.0,Rear Seat Right Passenger,Not Thrown Out,NotFatal,NotWorn,Small,NoLicence,Right Turn,3.0,3 Country,2,6,Saturday,off-peak,110,Not Divided,Straight road,Level,Wet,Raining,Night,Right Turn,No Control
2017-4182-15/08/2019,1,1,Driver,Male,51.0,Driver,Not Thrown Out,NotFatal,Unknown,Medium,Provisional 1 ,Straight Ahead,1.0,3 Country,2,1,Saturday,off-peak,110,Not Divided,Straight road,Level,Dry,Not Raining,Night,Roll Over,No Control
2017-4183-15/08/2019,1,1,Passenger,Female,20.0,Rear Seat Left Passenger,Not Thrown Out,NotFatal,NotWorn,Small,NoLicence,Straight Ahead,4.0,2 Metropolitan,2,1,Sunday,off-peak,110,Freeway,Straight road,Level,Dry,Not Raining,Night,Roll Over,No Control
2017-4185-15/08/2019,1,1,Driver,Male,52.0,Driver,Not Thrown Out,NotFatal,Worn,Medium,Full,Straight Ahead,1.0,3 Country,2,1,Saturday,off-peak,100,Not Divided,"CURVED, VIEW OPEN",Slope,Wet,Raining,Night,Hit Fixed Object,No Control
2017-4186-15/08/2019,1,1,Passenger,Female,19.0,Front Seat Left Passenger,Not Thrown Out,NotFatal,NotWorn,Small,NoLicence,Straight Ahead,2.0,2 Metropolitan,2,2,Saturday,off-peak,60,Cross Road,Straight road,Level,Dry,Not Raining,Daylight,Right Angle,Roundabout
2017-4186-15/08/2019,2,1,Driver,Female,18.0,Driver,Not Thrown Out,NotFatal,Worn,Medium,Provisional 1 ,Straight Ahead,1.0,2 Metropolitan,2,2,Saturday,off-peak,60,Cross Road,Straight road,Level,Dry,Not Raining,Daylight,Right Angle,Roundabout
2017-4188-15/08/2019,1,1,Driver,Female,64.0,Driver,Not Thrown Out,NotFatal,Worn,Small,Full,Left Turn,1.0,2 Metropolitan,2,2,Saturday,off-peak,60,T-Junction,Straight road,Slope,Dry,Not Raining,Daylight,Rear End,No Control
2017-4188-15/08/2019,2,1,Driver,Male,41.0,Driver,Not Thrown Out,NotFatal,Worn,Small,Full,Straight Ahead,1.0,2 Metropolitan,2,2,Saturday,off-peak,60,T-Junction,Straight road,Slope,Dry,Not Raining,Daylight,Rear End,No Control
2017-4195-15/08/2019,1,1,Passenger,Female,64.0,Front Seat Left Passenger,Not Thrown Out,NotFatal,NotWorn,Medium,NoLicence,Straight Ahead,2.0,3 Country,2,1,Saturday,off-peak,60,Not Divided,Straight road,Level,Dry,Not Raining,Daylight,Rear End,No Control
2017-4200-15/08/2019,1,1,Driver,Female,39.88915925490854,Driver,Not Thrown Out,NotFatal,Worn,Medium,Full,Reversing,1.0,2 Metropolitan,2,1,Sunday,off-peak,50,Not Divided,Straight road,Level,Dry,Not Raining,Night,Hit Fixed Object,No Control
2017-4206-15/08/2019,1,1,Driver,Female,20.0,Driver,Not Thrown Out,NotFatal,Worn,Small,Provisional 1 ,Straight Ahead,1.0,2 Metropolitan,3,1,Sunday,off-peak,60,T-Junction,Straight road,Level,Dry,Not Raining,Daylight,Hit Fixed Object,No Control
2017-4207-15/08/2019,1,1,Driver,Female,63.0,Driver,Not Thrown Out,NotFatal,Worn,Medium,Full,Straight Ahead,1.0,2 Metropolitan,1,1,Sunday,peak,100,Freeway,Straight road,Level,Dry,Not Raining,Daylight,Roll Over,No Control
2017-4210-15/08/2019,1,1,Driver,Male,42.0,Driver,Not Thrown Out,NotFatal,Unknown,Small,Unlicenced,Straight Ahead,1.0,2 Metropolitan,2,1,Sunday,off-peak,50,Not Divided,Straight road,Level,Dry,Not Raining,Night,Hit Parked Vehicle,No Control
2017-4213-15/08/2019,1,1,Driver,Female,30.0,Driver,Not Thrown Out,NotFatal,Worn,Medium,Full,Straight Ahead,4.0,2 Metropolitan,2,4,Monday,peak,70,Not Divided,Straight road,Crest of Hill,Dry,Not Raining,Daylight,Hit Parked Vehicle,No Control
2017-4213-15/08/2019,1,2,Passenger,Female,7.0,Rear Seat Right Passenger,Not Thrown Out,NotFatal,NotWorn,Medium,NoLicence,Straight Ahead,4.0,2 Metropolitan,2,4,Monday,peak,70,Not Divided,Straight road,Crest of Hill,Dry,Not Raining,Daylight,Hit Parked Vehicle,No Control
2017-4213-15/08/2019,1,3,Passenger,Male,11.0,Front Seat Left Passenger,Not Thrown Out,NotFatal,NotWorn,Medium,NoLicence,Straight Ahead,4.0,2 Metropolitan,2,4,Monday,peak,70,Not Divided,Straight road,Crest of Hill,Dry,Not Raining,Daylight,Hit Parked Vehicle,No Control
2017-4213-15/08/2019,1,4,Passenger,Female,4.0,Rear Seat Left Passenger,Not Thrown Out,NotFatal,NotWorn,Medium,NoLicence,Straight Ahead,4.0,2 Metropolitan,2,4,Monday,peak,70,Not Divided,Straight road,Crest of Hill,Dry,Not Raining,Daylight,Hit Parked Vehicle,No Control
2017-4214-15/08/2019,1,1,Driver,Male,61.0,Driver,Not Thrown Out,NotFatal,Worn,Large,Unknown,Straight Ahead,1.0,3 Country,3,1,Monday,peak,110,Not Divided,"CURVED, VIEW OPEN",Unknown,Dry,Not Raining,Daylight,Hit Fixed Object,No Control
2017-4216-15/08/2019,2,1,Passenger,Female,46.0,Front Seat Left Passenger,Not Thrown Out,NotFatal,NotWorn,Small,NoLicence,Stopped on Carriageway,3.0,2 Metropolitan,4,2,Friday,off-peak,50,Other,Straight road,Level,Dry,Not Raining,Night,Rear End,Other
2017-4216-15/08/2019,2,2,Passenger,Male,1.0,Rear Seat Middle Passenger,Not Thrown Out,NotFatal,NotWorn,Small,NoLicence,Stopped on Carriageway,3.0,2 Metropolitan,4,2,Friday,off-peak,50,Other,Straight road,Level,Dry,Not Raining,Night,Rear End,Other
2017-4217-15/08/2019,1,1,Driver,Male,68.0,Driver,Not Thrown Out,NotFatal,Worn,Medium,Full,Stopped on Carriageway,1.0,2 Metropolitan,3,1,Monday,off-peak,60,T-Junction,Straight road,Level,Wet,Raining,Daylight,Rear End,Traffic Signals
2017-4219-15/08/2019,1,1,Driver,Male,39.88915925490854,Driver,Not Thrown Out,NotFatal,Worn,Large,Full,Straight Ahead,1.0,2 Metropolitan,2,1,Monday,off-peak,90,Divided Road,Straight road,Level,Wet,Raining,Daylight,Hit Fixed Object,No Control
2017-4220-15/08/2019,1,1,Driver,Female,24.0,Driver,Not Thrown Out,NotFatal,Worn,Small,Full,Straight Ahead,1.0,2 Metropolitan,2,1,Thursday,off-peak,60,Divided Road,Straight road,Level,Wet,Not Raining,Night,Rear End,No Control
2017-4230-15/08/2019,2,1,Driver,Female,48.0,Driver,Not Thrown Out,NotFatal,Unknown,Small,Full,Stopped on Carriageway,1.0,2 Metropolitan,3,2,Monday,off-peak,60,T-Junction,Straight road,Level,Dry,Not Raining,Daylight,Rear End,Traffic Signals
2017-4230-15/08/2019,3,1,Driver,Female,68.0,Driver,Not Thrown Out,NotFatal,Unknown,Small,Full,Stopped on Carriageway,1.0,2 Metropolitan,3,2,Monday,off-peak,60,T-Junction,Straight road,Level,Dry,Not Raining,Daylight,Rear End,Traffic Signals
2017-4231-15/08/2019,2,1,Rider,Male,53.0,NotApplicable,NotApplicable,NotFatal,NotWorn,MCycling,NoLicence,Straight Ahead,1.0,2 Metropolitan,2,1,Monday,off-peak,60,T-Junction,Straight road,Level,Dry,Not Raining,Daylight,Right Turn,No Control
2017-4233-15/08/2019,1,1,Driver,Female,39.0,Driver,Not Thrown Out,NotFatal,Worn,Small,Full,Straight Ahead,1.0,2 Metropolitan,2,1,Sunday,off-peak,60,Divided Road,Straight road,Slope,Dry,Not Raining,Night,Side Swipe,No Control
2017-4234-15/08/2019,1,1,Driver,Male,17.0,Driver,Not Thrown Out,NotFatal,Worn,Small,Provisional 1 ,Straight Ahead,1.0,3 Country,1,1,Thursday,off-peak,100,Not Divided,"CURVED, VIEW OBSCURED",Bottom of Hill,Wet,Raining,Night,Roll Over,No Control
2017-4236-15/08/2019,1,1,Driver,Female,30.0,Driver,Not Thrown Out,NotFatal,Worn,Small,Full,Stopped on Carriageway,1.0,2 Metropolitan,2,1,Monday,off-peak,60,Cross Road,Straight road,Level,Dry,Not Raining,Daylight,Rear End,Traffic Signals
2017-4238-15/08/2019,1,1,Driver,Male,88.0,Driver,Not Thrown Out,NotFatal,Worn,Small,Full,Straight Ahead,1.0,2 Metropolitan,2,1,Monday,peak,60,Not Divided,Straight road,Level,Dry,Not Raining,Daylight,Hit Fixed Object,No Control
2017-4240-15/08/2019,2,1,Driver,Male,40.0,Driver,Not Thrown Out,NotFatal,Worn,Medium,Full,Straight Ahead,1.0,2 Metropolitan,2,1,Monday,off-peak,50,Cross Road,Straight road,Level,Dry,Not Raining,Night,Right Angle,Give Way Sign
2017-4243-15/08/2019,3,1,Pedestrian,Female,20.0,NotApplicable,NotApplicable,NotFatal,NotWorn,Pedestrian on Road,NoLicence,Crossing without Control,1.0,2 Metropolitan,3,1,Tuesday,off-peak,60,Not Divided,Straight road,Level,Wet,Not Raining,Night,Hit Pedestrian,No Control
2017-4246-15/08/2019,2,1,Driver,Female,43.0,Driver,Not Thrown Out,NotFatal,Worn,Small,Full,Stopped on Carriageway,1.0,2 Metropolitan,3,1,Monday,peak,60,Divided Road,Straight road,Level,Dry,Not Raining,Daylight,Rear End,No Control
2017-4247-15/08/2019,2,1,Rider,Female,22.0,NotApplicable,NotApplicable,NotFatal,NotWorn,PCycling,NoLicence,Straight Ahead,1.0,2 Metropolitan,2,1,Tuesday,peak,60,T-Junction,Straight road,Level,Dry,Not Raining,Daylight,Right Angle,No Control
2017-4248-15/08/2019,1,1,Driver,Female,29.0,Driver,Not Thrown Out,NotFatal,Worn,Small,Full,Straight Ahead,1.0,2 Metropolitan,2,1,Monday,off-peak,80,Not Divided,"CURVED, VIEW OPEN",Slope,Wet,Unknown,Daylight,Hit Fixed Object,No Control
2017-4249-15/08/2019,2,1,Rider,Male,58.0,NotApplicable,NotApplicable,NotFatal,NotWorn,PCycling,NoLicence,Straight Ahead,1.0,1 City,2,1,Tuesday,off-peak,50,T-Junction,Straight road,Level,Dry,Not Raining,Daylight,Right Angle,No Control
2017-4251-15/08/2019,1,1,Driver,Female,47.0,Driver,Not Thrown Out,NotFatal,Worn,Medium,Full,Straight Ahead,1.0,2 Metropolitan,2,1,Thursday,off-peak,40,Not Divided,Straight road,Level,Dry,Not Raining,Daylight,Rear End,No Control
2017-4252-15/08/2019,2,1,Pedestrian,Female,68.0,NotApplicable,NotApplicable,NotFatal,NotWorn,Pedestrian on Road,NoLicence,Crossing with Traffic Signals,1.0,2 Metropolitan,2,1,Tuesday,peak,50,Cross Road,Straight road,Level,Dry,Not Raining,Daylight,Hit Pedestrian,Traffic Signals
2017-4256-15/08/2019,1,1,Driver,Female,25.0,Driver,Not Thrown Out,NotFatal,Worn,Small,Provisional 1 ,Straight Ahead,4.0,3 Country,2,1,Tuesday,peak,60,T-Junction,"CURVED, VIEW OPEN",Slope,Dry,Not Raining,Daylight,Right Angle,No Control
2017-4258-15/08/2019,2,1,Driver,Male,46.0,Driver,Not Thrown Out,NotFatal,Worn,Other Defined Special Vehicle,Full,Straight Ahead,3.0,2 Metropolitan,2,3,Tuesday,off-peak,60,Cross Road,Straight road,Level,Dry,Not Raining,Daylight,Right Angle,Traffic Signals
2017-4258-15/08/2019,2,2,Passenger,Female,34.0,Front Seat Left Passenger,Not Thrown Out,NotFatal,NotWorn,Other Defined Special Vehicle,NoLicence,Straight Ahead,3.0,2 Metropolitan,2,3,Tuesday,off-peak,60,Cross Road,Straight road,Level,Dry,Not Raining,Daylight,Right Angle,Traffic Signals
2017-4258-15/08/2019,2,3,Passenger,Female,19.0,Back of Enclosed Van,Not Thrown Out,NotFatal,NotWorn,Other Defined Special Vehicle,NoLicence,Straight Ahead,3.0,2 Metropolitan,2,3,Tuesday,off-peak,60,Cross Road,Straight road,Level,Dry,Not Raining,Daylight,Right Angle,Traffic Signals
2017-4259-15/08/2019,2,1,Rider,Male,49.0,NotApplicable,NotApplicable,NotFatal,NotWorn,PCycling,NoLicence,Overtaking - on Right,1.0,2 Metropolitan,2,1,Tuesday,off-peak,60,Not Divided,"CURVED, VIEW OBSCURED",Slope,Dry,Not Raining,Daylight,Side Swipe,No Control
2017-4260-15/08/2019,1,1,Rider,Male,69.0,NotApplicable,NotApplicable,NotFatal,NotWorn,MCycling,NoLicence,Straight Ahead,1.0,3 Country,1,1,Sunday,off-peak,100,Not Divided,Straight road,Level,Dry,Not Raining,Daylight,Roll Over,No Control
2017-4261-15/08/2019,1,1,Driver,Male,47.0,Driver,Not Thrown Out,NotFatal,Unknown,Small,Full,Straight Ahead,1.0,2 Metropolitan,3,1,Tuesday,off-peak,50,Not Divided,Straight road,Slope,Dry,Not Raining,Daylight,Hit Parked Vehicle,No Control
2017-4263-15/08/2019,1,1,Driver,Female,68.0,Driver,Not Thrown Out,NotFatal,Worn,Small,Full,Straight Ahead,1.0,2 Metropolitan,2,1,Monday,off-peak,100,Not Divided,"CURVED, VIEW OBSCURED",Level,Wet,Raining,Daylight,Head On,No Control
2017-4264-15/08/2019,1,1,Driver,Female,55.0,Driver,Not Thrown Out,NotFatal,Worn,Small,Full,Stopped on Carriageway,1.0,2 Metropolitan,2,2,Tuesday,off-peak,60,Divided Road,Straight road,Level,Dry,Not Raining,Daylight,Rear End,No Control
2017-4264-15/08/2019,2,1,Rider,Male,18.0,NotApplicable,NotApplicable,NotFatal,NotWorn,MCycling,NoLicence,Straight Ahead,1.0,2 Metropolitan,2,2,Tuesday,off-peak,60,Divided Road,Straight road,Level,Dry,Not Raining,Daylight,Rear End,No Control
2017-4265-15/08/2019,1,1,Driver,Male,39.88915925490854,Driver,Not Thrown Out,NotFatal,Worn,Small,Provisional 2,Straight Ahead,1.0,2 Metropolitan,2,1,Tuesday,off-peak,70,Not Divided,"CURVED, VIEW OPEN",Slope,Wet,Not Raining,Daylight,Hit Fixed Object,No Control
2017-4266-15/08/2019,1,1,Driver,Female,29.0,Driver,Not Thrown Out,NotFatal,Worn,Small,Full,Straight Ahead,1.0,3 Country,3,1,Tuesday,off-peak,60,Multiple,"CURVED, VIEW OPEN",Slope,Dry,Not Raining,Daylight,Right Angle,Roundabout
2017-4270-15/08/2019,1,1,Driver,Female,49.0,Driver,Not Thrown Out,NotFatal,Worn,Small,Full,Straight Ahead,1.0,2 Metropolitan,2,1,Monday,off-peak,60,T-Junction,Straight road,Level,Dry,Not Raining,Daylight,Right Angle,Traffic Signals
2017-4272-15/08/2019,2,1,Driver,Female,66.0,Driver,Not Thrown Out,NotFatal,Worn,Small,Full,Right Turn,1.0,3 Country,2,1,Tuesday,off-peak,60,T-Junction,"CURVED, VIEW OPEN",Slope,Dry,Not Raining,Daylight,Right Turn,No Control
2017-4276-15/08/2019,1,1,Driver,Female,24.0,Driver,Not Thrown Out,NotFatal,Worn,Small,Full,Straight Ahead,1.0,2 Metropolitan,3,2,Tuesday,off-peak,90,Cross Road,Straight road,Bottom of Hill,Dry,Not Raining,Daylight,Rear End,Stop Sign
2017-4276-15/08/2019,3,1,Driver,Female,69.0,Driver,Not Thrown Out,NotFatal,Worn,Small,Full,Straight Ahead,1.0,2 Metropolitan,3,2,Tuesday,off-peak,90,Cross Road,Straight road,Bottom of Hill,Dry,Not Raining,Daylight,Rear End,Stop Sign
2017-4278-15/08/2019,2,1,Rider,Male,54.0,NotApplicable,NotApplicable,NotFatal,NotWorn,PCycling,NoLicence,Straight Ahead,1.0,1 City,2,1,Tuesday,peak,50,Not Divided,Straight road,Level,Dry,Not Raining,Daylight,Hit Parked Vehicle,No Control
2017-4279-15/08/2019,2,1,Pedestrian,Male,17.0,NotApplicable,NotApplicable,NotFatal,NotWorn,Pedestrian on Road,NoLicence,Crossing without Control,1.0,1 City,2,1,Tuesday,off-peak,50,Not Divided,Straight road,Level,Dry,Not Raining,Daylight,Hit Pedestrian,No Control
2017-4281-15/08/2019,1,1,Driver,Female,59.0,Driver,Not Thrown Out,NotFatal,Unknown,Small,Full,U Turn,1.0,1 City,2,1,Tuesday,peak,60,T-Junction,Straight road,Level,Dry,Not Raining,Daylight,Side Swipe,No Control
2017-4284-15/08/2019,2,1,Driver,Male,27.0,Driver,Not Thrown Out,NotFatal,Worn,Medium,Full,Stopped on Carriageway,2.0,2 Metropolitan,3,1,Tuesday,peak,50,Not Divided,Straight road,Level,Dry,Not Raining,Night,Rear End,No Control
2017-4286-15/08/2019,1,1,Passenger,Male,55.0,Front Seat Left Passenger,Not Thrown Out,NotFatal,NotWorn,Other Defined Special Vehicle,NoLicence,Straight Ahead,2.0,3 Country,2,1,Tuesday,off-peak,110,Not Divided,Straight road,Level,Dry,Not Raining,Night,Hit Parked Vehicle,No Control
2017-4287-15/08/2019,1,1,Driver,Female,47.0,Driver,Not Thrown Out,NotFatal,Worn,Medium,Full,Stopped on Carriageway,2.0,2 Metropolitan,2,2,Wednesday,peak,50,Cross Road,Straight road,Level,Dry,Not Raining,Daylight,Rear End,Roundabout
2017-4287-15/08/2019,1,2,Passenger,Female,39.88915925490854,Front Seat Left Passenger,Not Thrown Out,NotFatal,NotWorn,Medium,NoLicence,Stopped on Carriageway,2.0,2 Metropolitan,2,2,Wednesday,peak,50,Cross Road,Straight road,Level,Dry,Not Raining,Daylight,Rear End,Roundabout
2017-4293-15/08/2019,2,1,Pedestrian,Male,70.0,NotApplicable,NotApplicable,NotFatal,NotWorn,Pedestrian on Road,NoLicence,Crossing without Control,1.0,2 Metropolitan,2,1,Wednesday,off-peak,50,T-Junction,Straight road,Level,Dry,Not Raining,Daylight,Hit Pedestrian,No Control
2017-4295-15/08/2019,1,1,Driver,Female,61.0,Driver,Not Thrown Out,NotFatal,Worn,Small,Full,Straight Ahead,1.0,2 Metropolitan,2,1,Tuesday,off-peak,80,Not Divided,Straight road,Slope,Dry,Not Raining,Daylight,Hit Fixed Object,No Control
2017-4297-15/08/2019,1,1,Driver,Male,47.0,Driver,Not Thrown Out,NotFatal,Worn,Small,Full,Right Turn,1.0,2 Metropolitan,2,1,Tuesday,off-peak,60,Cross Road,Straight road,Level,Dry,Not Raining,Night,Hit Fixed Object,Stop Sign
2017-4298-15/08/2019,2,1,Pedestrian,Male,75.0,NotApplicable,NotApplicable,NotFatal,NotWorn,Pedestrian on Road,NoLicence,Crossing without Control,1.0,2 Metropolitan,2,1,Wednesday,off-peak,60,Divided Road,Straight road,Level,Dry,Not Raining,Daylight,Hit Pedestrian,No Control
2017-4301-15/08/2019,2,1,Driver,Female,22.0,Driver,Not Thrown Out,NotFatal,Worn,Small,Full,Straight Ahead,2.0,2 Metropolitan,2,1,Wednesday,peak,70,Cross Road,Straight road,Level,Dry,Not Raining,Daylight,Rear End,Traffic Signals
2017-4303-15/08/2019,1,1,Driver,Female,38.0,Driver,Not Thrown Out,NotFatal,Worn,Medium,Full,Straight Ahead,1.0,2 Metropolitan,2,1,Wednesday,off-peak,60,T-Junction,Straight road,Level,Dry,Not Raining,Daylight,Right Angle,No Control
2017-4304-15/08/2019,3,1,Rider,Male,12.0,NotApplicable,NotApplicable,NotFatal,NotWorn,PCycling,NoLicence,Straight Ahead,1.0,2 Metropolitan,3,1,Tuesday,off-peak,60,Divided Road,Straight road,Level,Dry,Not Raining,Daylight,Right Angle,No Control
2017-4305-15/08/2019,1,1,Driver,Male,58.0,Driver,Not Thrown Out,NotFatal,Worn,Large,Full,Straight Ahead,1.0,3 Country,2,1,Wednesday,off-peak,110,Not Divided,"CURVED, VIEW OBSCURED",Level,Wet,Raining,Daylight,Head On,No Control
2017-4308-15/08/2019,1,1,Driver,Male,74.0,Driver,Not Thrown Out,NotFatal,Worn,Utility,Full,Right Turn,1.0,2 Metropolitan,2,1,Wednesday,off-peak,60,Cross Road,"CURVED, VIEW OPEN",Level,Dry,Not Raining,Daylight,Rear End,Traffic Signals
2017-4310-15/08/2019,1,1,Driver,Female,48.0,Driver,Not Thrown Out,NotFatal,Worn,Small,Full,Stopped on Carriageway,1.0,2 Metropolitan,2,1,Wednesday,peak,60,Cross Road,Straight road,Level,Dry,Not Raining,Daylight,Rear End,Roundabout
2017-4313-15/08/2019,1,1,Driver,Male,77.0,Driver,Not Thrown Out,NotFatal,Worn,Small,Full,Stopped on Carriageway,1.0,2 Metropolitan,3,1,Saturday,off-peak,60,Divided Road,Straight road,Level,Dry,Not Raining,Daylight,Rear End,No Control
2017-4314-15/08/2019,1,1,Driver,Male,61.0,Driver,Not Thrown Out,NotFatal,Worn,Utility,Full,Stopped on Carriageway,2.0,2 Metropolitan,2,1,Wednesday,off-peak,60,T-Junction,Straight road,Level,Dry,Not Raining,Daylight,Rear End,Traffic Signals
2017-4315-15/08/2019,2,1,Pedestrian,Female,77.0,NotApplicable,NotApplicable,NotFatal,NotWorn,Wheelchair,NoLicence,Walking on Footpath,1.0,3 Country,2,1,Wednesday,off-peak,50,Divided Road,Straight road,Level,Dry,Not Raining,Daylight,Hit Pedestrian,No Control
2017-4316-15/08/2019,3,1,Driver,Female,35.0,Driver,Not Thrown Out,NotFatal,Worn,Small,Full,Stopped on Carriageway,1.0,2 Metropolitan,3,1,Wednesday,peak,60,T-Junction,Straight road,Level,Dry,Not Raining,Daylight,Rear End,Give Way Sign
2017-4318-15/08/2019,1,1,Driver,Female,30.0,Driver,Not Thrown Out,NotFatal,Worn,Small,Full,Straight Ahead,3.0,2 Metropolitan,2,2,Wednesday,off-peak,60,T-Junction,Straight road,Level,Dry,Not Raining,Daylight,Right Angle,No Control
2017-4318-15/08/2019,2,1,Driver,Female,53.0,Driver,Not Thrown Out,NotFatal,Worn,Medium,Full,Right Turn,1.0,2 Metropolitan,2,2,Wednesday,off-peak,60,T-Junction,Straight road,Level,Dry,Not Raining,Daylight,Right Angle,No Control
2017-4320-15/08/2019,2,1,Rider,Male,25.0,NotApplicable,NotApplicable,NotFatal,NotWorn,MCycling,NoLicence,Straight Ahead,1.0,2 Metropolitan,2,1,Wednesday,peak,60,T-Junction,Straight road,Level,Dry,Not Raining,Daylight,Right Angle,Give Way Sign
2017-4324-15/08/2019,1,1,Driver,Female,37.0,Driver,Not Thrown Out,NotFatal,Worn,Small,Learners,Overtaking - on Right,1.0,2 Metropolitan,3,1,Wednesday,peak,100,Not Divided,Straight road,Level,Dry,Not Raining,Daylight,Head On,No Control
2017-4326-15/08/2019,1,1,Driver,Male,72.0,Driver,Not Thrown Out,NotFatal,Worn,Small,Full,Straight Ahead,1.0,3 Country,3,1,Wednesday,peak,100,Not Divided,"CURVED, VIEW OPEN",Level,Dry,Not Raining,Daylight,Hit Fixed Object,No Control
2017-4334-15/08/2019,1,1,Driver,Male,55.0,Driver,Not Thrown Out,NotFatal,Worn,Medium,Full,Stopped on Carriageway,2.0,2 Metropolitan,2,2,Thursday,off-peak,110,Freeway,Straight road,Slope,Dry,Not Raining,Daylight,Rear End,No Control
2017-4334-15/08/2019,1,2,Passenger,Female,53.0,Front Seat Left Passenger,Not Thrown Out,NotFatal,NotWorn,Medium,NoLicence,Stopped on Carriageway,2.0,2 Metropolitan,2,2,Thursday,off-peak,110,Freeway,Straight road,Slope,Dry,Not Raining,Daylight,Rear End,No Control
2017-4337-15/08/2019,1,1,Driver,Female,39.0,Driver,Not Thrown Out,NotFatal,Worn,Small,Full,Swerving,2.0,2 Metropolitan,2,2,Thursday,off-peak,60,Divided Road,Straight road,Level,Dry,Not Raining,Daylight,Hit Fixed Object,No Control
2017-4337-15/08/2019,1,2,Passenger,Female,38.0,Front Seat Left Passenger,Not Thrown Out,NotFatal,NotWorn,Small,NoLicence,Swerving,2.0,2 Metropolitan,2,2,Thursday,off-peak,60,Divided Road,Straight road,Level,Dry,Not Raining,Daylight,Hit Fixed Object,No Control
2017-4343-15/08/2019,2,1,Driver,Male,46.0,Driver,Not Thrown Out,NotFatal,Worn,Small,Full,Straight Ahead,1.0,2 Metropolitan,3,1,Thursday,peak,60,Divided Road,Straight road,Level,Dry,Not Raining,Daylight,Rear End,No Control
2017-4347-15/08/2019,1,1,Driver,Female,32.0,Driver,Not Thrown Out,NotFatal,Worn,Small,Full,Straight Ahead,1.0,2 Metropolitan,3,1,Thursday,off-peak,80,Divided Road,Straight road,Level,Dry,Not Raining,Daylight,Rear End,No Control
2017-4351-15/08/2019,1,1,Driver,Female,20.0,Driver,Not Thrown Out,NotFatal,Worn,Small,Provisional 2,Straight Ahead,1.0,2 Metropolitan,2,1,Thursday,off-peak,100,Freeway,Straight road,Crest of Hill,Dry,Not Raining,Daylight,Hit Fixed Object,No Control
2017-4352-15/08/2019,1,1,Driver,Female,68.0,Driver,Not Thrown Out,NotFatal,Worn,Medium,Full,Leaving Private Driveway,1.0,3 Country,2,2,Thursday,off-peak,100,Not Divided,Straight road,Level,Wet,Not Raining,Daylight,Right Angle,No Control
2017-4352-15/08/2019,2,1,Driver,Female,61.0,Driver,Not Thrown Out,NotFatal,Worn,Medium,Full,Straight Ahead,2.0,3 Country,2,2,Thursday,off-peak,100,Not Divided,Straight road,Level,Wet,Not Raining,Daylight,Right Angle,No Control
2017-4356-15/08/2019,1,1,Pedestrian,Male,39.88915925490854,NotApplicable,NotApplicable,NotFatal,NotWorn,Pedestrian on Road,NoLicence,Walking on Road,1.0,1 City,2,1,Saturday,off-peak,50,Divided Road,Straight road,Level,Dry,Not Raining,Daylight,Hit Pedestrian,No Control
2017-4360-15/08/2019,1,1,Driver,Male,31.0,Driver,Not Thrown Out,NotFatal,Worn,Small,Full,Stopped on Carriageway,1.0,2 Metropolitan,2,1,Thursday,off-peak,60,Divided Road,Straight road,Level,Dry,Not Raining,Daylight,Rear End,No Control
2017-4365-15/08/2019,1,1,Rider,Male,42.0,NotApplicable,NotApplicable,NotFatal,NotWorn,MCycling,NoLicence,Straight Ahead,1.0,2 Metropolitan,2,1,Thursday,peak,50,Not Divided,Straight road,Level,Dry,Not Raining,Daylight,Right Angle,No Control
2017-4369-15/08/2019,2,1,Rider,Male,26.0,NotApplicable,NotApplicable,NotFatal,NotWorn,MCycling,NoLicence,Straight Ahead,1.0,2 Metropolitan,2,1,Wednesday,peak,50,T-Junction,Straight road,Level,Dry,Not Raining,Daylight,Right Turn,Stop Sign
2017-4372-15/08/2019,1,1,Driver,Female,23.0,Driver,Not Thrown Out,NotFatal,Worn,Small,Full,Straight Ahead,1.0,2 Metropolitan,2,1,Thursday,off-peak,60,T-Junction,Straight road,Level,Dry,Not Raining,Daylight,Rear End,Traffic Signals
2017-4375-15/08/2019,1,1,Rider,Male,40.0,NotApplicable,NotApplicable,Fatal,NotWorn,MCycling,NoLicence,Straight Ahead,1.0,3 Country,2,1,Thursday,off-peak,80,Divided Road,"CURVED, VIEW OPEN",Level,Dry,Not Raining,Daylight,Hit Fixed Object,No Control
2017-4378-15/08/2019,1,1,Driver,Male,33.0,Driver,Not Thrown Out,NotFatal,Worn,Medium,Full,Stopped on Carriageway,1.0,2 Metropolitan,2,1,Thursday,off-peak,60,T-Junction,Straight road,Level,Dry,Not Raining,Night,Rear End,No Control
2017-4379-15/08/2019,2,1,Pedestrian,Male,34.0,NotApplicable,NotApplicable,NotFatal,NotWorn,Pedestrian on Road,NoLicence,Crossing without Control,1.0,2 Metropolitan,2,1,Friday,off-peak,80,Divided Road,Straight road,Level,Dry,Not Raining,Night,Hit Pedestrian,No Control