REPORT_ID,UND_UNIT_NUMBER,CASUALTY_NUMBER,cas_type,cas_gender,cas_age,cas_pos_in_veh,thrown_out,fatality,seat_belt,unit_type,lic_type,unit_movement,n_occupants,stat_area,total_units,cas_total,day,time,area_speed,acc_pos,hor_align,ver_align,moist_cond,wea_cond,dayNight,crash_type,traf_ctrls
2017-5707-15/08/2019,1,5,Passenger,Female,69.0,Rear Seat Middle Passenger,Not Thrown Out,NotFatal,NotWorn,Small,NoLicence,Right Turn,5.0,3 Country,2,5,Monday,off-peak,50,Cross Road,Straight road,Level,Wet,Raining,Night,Hit Fixed Object,Give Way Sign
2017-5710-15/08/2019,2,1,Driver,Male,47.0,Driver,Not Thrown Out,NotFatal,Worn,Small,Full,Stopped on Carriageway,1.0,2 Metropolitan,3,1,Tuesday,off-peak,60,Cross Road,Straight road,Level,Dry,Not Raining,Daylight,Rear End,Traffic Signals
2017-5715-15/08/2019,2,1,Pedestrian,Male,13.0,NotApplicable,NotApplicable,NotFatal,NotWorn,Pedestrian on Road,NoLicence,Crossing with Traffic Signals,1.0,2 Metropolitan,2,1,Tuesday,peak,60,Cross Road,Straight road,Level,Dry,Not Raining,Daylight,Hit Pedestrian,Traffic Signals
2017-5719-15/08/2019,2,1,Driver,Male,86.0,Driver,Not Thrown Out,NotFatal,Worn,Small,Full,Stopped on Carriageway,2.0,2 Metropolitan,3,1,Tuesday,off-peak,60,Divided Road,Straight road,Level,Dry,Not Raining,Daylight,Rear End,No Control
2017-5721-15/08/2019,1,1,Passenger,Female,14.0,Front Seat Left Passenger,Not Thrown Out,NotFatal,NotWorn,Small,NoLicence,Straight Ahead,3.0,2 Metropolitan,2,1,Tuesday,peak,60,Cross Road,Straight road,Level,Dry,Not Raining,Daylight,Side Swipe,Roundabout
2017-5722-15/08/2019,2,1,Driver,Female,35.0,Driver,Not Thrown Out,NotFatal,Worn,Small,Full,Straight Ahead,2.0,2 Metropolitan,2,2,Tuesday,peak,80,T-Junction,Straight road,Level,Dry,Not Raining,Daylight,Rear End,No Control
2017-5722-15/08/2019,2,2,Passenger,Female,6.0,Rear Seat Left Passenger,Not Thrown Out,NotFatal,NotWorn,Small,NoLicence,Straight Ahead,2.0,2 Metropolitan,2,2,Tuesday,peak,80,T-Junction,Straight road,Level,Dry,Not Raining,Daylight,Rear End,No Control
2017-5723-15/08/2019,1,1,Rider,Male,51.0,NotApplicable,NotApplicable,NotFatal,NotWorn,PCycling,NoLicence,Straight Ahead,1.0,2 Metropolitan,2,1,Friday,peak,50,T-Junction,Straight road,Level,Dry,Not Raining,Daylight,Right Turn,Traffic Signals
2017-5724-15/08/2019,2,1,Driver,Female,39.0,Driver,Not Thrown Out,NotFatal,Worn,Small,Full,U Turn,1.0,2 Metropolitan,2,1,Wednesday,peak,60,Divided Road,Straight road,Level,Dry,Not Raining,Daylight,Right Turn,No Control
2017-5726-15/08/2019,2,1,Driver,Female,30.0,Driver,Not Thrown Out,NotFatal,Worn,Small,Full,Straight Ahead,1.0,2 Metropolitan,3,1,Wednesday,peak,60,Divided Road,Straight road,Level,Dry,Not Raining,Daylight,Rear End,No Control
2017-5731-15/08/2019,2,1,Driver,Female,20.0,Driver,Not Thrown Out,NotFatal,Worn,Small,Provisional 2,Stopped on Carriageway,1.0,2 Metropolitan,3,1,Wednesday,off-peak,60,Divided Road,Straight road,Level,Dry,Not Raining,Night,Rear End,No Control
2017-5732-15/08/2019,1,1,Driver,Female,51.0,Driver,Not Thrown Out,NotFatal,Worn,Medium,Full,Stopped on Carriageway,1.0,2 Metropolitan,2,1,Monday,peak,60,Not Divided,Straight road,Level,Dry,Not Raining,Daylight,Rear End,No Control
2017-5733-15/08/2019,1,1,Driver,Male,29.0,Driver,Not Thrown Out,NotFatal,Unknown,Small,Full,Straight Ahead,1.0,2 Metropolitan,3,2,Wednesday,peak,60,Divided Road,Straight road,Level,Dry,Not Raining,Daylight,Rear End,No Control
2017-5733-15/08/2019,2,1,Driver,Female,53.0,Driver,Not Thrown Out,NotFatal,Unknown,Small,Full,Straight Ahead,1.0,2 Metropolitan,3,2,Wednesday,peak,60,Divided Road,Straight road,Level,Dry,Not Raining,Daylight,Rear End,No Control
2017-5734-15/08/2019,1,1,Driver,Female,15.0,Driver,Not Thrown Out,NotFatal,Unknown,Medium,Unlicenced,Straight Ahead,1.0,3 Country,2,1,Tuesday,off-peak,50,T-Junction,Straight road,Level,Dry,Not Raining,Night,Hit Fixed Object,No Control
2017-5736-15/08/2019,2,1,Driver,Female,37.0,Driver,Not Thrown Out,NotFatal,Worn,Small,Full,Stopped on Carriageway,1.0,2 Metropolitan,3,1,Wednesday,off-peak,60,T-Junction,Straight road,Level,Dry,Not Raining,Daylight,Rear End,Traffic Signals
2017-5739-15/08/2019,2,1,Rider,Male,31.0,NotApplicable,NotApplicable,NotFatal,NotWorn,PCycling,NoLicence,Straight Ahead,1.0,2 Metropolitan,2,1,Wednesday,peak,60,T-Junction,Straight road,Level,Dry,Not Raining,Daylight,Side Swipe,No Control
2017-5740-15/08/2019,2,1,Driver,Male,61.0,Driver,Not Thrown Out,NotFatal,Worn,Small,Full,Straight Ahead,1.0,2 Metropolitan,2,1,Wednesday,off-peak,60,Divided Road,Straight road,Level,Dry,Not Raining,Daylight,Rear End,No Control
2017-5742-15/08/2019,1,1,Rider,Male,51.0,NotApplicable,NotApplicable,NotFatal,NotWorn,PCycling,NoLicence,Straight Ahead,1.0,2 Metropolitan,2,1,Tuesday,peak,60,Cross Road,Straight road,Level,Dry,Not Raining,Daylight,Right Turn,Stop Sign
2017-5744-15/08/2019,1,1,Driver,Female,17.0,Driver,Not Thrown Out,NotFatal,Worn,Small,Provisional 1 ,Straight Ahead,1.0,3 Country,2,1,Wednesday,off-peak,110,Not Divided,"CURVED, VIEW OPEN",Bottom of Hill,Dry,Not Raining,Daylight,Hit Fixed Object,No Control
2017-5747-15/08/2019,1,1,Driver,Female,23.0,Driver,Not Thrown Out,NotFatal,Worn,Small,Probationary,Stopped on Carriageway,2.0,2 Metropolitan,3,1,Thursday,peak,60,Divided Road,Straight road,Level,Wet,Not Raining,Night,Rear End,No Control
2017-5748-15/08/2019,1,1,Driver,Female,29.0,Driver,Not Thrown Out,NotFatal,Worn,Medium,Provisional 1 ,Straight Ahead,1.0,2 Metropolitan,2,2,Wednesday,peak,60,Cross Road,Straight road,Level,Dry,Not Raining,Daylight,Right Angle,Traffic Signals
2017-5748-15/08/2019,2,1,Passenger,Female,5.0,Other,Not Thrown Out,NotFatal,NotWorn,Medium,NoLicence,Right Turn,2.0,2 Metropolitan,2,2,Wednesday,peak,60,Cross Road,Straight road,Level,Dry,Not Raining,Daylight,Right Angle,Traffic Signals
2017-5752-15/08/2019,1,1,Driver,Female,40.0,Driver,Not Thrown Out,NotFatal,Worn,Small,Full,Stopped on Carriageway,3.0,2 Metropolitan,2,1,Thursday,off-peak,60,Not Divided,Straight road,Level,Dry,Not Raining,Daylight,Rear End,No Control
2017-5753-15/08/2019,1,1,Driver,Female,49.0,Driver,Not Thrown Out,NotFatal,Worn,Small,Full,Straight Ahead,1.0,2 Metropolitan,3,1,Wednesday,off-peak,60,Divided Road,Straight road,Level,Dry,Not Raining,Daylight,Rear End,No Control
2017-5755-15/08/2019,2,1,Passenger,Male,39.88915925490854,Front Seat Left Passenger,Not Thrown Out,NotFatal,NotWorn,Small,NoLicence,Straight Ahead,3.0,2 Metropolitan,2,1,Wednesday,peak,110,T-Junction,Straight road,Level,Dry,Not Raining,Night,Rear End,No Control
2017-5756-15/08/2019,2,1,Driver,Male,73.0,Driver,Not Thrown Out,NotFatal,Worn,Small,Full,Stopped on Carriageway,1.0,2 Metropolitan,2,1,Wednesday,off-peak,60,Divided Road,Straight road,Level,Dry,Not Raining,Daylight,Rear End,No Control
2017-5759-15/08/2019,1,1,Driver,Female,74.0,Driver,Not Thrown Out,NotFatal,Worn,Small,Full,Straight Ahead,1.0,2 Metropolitan,2,1,Wednesday,off-peak,80,Not Divided,"CURVED, VIEW OPEN",Slope,Dry,Not Raining,Daylight,Hit Fixed Object,No Control
2017-5760-15/08/2019,1,1,Driver,Female,38.0,Driver,Not Thrown Out,NotFatal,Worn,Small,Full,Right Turn,1.0,2 Metropolitan,2,1,Wednesday,off-peak,80,Cross Road,Straight road,Level,Dry,Not Raining,Daylight,Right Angle,Stop Sign
2017-5767-15/08/2019,1,1,Driver,Female,61.0,Driver,Not Thrown Out,NotFatal,Worn,Small,Full,Left Turn,1.0,2 Metropolitan,2,1,Thursday,off-peak,60,T-Junction,"CURVED, VIEW OPEN",Level,Dry,Not Raining,Daylight,Rear End,Traffic Signals
2017-5768-15/08/2019,1,1,Driver,Female,33.0,Driver,Not Thrown Out,NotFatal,Worn,Small,Full,Stopped on Carriageway,1.0,2 Metropolitan,2,1,Thursday,off-peak,100,T-Junction,Straight road,Level,Dry,Not Raining,Daylight,Rear End,Give Way Sign
2017-5769-15/08/2019,1,1,Driver,Male,35.0,Driver,Not Thrown Out,NotFatal,Worn,Medium,Provisional 1 ,Straight Ahead,1.0,2 Metropolitan,2,1,Thursday,off-peak,50,Cross Road,Straight road,Level,Dry,Not Raining,Night,Right Angle,Stop Sign
2017-5770-15/08/2019,1,1,Driver,Male,61.0,Driver,Not Thrown Out,NotFatal,Worn,Small,Full,Straight Ahead,2.0,2 Metropolitan,2,1,Thursday,peak,60,T-Junction,Straight road,Level,Dry,Not Raining,Daylight,Right Angle,No Control
2017-5771-15/08/2019,1,1,Driver,Male,18.0,Driver,Not Thrown Out,NotFatal,Worn,Small,Provisional 1 ,Straight Ahead,1.0,2 Metropolitan,2,1,Thursday,off-peak,50,Not Divided,Straight road,Level,Dry,Not Raining,Night,Hit Parked Vehicle,No Control
2017-5773-15/08/2019,1,1,Pedestrian,Male,50.0,NotApplicable,NotApplicable,NotFatal,NotWorn,Pedestrian on Road,NoLicence,Crossing without Control,1.0,1 City,2,1,Sunday,off-peak,50,T-Junction,Straight road,Level,Dry,Not Raining,Daylight,Hit Pedestrian,No Control
2017-5774-15/08/2019,1,1,Rider,Male,37.0,NotApplicable,NotApplicable,NotFatal,NotWorn,PCycling,NoLicence,Straight Ahead,1.0,2 Metropolitan,1,1,Thursday,off-peak,60,Not Divided,"CURVED, VIEW OBSCURED",Slope,Dry,Not Raining,Daylight,Roll Over,No Control
2017-5775-15/08/2019,1,1,Driver,Male,66.0,Driver,Not Thrown Out,NotFatal,Worn,Small,Full,Swerving,1.0,2 Metropolitan,2,1,Thursday,off-peak,60,Divided Road,Straight road,Level,Dry,Not Raining,Daylight,Side Swipe,No Control
2017-5780-15/08/2019,2,1,Driver,Female,32.0,Driver,Not Thrown Out,NotFatal,Worn,Small,Full,Stopped on Carriageway,2.0,2 Metropolitan,3,1,Thursday,off-peak,60,Not Divided,Straight road,Level,Dry,Not Raining,Daylight,Rear End,No Control
2017-5781-15/08/2019,1,1,Driver,Female,23.0,Driver,Not Thrown Out,NotFatal,Worn,Small,Full,Straight Ahead,2.0,3 Country,1,1,Thursday,off-peak,110,Not Divided,Straight road,Bottom of Hill,Wet,Raining,Daylight,Left Road - Out of Control,No Control
2017-5782-15/08/2019,2,1,Passenger,Female,48.0,Front Seat Left Passenger,Not Thrown Out,NotFatal,NotWorn,Medium,NoLicence,Straight Ahead,2.0,2 Metropolitan,2,1,Thursday,peak,60,T-Junction,Straight road,Slope,Dry,Not Raining,Daylight,Right Angle,Roundabout
2017-5786-15/08/2019,1,1,Driver,Female,22.0,Driver,Not Thrown Out,NotFatal,Worn,Small,Full,Straight Ahead,1.0,2 Metropolitan,2,1,Thursday,off-peak,100,Not Divided,"CURVED, VIEW OBSCURED",Level,Wet,Raining,Daylight,Head On,No Control
2017-5790-15/08/2019,1,1,Rider,Male,40.0,NotApplicable,NotApplicable,NotFatal,NotWorn,PCycling,NoLicence,Straight Ahead,1.0,2 Metropolitan,1,1,Thursday,peak,50,Not Divided,Straight road,Level,Wet,Raining,Daylight,Roll Over,No Control
2017-5793-15/08/2019,1,1,Driver,Male,39.88915925490854,Driver,Not Thrown Out,NotFatal,Worn,Small,Unlicenced,Straight Ahead,1.0,2 Metropolitan,2,1,Thursday,peak,60,T-Junction,"CURVED, VIEW OPEN",Level,Dry,Not Raining,Daylight,Right Angle,No Control
2017-5796-15/08/2019,1,1,Driver,Male,64.0,Driver,Not Thrown Out,NotFatal,Worn,Small,Full,Stopped on Carriageway,1.0,2 Metropolitan,2,2,Thursday,off-peak,60,Not Divided,Straight road,Level,Wet,Unknown,Night,Rear End,No Control
2017-5796-15/08/2019,2,1,Driver,Female,20.0,Driver,Not Thrown Out,NotFatal,Worn,Small,Provisional 1 ,Straight Ahead,1.0,2 Metropolitan,2,2,Thursday,off-peak,60,Not Divided,Straight road,Level,Wet,Unknown,Night,Rear End,No Control
2017-5799-15/08/2019,2,1,Driver,Female,21.0,Driver,Not Thrown Out,NotFatal,Worn,Small,Provisional 2,Straight Ahead,1.0,2 Metropolitan,2,1,Thursday,off-peak,60,Cross Road,Straight road,Level,Dry,Not Raining,Night,Right Turn,Traffic Signals
2017-5800-15/08/2019,1,1,Driver,Female,52.0,Driver,Not Thrown Out,NotFatal,Worn,Medium,Full,Straight Ahead,1.0,2 Metropolitan,3,1,Friday,off-peak,50,T-Junction,Straight road,Level,Dry,Not Raining,Daylight,Right Angle,No Control
2017-5801-15/08/2019,1,1,Driver,Female,39.88915925490854,Driver,Not Thrown Out,NotFatal,Worn,Small,Full,Straight Ahead,2.0,3 Country,3,2,Friday,off-peak,100,Not Divided,Straight road,Slope,Dry,Not Raining,Daylight,Rear End,No Control
2017-5801-15/08/2019,2,1,Driver,Female,19.0,Driver,Not Thrown Out,NotFatal,Worn,Small,Provisional 2,Straight Ahead,1.0,3 Country,3,2,Friday,off-peak,100,Not Divided,Straight road,Slope,Dry,Not Raining,Daylight,Rear End,No Control
2017-5807-15/08/2019,1,1,Driver,Male,42.0,Driver,Not Thrown Out,NotFatal,Worn,Small,Full,Stopped on Carriageway,1.0,2 Metropolitan,3,1,Thursday,peak,60,T-Junction,Straight road,Level,Wet,Raining,Daylight,Rear End,Traffic Signals
2017-5811-15/08/2019,1,1,Rider,Male,45.0,NotApplicable,NotApplicable,NotFatal,NotWorn,PCycling,NoLicence,Straight Ahead,1.0,2 Metropolitan,2,1,Wednesday,off-peak,60,Divided Road,Straight road,Level,Dry,Not Raining,Daylight,Side Swipe,No Control
2017-5812-15/08/2019,1,1,Rider,Male,59.0,NotApplicable,NotApplicable,NotFatal,NotWorn,PCycling,NoLicence,Straight Ahead,1.0,2 Metropolitan,2,1,Wednesday,peak,60,T-Junction,Straight road,Level,Dry,Not Raining,Daylight,Side Swipe,Traffic Signals
2017-5813-15/08/2019,2,1,Driver,Female,63.0,Driver,Not Thrown Out,NotFatal,Worn,Small,Full,Stopped on Carriageway,1.0,2 Metropolitan,3,1,Friday,peak,60,Divided Road,Straight road,Level,Dry,Not Raining,Daylight,Rear End,No Control
2017-5814-15/08/2019,1,1,Driver,Male,37.0,Driver,Not Thrown Out,NotFatal,Worn,Medium,Full,Straight Ahead,1.0,2 Metropolitan,3,2,Friday,off-peak,60,T-Junction,Straight road,Level,Dry,Not Raining,Daylight,Right Turn,No Control
2017-5814-15/08/2019,2,1,Driver,Female,47.0,Driver,Not Thrown Out,NotFatal,Worn,Small,Full,Right Turn,2.0,2 Metropolitan,3,2,Friday,off-peak,60,T-Junction,Straight road,Level,Dry,Not Raining,Daylight,Right Turn,No Control
2017-5815-15/08/2019,1,1,Driver,Male,18.0,Driver,Not Thrown Out,NotFatal,Worn,Small,Provisional 1 ,Straight Ahead,3.0,2 Metropolitan,2,2,Friday,off-peak,80,Not Divided,"CURVED, VIEW OPEN",Level,Dry,Not Raining,Daylight,Hit Fixed Object,No Control
2017-5815-15/08/2019,1,2,Passenger,Female,18.0,Front Seat Left Passenger,Not Thrown Out,NotFatal,NotWorn,Small,NoLicence,Straight Ahead,3.0,2 Metropolitan,2,2,Friday,off-peak,80,Not Divided,"CURVED, VIEW OPEN",Level,Dry,Not Raining,Daylight,Hit Fixed Object,No Control
2017-5821-15/08/2019,1,1,Driver,Female,60.0,Driver,Not Thrown Out,NotFatal,Worn,Medium,Full,Straight Ahead,1.0,3 Country,2,1,Friday,off-peak,110,Cross Road,Straight road,Level,Dry,Not Raining,Daylight,Right Angle,Give Way Sign
2017-5823-15/08/2019,1,1,Rider,Female,28.0,NotApplicable,NotApplicable,NotFatal,NotWorn,PCycling,NoLicence,Straight Ahead,1.0,2 Metropolitan,2,1,Friday,peak,60,T-Junction,Straight road,Level,Dry,Not Raining,Daylight,Side Swipe,No Control
2017-5825-15/08/2019,1,1,Driver,Female,42.0,Driver,Not Thrown Out,NotFatal,Worn,Small,Full,Straight Ahead,1.0,2 Metropolitan,2,1,Thursday,off-peak,60,Divided Road,Straight road,Level,Dry,Not Raining,Night,Right Angle,No Control
2017-5826-15/08/2019,1,1,Driver,Male,68.0,Driver,Not Thrown Out,NotFatal,Worn,Utility,Full,Straight Ahead,1.0,3 Country,3,2,Friday,off-peak,50,Cross Road,Straight road,Level,Dry,Not Raining,Daylight,Right Angle,Give Way Sign
2017-5826-15/08/2019,2,1,Driver,Female,25.0,Driver,Not Thrown Out,NotFatal,Worn,Utility,Provisional 1 ,Straight Ahead,2.0,3 Country,3,2,Friday,off-peak,50,Cross Road,Straight road,Level,Dry,Not Raining,Daylight,Right Angle,Give Way Sign
2017-5827-15/08/2019,1,1,Driver,Male,17.0,Driver,Not Thrown Out,NotFatal,Worn,Utility,Provisional 1 ,Straight Ahead,1.0,3 Country,1,1,Saturday,off-peak,100,Not Divided,"CURVED, VIEW OPEN",Level,Dry,Not Raining,Daylight,Roll Over,No Control
2017-5830-15/08/2019,2,1,Driver,Female,39.88915925490854,Driver,Not Thrown Out,NotFatal,Worn,Small,Full,Straight Ahead,1.0,2 Metropolitan,2,1,Friday,peak,50,Cross Road,Straight road,Level,Dry,Not Raining,Night,Rear End,Give Way Sign
2017-5831-15/08/2019,2,1,Driver,Female,53.0,Driver,Not Thrown Out,NotFatal,Worn,Medium,Full,Straight Ahead,1.0,2 Metropolitan,2,1,Friday,peak,50,Cross Road,Straight road,Level,Dry,Not Raining,Daylight,Right Angle,Give Way Sign
2017-5833-15/08/2019,2,1,Pedestrian,Male,44.0,NotApplicable,NotApplicable,Fatal,NotWorn,Pedestrian on Footpath/Carpark,NoLicence,Walking on Footpath,1.0,2 Metropolitan,3,1,Friday,peak,25,Other,Straight road,Slope,Dry,Not Raining,Night,Hit Pedestrian,No Control
2017-5838-15/08/2019,1,1,Driver,Male,35.0,Driver,Not Thrown Out,NotFatal,Worn,Small,Full,Straight Ahead,1.0,3 Country,2,1,Friday,peak,100,Not Divided,"CURVED, VIEW OPEN",Level,Wet,Not Raining,Night,Hit Fixed Object,No Control
2017-5841-15/08/2019,1,1,Driver,Female,26.0,Driver,Not Thrown Out,NotFatal,Worn,Small,Full,Stopped on Carriageway,1.0,1 City,2,1,Friday,off-peak,60,T-Junction,"CURVED, VIEW OPEN",Level,Dry,Not Raining,Daylight,Rear End,No Control
2017-5842-15/08/2019,2,1,Driver,Female,39.88915925490854,Driver,Not Thrown Out,NotFatal,Worn,Medium,Full,Stopped on Carriageway,5.0,2 Metropolitan,2,1,Saturday,off-peak,60,Cross Road,Straight road,Level,Dry,Not Raining,Daylight,Rear End,Traffic Signals
2017-5849-15/08/2019,2,1,Driver,Female,44.0,Driver,Not Thrown Out,NotFatal,Worn,Small,Full,Stopped on Carriageway,1.0,2 Metropolitan,3,1,Friday,off-peak,60,Cross Road,Straight road,Level,Dry,Not Raining,Night,Rear End,Traffic Signals
2017-5850-15/08/2019,1,1,Rider,Female,18.0,NotApplicable,NotApplicable,NotFatal,NotWorn,PCycling,NoLicence,Straight Ahead,1.0,2 Metropolitan,2,1,Saturday,off-peak,50,Not Divided,"CURVED, VIEW OBSCURED",Slope,Dry,Not Raining,Daylight,Right Angle,No Control
2017-5853-15/08/2019,2,1,Driver,Female,30.0,Driver,Not Thrown Out,NotFatal,NotWorn,Small,Full,Straight Ahead,1.0,2 Metropolitan,2,1,Friday,off-peak,50,Not Divided,Straight road,Level,Dry,Not Raining,Daylight,Hit Parked Vehicle,No Control
2017-5854-15/08/2019,1,1,Passenger,Female,3.0,Rear Seat Right Passenger,Not Thrown Out,NotFatal,NotWorn,Medium,NoLicence,Right Turn,2.0,2 Metropolitan,2,1,Saturday,off-peak,60,T-Junction,Straight road,Level,Dry,Not Raining,Daylight,Right Angle,No Control
2017-5855-15/08/2019,1,1,Driver,Female,46.0,Driver,Not Thrown Out,NotFatal,NotWorn,Small,Full,Straight Ahead,1.0,3 Country,1,1,Saturday,off-peak,110,Not Divided,"CURVED, VIEW OPEN",Level,Dry,Not Raining,Daylight,Roll Over,No Control
2017-5856-15/08/2019,2,1,Rider,Male,31.0,NotApplicable,NotApplicable,NotFatal,NotWorn,MCycling,NoLicence,Right Turn,1.0,2 Metropolitan,2,1,Saturday,off-peak,60,T-Junction,Straight road,Level,Dry,Not Raining,Daylight,Right Angle,No Control
2017-5859-15/08/2019,1,1,Driver,Male,39.88915925490854,Driver,Not Thrown Out,NotFatal,Worn,Small,Provisional 2,Straight Ahead,1.0,2 Metropolitan,2,2,Friday,off-peak,60,Cross Road,Straight road,Level,Dry,Not Raining,Night,Right Angle,Traffic Signals
2017-5859-15/08/2019,2,1,Passenger,Female,12.0,Front Seat Left Passenger,Not Thrown Out,NotFatal,NotWorn,Medium,NoLicence,Straight Ahead,2.0,2 Metropolitan,2,2,Friday,off-peak,60,Cross Road,Straight road,Level,Dry,Not Raining,Night,Right Angle,Traffic Signals
2017-5860-15/08/2019,1,1,Driver,Female,20.0,Driver,Not Thrown Out,NotFatal,Worn,Small,Full,Straight Ahead,2.0,2 Metropolitan,4,2,Saturday,off-peak,60,Divided Road,Straight road,Level,Dry,Not Raining,Daylight,Rear End,No Control
2017-5860-15/08/2019,3,1,Passenger,Female,19.0,Front Seat Left Passenger,Not Thrown Out,NotFatal,NotWorn,Small,NoLicence,Stopped on Carriageway,1.0,2 Metropolitan,4,2,Saturday,off-peak,60,Divided Road,Straight road,Level,Dry,Not Raining,Daylight,Rear End,No Control
2017-5864-15/08/2019,1,1,Driver,Female,80.0,Driver,Not Thrown Out,NotFatal,Worn,Small,Full,Right Turn,1.0,2 Metropolitan,2,2,Friday,off-peak,60,T-Junction,Straight road,Level,Dry,Not Raining,Daylight,Right Turn,Traffic Signals
2017-5864-15/08/2019,2,1,Driver,Male,98.0,Driver,Not Thrown Out,NotFatal,Worn,Small,Full,Straight Ahead,1.0,2 Metropolitan,2,2,Friday,off-peak,60,T-Junction,Straight road,Level,Dry,Not Raining,Daylight,Right Turn,Traffic Signals
2017-5865-15/08/2019,1,1,Rider,Female,34.0,NotApplicable,NotApplicable,Fatal,NotWorn,MCycling,NoLicence,Straight Ahead,1.0,2 Metropolitan,2,1,Saturday,off-peak,60,Divided Road,"CURVED, VIEW OPEN",Slope,Dry,Not Raining,Daylight,Hit Fixed Object,No Control
2017-5866-15/08/2019,1,1,Driver,Female,92.0,Driver,Not Thrown Out,NotFatal,Worn,Small,Full,Straight Ahead,1.0,3 Country,3,1,Saturday,peak,80,Not Divided,Straight road,Level,Dry,Not Raining,Daylight,Hit Parked Vehicle,No Control
2017-5872-15/08/2019,1,1,Passenger,Male,1.0,Rear Seat Middle Passenger,Not Thrown Out,NotFatal,NotWorn,Small,NoLicence,Straight Ahead,3.0,2 Metropolitan,2,4,Saturday,off-peak,100,Not Divided,Straight road,Level,Dry,Not Raining,Night,Head On,No Control
2017-5872-15/08/2019,1,2,Passenger,Female,4.0,Rear Seat Left Passenger,Not Thrown Out,NotFatal,NotWorn,Small,NoLicence,Straight Ahead,3.0,2 Metropolitan,2,4,Saturday,off-peak,100,Not Divided,Straight road,Level,Dry,Not Raining,Night,Head On,No Control
2017-5872-15/08/2019,1,3,Driver,Male,33.0,Driver,Not Thrown Out,NotFatal,Worn,Small,Unlicenced,Straight Ahead,3.0,2 Metropolitan,2,4,Saturday,off-peak,100,Not Divided,Straight road,Level,Dry,Not Raining,Night,Head On,No Control
2017-5872-15/08/2019,2,1,Driver,Female,48.0,Driver,Not Thrown Out,NotFatal,Worn,Medium,Full,Straight Ahead,1.0,2 Metropolitan,2,4,Saturday,off-peak,100,Not Divided,Straight road,Level,Dry,Not Raining,Night,Head On,No Control
2017-5873-15/08/2019,1,1,Driver,Male,46.0,Driver,Not Thrown Out,NotFatal,Worn,Small,Full,Straight Ahead,1.0,2 Metropolitan,3,1,Sunday,off-peak,50,Not Divided,Straight road,Slope,Dry,Not Raining,Night,Hit Parked Vehicle,No Control
2017-5875-15/08/2019,1,1,Rider,Male,40.0,NotApplicable,NotApplicable,NotFatal,NotWorn,MCycling,NoLicence,Straight Ahead,1.0,3 Country,1,1,Saturday,off-peak,100,Not Divided,Straight road,Level,Dry,Not Raining,Daylight,Roll Over,No Control
2017-5879-15/08/2019,1,1,Rider,Male,10.0,NotApplicable,NotApplicable,NotFatal,NotWorn,PCycling,NoLicence,Straight Ahead,1.0,2 Metropolitan,1,1,Sunday,off-peak,50,Not Divided,Straight road,Slope,Dry,Not Raining,Daylight,Roll Over,No Control
2017-5880-15/08/2019,1,1,Rider,Male,38.0,NotApplicable,NotApplicable,NotFatal,NotWorn,PCycling,NoLicence,Straight Ahead,1.0,2 Metropolitan,2,2,Sunday,off-peak,80,Not Divided,"CURVED, VIEW OPEN",Slope,Dry,Not Raining,Daylight,Roll Over,No Control
2017-5880-15/08/2019,2,1,Rider,Male,56.0,NotApplicable,NotApplicable,NotFatal,NotWorn,PCycling,NoLicence,Straight Ahead,1.0,2 Metropolitan,2,2,Sunday,off-peak,80,Not Divided,"CURVED, VIEW OPEN",Slope,Dry,Not Raining,Daylight,Roll Over,No Control
2017-5881-15/08/2019,1,1,Driver,Male,41.0,Driver,Not Thrown Out,NotFatal,Worn,Medium,Full,Straight Ahead,1.0,3 Country,2,1,Sunday,peak,50,Other,Straight road,Bottom of Hill,Dry,Not Raining,Daylight,Right Angle,Give Way Sign
2017-5887-15/08/2019,1,1,Rider,Male,49.0,NotApplicable,NotApplicable,NotFatal,NotWorn,MCycling,NoLicence,Left Turn,2.0,2 Metropolitan,1,1,Sunday,off-peak,80,T-Junction,Straight road,Level,Dry,Not Raining,Daylight,Roll Over,No Control
2017-5893-15/08/2019,1,1,Driver,Male,39.88915925490854,Driver,Not Thrown Out,NotFatal,Worn,Medium,Full,Straight Ahead,1.0,3 Country,2,1,Sunday,peak,50,Not Divided,Straight road,Level,Dry,Not Raining,Daylight,Hit Fixed Object,No Control
2017-5894-15/08/2019,2,1,Passenger,Female,42.0,Front Seat Left Passenger,Not Thrown Out,NotFatal,NotWorn,Medium,NoLicence,Straight Ahead,2.0,2 Metropolitan,2,1,Saturday,off-peak,60,Not Divided,Straight road,Level,Dry,Not Raining,Night,Head On,No Control
2017-5897-15/08/2019,1,1,Passenger,Female,41.0,Rear Seat Left Passenger,Not Thrown Out,NotFatal,NotWorn,Small,NoLicence,Right Turn,3.0,2 Metropolitan,2,2,Sunday,peak,60,Cross Road,Straight road,Level,Dry,Not Raining,Night,Right Angle,Stop Sign
2017-5897-15/08/2019,1,2,Passenger,Male,39.88915925490854,Rear Seat Right Passenger,Not Thrown Out,NotFatal,NotWorn,Small,NoLicence,Right Turn,3.0,2 Metropolitan,2,2,Sunday,peak,60,Cross Road,Straight road,Level,Dry,Not Raining,Night,Right Angle,Stop Sign