REPORT_ID,UND_UNIT_NUMBER,CASUALTY_NUMBER,cas_type,cas_gender,cas_age,cas_pos_in_veh,thrown_out,fatality,seat_belt,unit_type,lic_type,unit_movement,n_occupants,stat_area,total_units,cas_total,day,time,area_speed,acc_pos,hor_align,ver_align,moist_cond,wea_cond,dayNight,crash_type,traf_ctrls
2017-7166-15/08/2019,2,1,Driver,Female,35.0,Driver,Not Thrown Out,NotFatal,Worn,Small,Full,Straight Ahead,1.0,2 Metropolitan,3,1,Saturday,off-peak,60,T-Junction,Straight road,Level,Dry,Not Raining,Daylight,Rear End,No Control
2017-7169-15/08/2019,1,1,Driver,Female,17.0,Driver,Not Thrown Out,NotFatal,Worn,Medium,Provisional 1 ,Straight Ahead,1.0,3 Country,2,1,Sunday,off-peak,110,Not Divided,Straight road,Level,Dry,Not Raining,Night,Hit Fixed Object,No Control
2017-7170-15/08/2019,1,1,Driver,Male,71.0,Driver,Not Thrown Out,NotFatal,Worn,Utility,Full,Straight Ahead,1.0,2 Metropolitan,2,2,Sunday,off-peak,60,T-Junction,Straight road,Level,Dry,Not Raining,Daylight,Right Angle,No Control
2017-7170-15/08/2019,2,1,Driver,Male,53.0,Driver,Not Thrown Out,NotFatal,Worn,Small,Full,Stopped on Carriageway,2.0,2 Metropolitan,2,2,Sunday,off-peak,60,T-Junction,Straight road,Level,Dry,Not Raining,Daylight,Right Angle,No Control
2017-7179-15/08/2019,1,1,Passenger,Female,35.0,Front Seat Left Passenger,Not Thrown Out,NotFatal,NotWorn,Medium,NoLicence,Stopped on Carriageway,5.0,2 Metropolitan,2,1,Saturday,off-peak,60,T-Junction,Straight road,Level,Wet,Not Raining,Night,Rear End,Traffic Signals
2017-7181-15/08/2019,1,1,Passenger,Female,65.0,Front Seat Left Passenger,Not Thrown Out,NotFatal,NotWorn,Medium,NoLicence,Straight Ahead,3.0,2 Metropolitan,2,1,Sunday,peak,80,Not Divided,Straight road,Level,Dry,Not Raining,Daylight,Hit Fixed Object,No Control
2017-7184-15/08/2019,1,1,Driver,Female,33.0,Driver,Not Thrown Out,NotFatal,Worn,Medium,Full,Stopped on Carriageway,1.0,2 Metropolitan,2,1,Sunday,off-peak,60,Divided Road,Straight road,Slope,Wet,Raining,Daylight,Rear End,No Control
2017-7188-15/08/2019,1,1,Driver,Female,25.0,Driver,Not Thrown Out,NotFatal,Worn,Small,Full,Right Turn,1.0,2 Metropolitan,2,1,Sunday,off-peak,60,T-Junction,Straight road,Level,Wet,Raining,Night,Right Angle,Traffic Signals
2017-7193-15/08/2019,1,1,Driver,Female,35.0,Driver,Not Thrown Out,NotFatal,Worn,Small,Full,Stopped on Carriageway,1.0,2 Metropolitan,2,1,Sunday,off-peak,60,Cross Road,Straight road,Level,Wet,Unknown,Daylight,Rear End,Traffic Signals
2017-7194-15/08/2019,1,1,Driver,Male,56.0,Driver,Not Thrown Out,NotFatal,Worn,Small,Full,Straight Ahead,2.0,2 Metropolitan,2,1,Monday,peak,100,T-Junction,Straight road,Level,Dry,Not Raining,Daylight,Right Angle,No Control
2017-7195-15/08/2019,1,1,Driver,Male,39.88915925490854,Driver,Not Thrown Out,NotFatal,Worn,Small,Full,Straight Ahead,1.0,2 Metropolitan,3,1,Friday,off-peak,80,Not Divided,Straight road,Level,Wet,Not Raining,Daylight,Hit Fixed Object,No Control
2017-7196-15/08/2019,1,1,Rider,Male,19.0,NotApplicable,NotApplicable,NotFatal,NotWorn,MCycling,NoLicence,Straight Ahead,1.0,2 Metropolitan,2,1,Monday,off-peak,50,T-Junction,Straight road,Level,Wet,Raining,Night,Right Angle,No Control
2017-7198-15/08/2019,1,1,Pedestrian,Male,23.0,NotApplicable,NotApplicable,NotFatal,NotWorn,Pedestrian on Road,NoLicence,On Pedestrian Crossing,1.0,2 Metropolitan,2,1,Friday,off-peak,60,Pedestrian Crossing,Straight road,Level,Dry,Not Raining,Night,Hit Pedestrian,Traffic Signals
2017-7201-15/08/2019,2,1,Driver,Male,48.0,Driver,Not Thrown Out,NotFatal,Worn,Medium,Full,Right Turn,1.0,2 Metropolitan,2,1,Monday,off-peak,60,T-Junction,Straight road,Level,Wet,Raining,Daylight,Right Turn,Traffic Signals
2017-7202-15/08/2019,1,1,Driver,Male,21.0,Driver,Not Thrown Out,NotFatal,Worn,Small,Provisional 2,Straight Ahead,1.0,2 Metropolitan,2,1,Monday,off-peak,60,Not Divided,Straight road,Level,Wet,Raining,Night,Rear End,No Control
2017-7212-15/08/2019,1,1,Rider,Male,22.0,NotApplicable,NotApplicable,NotFatal,NotWorn,MCycling,NoLicence,Straight Ahead,1.0,2 Metropolitan,1,1,Monday,peak,40,Not Divided,Straight road,Level,Wet,Raining,Daylight,Roll Over,No Control
2017-7216-15/08/2019,2,1,Driver,Female,68.0,Driver,Not Thrown Out,NotFatal,Worn,Small,Full,Straight Ahead,2.0,2 Metropolitan,2,1,Friday,off-peak,70,Cross Road,Straight road,Level,Dry,Not Raining,Daylight,Rear End,Traffic Signals
2017-7218-15/08/2019,1,1,Driver,Female,39.88915925490854,Driver,Not Thrown Out,NotFatal,Worn,Small,Provisional 1 ,Straight Ahead,1.0,3 Country,2,1,Monday,off-peak,100,Not Divided,"CURVED, VIEW OBSCURED",Slope,Wet,Raining,Night,Hit Fixed Object,No Control
2017-7219-15/08/2019,2,1,Driver,Male,57.0,Driver,Not Thrown Out,NotFatal,Worn,Small,Full,Stopped on Carriageway,1.0,2 Metropolitan,3,2,Monday,off-peak,50,T-Junction,Straight road,Level,Wet,Not Raining,Night,Rear End,Stop Sign
2017-7219-15/08/2019,3,1,Driver,Female,45.0,Driver,Not Thrown Out,NotFatal,Worn,Medium,Full,Stopped on Carriageway,1.0,2 Metropolitan,3,2,Monday,off-peak,50,T-Junction,Straight road,Level,Wet,Not Raining,Night,Rear End,Stop Sign
2017-7228-15/08/2019,2,1,Pedestrian,Female,13.0,NotApplicable,NotApplicable,NotFatal,NotWorn,Pedestrian on Road,NoLicence,Crossing without Control,1.0,2 Metropolitan,3,2,Tuesday,off-peak,50,Not Divided,Straight road,Slope,Wet,Raining,Daylight,Hit Pedestrian,No Control
2017-7228-15/08/2019,3,1,Pedestrian,Female,5.0,NotApplicable,NotApplicable,NotFatal,NotWorn,Pedestrian on Road,NoLicence,Crossing without Control,1.0,2 Metropolitan,3,2,Tuesday,off-peak,50,Not Divided,Straight road,Slope,Wet,Raining,Daylight,Hit Pedestrian,No Control
2017-7233-15/08/2019,1,1,Driver,Female,65.0,Driver,Not Thrown Out,NotFatal,Worn,Small,Full,Stopped on Carriageway,1.0,2 Metropolitan,2,2,Tuesday,off-peak,110,Divided Road,Straight road,Level,Wet,Raining,Daylight,Rear End,No Control
2017-7233-15/08/2019,2,1,Passenger,Female,39.0,Rear Seat Right Passenger,Not Thrown Out,NotFatal,NotWorn,Medium,NoLicence,Straight Ahead,4.0,2 Metropolitan,2,2,Tuesday,off-peak,110,Divided Road,Straight road,Level,Wet,Raining,Daylight,Rear End,No Control
2017-7240-15/08/2019,1,1,Passenger,Female,72.0,Front Seat Left Passenger,Not Thrown Out,NotFatal,NotWorn,Small,NoLicence,Straight Ahead,2.0,2 Metropolitan,2,1,Tuesday,off-peak,60,T-Junction,Straight road,Level,Wet,Not Raining,Night,Right Turn,Traffic Signals
2017-7248-15/08/2019,1,1,Passenger,Female,19.0,Front Seat Left Passenger,Not Thrown Out,NotFatal,NotWorn,Small,NoLicence,Stopped on Carriageway,2.0,2 Metropolitan,2,1,Monday,off-peak,60,Multiple,"CURVED, VIEW OPEN",Slope,Dry,Not Raining,Daylight,Rear End,Traffic Signals
2017-7251-15/08/2019,1,1,Driver,Male,23.0,Driver,Not Thrown Out,NotFatal,Worn,Small,Full,Stopped on Carriageway,1.0,2 Metropolitan,2,1,Tuesday,off-peak,60,Cross Road,Straight road,Level,Wet,Raining,Daylight,Rear End,Roundabout
2017-7253-15/08/2019,1,1,Driver,Female,39.88915925490854,Driver,Not Thrown Out,NotFatal,Worn,Small,Full,Straight Ahead,1.0,2 Metropolitan,3,1,Wednesday,off-peak,80,Divided Road,Straight road,Level,Dry,Not Raining,Daylight,Rear End,No Control
2017-7254-15/08/2019,1,1,Driver,Female,69.0,Driver,Not Thrown Out,NotFatal,Worn,Small,Full,Straight Ahead,1.0,3 Country,2,1,Tuesday,off-peak,60,Cross Road,Straight road,Level,Dry,Not Raining,Daylight,Right Angle,Give Way Sign
2017-7264-15/08/2019,1,1,Driver,Male,84.0,Driver,Not Thrown Out,NotFatal,Worn,Small,Full,Leaving Private Driveway,2.0,2 Metropolitan,2,2,Wednesday,peak,80,Divided Road,Straight road,Level,Dry,Not Raining,Daylight,Right Angle,No Control
2017-7264-15/08/2019,2,1,Driver,Female,20.0,Driver,Not Thrown Out,NotFatal,Worn,Medium,Provisional 2,Straight Ahead,1.0,2 Metropolitan,2,2,Wednesday,peak,80,Divided Road,Straight road,Level,Dry,Not Raining,Daylight,Right Angle,No Control
2017-7267-15/08/2019,2,1,Driver,Female,33.0,Driver,Not Thrown Out,NotFatal,Worn,Small,Full,Right Turn,1.0,2 Metropolitan,2,1,Wednesday,peak,60,Cross Road,Straight road,Level,Dry,Not Raining,Night,Right Turn,Traffic Signals
2017-7270-15/08/2019,2,1,Driver,Female,18.0,Driver,Not Thrown Out,NotFatal,Worn,Small,Provisional 2,Straight Ahead,1.0,2 Metropolitan,2,1,Wednesday,off-peak,60,T-Junction,Straight road,Level,Dry,Not Raining,Night,Rear End,No Control
2017-7273-15/08/2019,1,1,Driver,Female,69.0,Driver,Not Thrown Out,NotFatal,Worn,Small,Full,Straight Ahead,1.0,2 Metropolitan,2,1,Wednesday,peak,60,Cross Road,Straight road,Level,Dry,Not Raining,Daylight,Right Angle,Stop Sign
2017-7274-15/08/2019,1,1,Driver,Male,17.0,Driver,Not Thrown Out,NotFatal,Worn,Small,Provisional 1 ,Straight Ahead,1.0,2 Metropolitan,3,1,Wednesday,off-peak,50,Not Divided,"CURVED, VIEW OPEN",Crest of Hill,Dry,Not Raining,Night,Hit Fixed Object,No Control
2017-7276-15/08/2019,1,1,Driver,Male,20.0,Driver,Not Thrown Out,NotFatal,Worn,Small,Provisional 2,Straight Ahead,1.0,2 Metropolitan,2,1,Thursday,off-peak,70,Cross Road,Straight road,Level,Dry,Not Raining,Night,Right Angle,Traffic Signals
2017-7278-15/08/2019,1,1,Driver,Male,23.0,Driver,Not Thrown Out,NotFatal,Worn,Utility,Provisional 2,Straight Ahead,1.0,1 City,2,1,Thursday,off-peak,50,Divided Road,Straight road,Level,Dry,Not Raining,Night,Rear End,No Control
2017-7279-15/08/2019,1,1,Driver,Male,81.0,Driver,Not Thrown Out,NotFatal,Worn,Small,Full,Straight Ahead,2.0,2 Metropolitan,2,3,Thursday,off-peak,60,Divided Road,Straight road,Slope,Dry,Not Raining,Daylight,Rear End,No Control
2017-7279-15/08/2019,1,2,Passenger,Female,42.0,Front Seat Left Passenger,Not Thrown Out,NotFatal,NotWorn,Small,NoLicence,Straight Ahead,2.0,2 Metropolitan,2,3,Thursday,off-peak,60,Divided Road,Straight road,Slope,Dry,Not Raining,Daylight,Rear End,No Control
2017-7279-15/08/2019,2,1,Driver,Male,66.0,Driver,Not Thrown Out,NotFatal,Worn,Medium,Full,Stopped on Carriageway,2.0,2 Metropolitan,2,3,Thursday,off-peak,60,Divided Road,Straight road,Slope,Dry,Not Raining,Daylight,Rear End,No Control
2017-7280-15/08/2019,2,1,Rider,Male,53.0,NotApplicable,NotApplicable,NotFatal,NotWorn,MCycling,NoLicence,Straight Ahead,1.0,2 Metropolitan,2,1,Thursday,peak,60,T-Junction,Straight road,Slope,Dry,Not Raining,Daylight,Rear End,No Control
2017-7285-15/08/2019,1,1,Passenger,Female,68.0,Front Seat Left Passenger,Not Thrown Out,NotFatal,NotWorn,Small,NoLicence,Overtaking - on Right,2.0,3 Country,2,2,Thursday,off-peak,110,Not Divided,Straight road,Level,Dry,Not Raining,Daylight,Side Swipe,No Control
2017-7285-15/08/2019,2,1,Driver,Male,44.0,Driver,Not Thrown Out,NotFatal,Worn,Utility,Full,Entering Private Driveway,1.0,3 Country,2,2,Thursday,off-peak,110,Not Divided,Straight road,Level,Dry,Not Raining,Daylight,Side Swipe,No Control
2017-7289-15/08/2019,1,1,Driver,Female,17.0,Driver,Not Thrown Out,NotFatal,Worn,Small,Provisional 1 ,Straight Ahead,1.0,2 Metropolitan,2,1,Thursday,off-peak,60,Cross Road,Straight road,Level,Dry,Not Raining,Daylight,Right Turn,Traffic Signals
2017-7293-15/08/2019,1,1,Passenger,Female,28.0,Front Seat Left Passenger,Not Thrown Out,NotFatal,NotWorn,Small,NoLicence,Straight Ahead,2.0,2 Metropolitan,2,1,Thursday,off-peak,60,Cross Road,Straight road,Level,Dry,Not Raining,Daylight,Right Turn,Stop Sign
2017-7295-15/08/2019,2,1,Rider,Male,61.0,NotApplicable,NotApplicable,Fatal,NotWorn,MCycling,NoLicence,Straight Ahead,1.0,2 Metropolitan,2,1,Thursday,off-peak,80,Not Divided,Straight road,Slope,Dry,Not Raining,Daylight,Side Swipe,No Control
2017-7298-15/08/2019,2,1,Passenger,Female,27.0,Front Seat Left Passenger,Not Thrown Out,NotFatal,NotWorn,Small,NoLicence,Right Turn,2.0,2 Metropolitan,2,1,Thursday,off-peak,60,T-Junction,Straight road,Level,Dry,Not Raining,Night,Right Turn,No Control
2017-7300-15/08/2019,3,1,Driver,Male,27.0,Driver,Not Thrown Out,NotFatal,Worn,Small,Full,Stopped on Carriageway,1.0,2 Metropolitan,3,1,Thursday,peak,60,Divided Road,Straight road,Level,Dry,Not Raining,Night,Rear End,No Control
2017-7301-15/08/2019,2,1,Driver,Female,24.0,Driver,Not Thrown Out,NotFatal,Worn,Small,Full,Straight Ahead,1.0,2 Metropolitan,2,1,Thursday,peak,60,Cross Road,Straight road,Bottom of Hill,Dry,Not Raining,Night,Rear End,Traffic Signals
2017-7311-15/08/2019,1,1,Driver,Male,32.0,Driver,Not Thrown Out,NotFatal,Worn,Small,Full,Stopped on Carriageway,3.0,2 Metropolitan,2,1,Thursday,off-peak,60,Divided Road,Straight road,Slope,Dry,Not Raining,Daylight,Rear End,No Control
2017-7312-15/08/2019,2,1,Driver,Male,23.0,Driver,Not Thrown Out,NotFatal,Worn,Utility,Full,Stopped on Carriageway,1.0,2 Metropolitan,2,1,Friday,peak,60,T-Junction,Straight road,Slope,Dry,Not Raining,Daylight,Rear End,No Control
2017-7314-15/08/2019,1,1,Pedestrian,Female,81.0,NotApplicable,NotApplicable,NotFatal,NotWorn,Pedestrian on Road,NoLicence,Crossing without Control,1.0,3 Country,2,1,Tuesday,off-peak,50,Not Divided,Straight road,Level,Wet,Not Raining,Daylight,Hit Pedestrian,No Control
2017-7316-15/08/2019,1,1,Driver,Male,32.0,Driver,Not Thrown Out,NotFatal,Worn,Utility,Full,Stopped on Carriageway,1.0,2 Metropolitan,2,1,Thursday,off-peak,60,T-Junction,Straight road,Level,Dry,Not Raining,Night,Rear End,No Control
2017-7317-15/08/2019,1,1,Rider,Male,44.0,NotApplicable,NotApplicable,NotFatal,NotWorn,MCycling,NoLicence,Straight Ahead,1.0,2 Metropolitan,2,1,Friday,off-peak,60,Divided Road,Straight road,Level,Dry,Not Raining,Daylight,Rear End,No Control
2017-7322-15/08/2019,1,1,Rider,Male,72.0,NotApplicable,NotApplicable,NotFatal,NotWorn,MCycling,NoLicence,Straight Ahead,1.0,3 Country,2,1,Friday,off-peak,80,Not Divided,Straight road,Level,Dry,Not Raining,Daylight,Hit Fixed Object,No Control
2017-7323-15/08/2019,2,1,Driver,Female,73.0,Driver,Not Thrown Out,NotFatal,Worn,Medium,Full,Right Turn,1.0,2 Metropolitan,2,1,Friday,off-peak,110,T-Junction,Straight road,Level,Dry,Not Raining,Daylight,Right Angle,Give Way Sign
2017-7324-15/08/2019,1,1,Passenger,Female,36.0,Front Seat Left Passenger,Not Thrown Out,NotFatal,NotWorn,Medium,NoLicence,Straight Ahead,7.0,2 Metropolitan,2,2,Friday,off-peak,80,Divided Road,Straight road,Level,Dry,Not Raining,Daylight,Rear End,No Control
2017-7324-15/08/2019,2,1,Driver,Female,53.0,Driver,Not Thrown Out,NotFatal,Worn,Small,Full,Straight Ahead,1.0,2 Metropolitan,2,2,Friday,off-peak,80,Divided Road,Straight road,Level,Dry,Not Raining,Daylight,Rear End,No Control
2017-7325-15/08/2019,1,1,Driver,Female,52.0,Driver,Not Thrown Out,NotFatal,Worn,Small,Full,Right Turn,1.0,2 Metropolitan,2,1,Friday,off-peak,60,T-Junction,Straight road,Level,Dry,Not Raining,Daylight,Right Angle,No Control
2017-7327-15/08/2019,1,1,Driver,Male,21.0,Driver,Not Thrown Out,NotFatal,Worn,Medium,Unknown,Straight Ahead,1.0,3 Country,2,1,Friday,off-peak,110,Not Divided,"CURVED, VIEW OBSCURED",Level,Dry,Not Raining,Night,Roll Over,No Control
2017-7328-15/08/2019,1,1,Driver,Male,55.0,Driver,Not Thrown Out,NotFatal,Unknown,Large,Full,Left Turn,1.0,2 Metropolitan,1,1,Friday,off-peak,100,Other,Straight road,Slope,Dry,Not Raining,Daylight,Roll Over,No Control
2017-7329-15/08/2019,2,1,Rider,Female,50.0,NotApplicable,NotApplicable,NotFatal,NotWorn,PCycling,NoLicence,Straight Ahead,1.0,2 Metropolitan,2,1,Thursday,off-peak,50,Cross Road,Straight road,Slope,Dry,Not Raining,Daylight,Right Angle,Give Way Sign
2017-7330-15/08/2019,1,1,Passenger,Female,39.88915925490854,Front Seat Left Passenger,Not Thrown Out,NotFatal,NotWorn,Small,NoLicence,Straight Ahead,2.0,2 Metropolitan,2,1,Friday,peak,60,T-Junction,Straight road,Level,Dry,Not Raining,Daylight,Rear End,No Control
2017-7331-15/08/2019,1,1,Driver,Male,60.0,Driver,Not Thrown Out,NotFatal,Worn,Small,Full,Straight Ahead,1.0,2 Metropolitan,2,1,Friday,off-peak,80,Cross Road,Straight road,Level,Dry,Not Raining,Daylight,Right Angle,Give Way Sign
2017-7332-15/08/2019,1,1,Driver,Male,42.0,Driver,Not Thrown Out,NotFatal,Worn,Small,Full,Stopped on Carriageway,1.0,2 Metropolitan,2,2,Friday,peak,90,Divided Road,Straight road,Level,Dry,Not Raining,Daylight,Rear End,No Control
2017-7332-15/08/2019,2,1,Driver,Female,39.88915925490854,Driver,Not Thrown Out,NotFatal,Worn,Small,Full,Straight Ahead,1.0,2 Metropolitan,2,2,Friday,peak,90,Divided Road,Straight road,Level,Dry,Not Raining,Daylight,Rear End,No Control
2017-7333-15/08/2019,2,1,Pedestrian,Male,69.0,NotApplicable,NotApplicable,NotFatal,NotWorn,Pedestrian on Road,NoLicence,Crossing with Traffic Signals,1.0,2 Metropolitan,2,1,Friday,peak,60,Cross Road,Straight road,Level,Dry,Not Raining,Daylight,Hit Pedestrian,Traffic Signals
2017-7339-15/08/2019,2,1,Driver,Female,36.0,Driver,Not Thrown Out,NotFatal,Worn,Small,Full,Stopped on Carriageway,2.0,2 Metropolitan,5,4,Friday,off-peak,80,Divided Road,Straight road,Level,Dry,Not Raining,Night,Rear End,No Control
2017-7339-15/08/2019,2,2,Passenger,Male,8.0,Front Seat Left Passenger,Not Thrown Out,NotFatal,NotWorn,Small,NoLicence,Stopped on Carriageway,2.0,2 Metropolitan,5,4,Friday,off-peak,80,Divided Road,Straight road,Level,Dry,Not Raining,Night,Rear End,No Control
2017-7339-15/08/2019,3,1,Driver,Male,79.0,Driver,Not Thrown Out,NotFatal,Worn,Small,Full,Stopped on Carriageway,2.0,2 Metropolitan,5,4,Friday,off-peak,80,Divided Road,Straight road,Level,Dry,Not Raining,Night,Rear End,No Control
2017-7339-15/08/2019,3,2,Passenger,Female,76.0,Front Seat Left Passenger,Not Thrown Out,NotFatal,NotWorn,Small,NoLicence,Stopped on Carriageway,2.0,2 Metropolitan,5,4,Friday,off-peak,80,Divided Road,Straight road,Level,Dry,Not Raining,Night,Rear End,No Control
2017-7346-15/08/2019,1,1,Passenger,Male,27.0,Front Seat Left Passenger,Not Thrown Out,NotFatal,NotWorn,Medium,NoLicence,U Turn,2.0,2 Metropolitan,2,2,Friday,peak,60,T-Junction,Straight road,Level,Dry,Not Raining,Night,Right Turn,Give Way Sign
2017-7346-15/08/2019,2,1,Rider,Male,31.0,NotApplicable,NotApplicable,NotFatal,NotWorn,MCycling,NoLicence,Straight Ahead,1.0,2 Metropolitan,2,2,Friday,peak,60,T-Junction,Straight road,Level,Dry,Not Raining,Night,Right Turn,Give Way Sign
2017-7347-15/08/2019,1,1,Driver,Male,86.0,Driver,Not Thrown Out,NotFatal,Worn,Small,Full,Straight Ahead,1.0,2 Metropolitan,2,1,Friday,off-peak,50,Not Divided,Straight road,Level,Dry,Not Raining,Night,Hit Parked Vehicle,No Control
2017-7349-15/08/2019,1,1,Driver,Male,32.0,Driver,Not Thrown Out,NotFatal,Worn,Small,Probationary,Stopped on Carriageway,3.0,1 City,2,1,Friday,off-peak,50,Cross Road,Straight road,Level,Dry,Not Raining,Night,Rear End,Give Way Sign
2017-7357-15/08/2019,1,1,Rider,Male,38.0,NotApplicable,NotApplicable,NotFatal,NotWorn,MCycling,NoLicence,Straight Ahead,1.0,3 Country,1,1,Friday,off-peak,100,Not Divided,"CURVED, VIEW OPEN",Level,Dry,Not Raining,Daylight,Roll Over,No Control
2017-7362-15/08/2019,1,1,Rider,Male,56.0,NotApplicable,NotApplicable,NotFatal,NotWorn,MCycling,NoLicence,Straight Ahead,1.0,2 Metropolitan,2,1,Saturday,off-peak,110,Other,"CURVED, VIEW OPEN",Slope,Dry,Not Raining,Daylight,Hit Fixed Object,No Control
2017-7363-15/08/2019,1,1,Rider,Male,15.0,NotApplicable,NotApplicable,NotFatal,NotWorn,PCycling,NoLicence,Straight Ahead,1.0,2 Metropolitan,2,1,Friday,peak,60,T-Junction,Straight road,Level,Dry,Not Raining,Daylight,Side Swipe,No Control
2017-7364-15/08/2019,2,1,Rider,Male,47.0,NotApplicable,NotApplicable,NotFatal,NotWorn,MCycling,NoLicence,Straight Ahead,1.0,2 Metropolitan,2,1,Friday,off-peak,50,T-Junction,Straight road,Level,Dry,Not Raining,Night,Right Turn,No Control
2017-7371-15/08/2019,2,1,Passenger,Female,43.0,Front Seat Left Passenger,Not Thrown Out,NotFatal,NotWorn,Small,NoLicence,Straight Ahead,2.0,2 Metropolitan,3,2,Saturday,peak,60,Not Divided,Straight road,Level,Dry,Not Raining,Daylight,Rear End,No Control
2017-7371-15/08/2019,3,1,Passenger,Male,73.0,Rear Seat Left Passenger,Not Thrown Out,NotFatal,NotWorn,Small,NoLicence,Straight Ahead,3.0,2 Metropolitan,3,2,Saturday,peak,60,Not Divided,Straight road,Level,Dry,Not Raining,Daylight,Rear End,No Control
2017-7373-15/08/2019,1,1,Driver,Male,47.0,Driver,Not Thrown Out,NotFatal,Worn,Medium,Full,Straight Ahead,1.0,2 Metropolitan,2,1,Saturday,off-peak,90,Freeway,Straight road,Level,Dry,Not Raining,Daylight,Hit Fixed Object,No Control
2017-7374-15/08/2019,1,1,Driver,Male,25.0,Driver,Not Thrown Out,NotFatal,Worn,Utility,Full,Straight Ahead,2.0,2 Metropolitan,2,1,Friday,off-peak,50,T-Junction,Straight road,Level,Dry,Not Raining,Night,Right Turn,No Control
2017-7375-15/08/2019,2,1,Driver,Female,20.0,Driver,Not Thrown Out,NotFatal,Worn,Small,Full,Straight Ahead,1.0,2 Metropolitan,2,1,Saturday,off-peak,80,Divided Road,Straight road,Level,Dry,Not Raining,Night,Rear End,No Control
2017-7378-15/08/2019,1,1,Driver,Female,60.0,Driver,Not Thrown Out,NotFatal,Worn,Small,Full,Stopped on Carriageway,1.0,2 Metropolitan,2,2,Saturday,off-peak,60,T-Junction,Straight road,Level,Dry,Not Raining,Night,Rear End,No Control
2017-7378-15/08/2019,2,1,Driver,Female,18.0,Driver,Not Thrown Out,NotFatal,Worn,Small,Probationary,Straight Ahead,1.0,2 Metropolitan,2,2,Saturday,off-peak,60,T-Junction,Straight road,Level,Dry,Not Raining,Night,Rear End,No Control
2017-7379-15/08/2019,1,1,Driver,Female,54.0,Driver,Not Thrown Out,NotFatal,Worn,Small,Full,Straight Ahead,1.0,2 Metropolitan,2,1,Friday,peak,100,Freeway,Straight road,Bottom of Hill,Dry,Not Raining,Daylight,Rear End,No Control
2017-7380-15/08/2019,1,1,Driver,Female,61.0,Driver,Not Thrown Out,NotFatal,Worn,Small,Full,Stopped on Carriageway,1.0,2 Metropolitan,2,1,Saturday,off-peak,60,Cross Road,Straight road,Level,Dry,Not Raining,Daylight,Rear End,Roundabout
2017-7382-15/08/2019,1,1,Driver,Male,22.0,Driver,Not Thrown Out,NotFatal,Worn,Small,Full,Straight Ahead,1.0,2 Metropolitan,2,1,Saturday,off-peak,50,Not Divided,Straight road,Level,Dry,Not Raining,Night,Hit Parked Vehicle,No Control
2017-7387-15/08/2019,2,1,Rider,Male,47.0,NotApplicable,NotApplicable,NotFatal,NotWorn,PCycling,NoLicence,Straight Ahead,1.0,2 Metropolitan,2,1,Sunday,peak,50,Cross Road,Straight road,Level,Dry,Not Raining,Daylight,Right Angle,Stop Sign
2017-7389-15/08/2019,1,1,Passenger,Female,26.0,Front Seat Left Passenger,Not Thrown Out,NotFatal,NotWorn,Small,NoLicence,Other,2.0,2 Metropolitan,2,2,Saturday,off-peak,60,Cross Road,Straight road,Level,Dry,Not Raining,Daylight,Right Turn,Stop Sign
2017-7389-15/08/2019,2,1,Driver,Female,51.0,Driver,Not Thrown Out,NotFatal,Worn,Small,Full,Right Turn,1.0,2 Metropolitan,2,2,Saturday,off-peak,60,Cross Road,Straight road,Level,Dry,Not Raining,Daylight,Right Turn,Stop Sign
2017-7391-15/08/2019,1,1,Driver,Female,85.0,Driver,Not Thrown Out,NotFatal,Worn,Medium,Full,Straight Ahead,1.0,3 Country,2,1,Sunday,off-peak,50,Not Divided,Straight road,Level,Dry,Not Raining,Daylight,Hit Parked Vehicle,No Control
2017-7392-15/08/2019,1,1,Rider,Male,22.0,NotApplicable,NotApplicable,NotFatal,NotWorn,MCycling,NoLicence,Straight Ahead,1.0,2 Metropolitan,1,1,Saturday,off-peak,60,Divided Road,Straight road,Level,Dry,Not Raining,Night,Roll Over,No Control
2017-7394-15/08/2019,1,1,Passenger,Male,52.0,Front Seat Left Passenger,Not Thrown Out,NotFatal,NotWorn,Utility,NoLicence,Straight Ahead,4.0,2 Metropolitan,2,4,Friday,off-peak,110,Freeway,Straight road,Crest of Hill,Dry,Not Raining,Night,Rear End,No Control
2017-7394-15/08/2019,1,2,Passenger,Female,10.0,Rear Seat Left Passenger,Not Thrown Out,NotFatal,NotWorn,Utility,NoLicence,Straight Ahead,4.0,2 Metropolitan,2,4,Friday,off-peak,110,Freeway,Straight road,Crest of Hill,Dry,Not Raining,Night,Rear End,No Control
2017-7394-15/08/2019,1,3,Passenger,Male,12.0,Rear Seat Right Passenger,Not Thrown Out,NotFatal,NotWorn,Utility,NoLicence,Straight Ahead,4.0,2 Metropolitan,2,4,Friday,off-peak,110,Freeway,Straight road,Crest of Hill,Dry,Not Raining,Night,Rear End,No Control
2017-7394-15/08/2019,2,1,Driver,Female,18.0,Driver,Not Thrown Out,NotFatal,Worn,Utility,Provisional 2,Straight Ahead,2.0,2 Metropolitan,2,4,Friday,off-peak,110,Freeway,Straight road,Crest of Hill,Dry,Not Raining,Night,Rear End,No Control