REPORT_ID,UND_UNIT_NUMBER,CASUALTY_NUMBER,cas_type,cas_gender,cas_age,cas_pos_in_veh,thrown_out,fatality,seat_belt,unit_type,lic_type,unit_movement,n_occupants,stat_area,total_units,cas_total,day,time,area_speed,acc_pos,hor_align,ver_align,moist_cond,wea_cond,dayNight,crash_type,traf_ctrls
2017-8308-15/08/2019,2,1,Pedestrian,Female,56.0,NotApplicable,NotApplicable,NotFatal,NotWorn,Pedestrian on Road,NoLicence,Crossing without Control,1.0,1 City,2,1,Thursday,peak,50,T-Junction,Straight road,Level,Wet,Raining,Daylight,Hit Pedestrian,No Control
2017-8312-15/08/2019,2,1,Driver,Female,22.0,Driver,Not Thrown Out,NotFatal,Unknown,Small,Full,Straight Ahead,1.0,2 Metropolitan,2,1,Thursday,off-peak,60,T-Junction,Straight road,Level,Wet,Raining,Daylight,Rear End,No Control
2017-8314-15/08/2019,2,1,Driver,Female,28.0,Driver,Not Thrown Out,NotFatal,Worn,Small,Full,Stopped on Carriageway,1.0,2 Metropolitan,3,1,Thursday,peak,60,Cross Road,Straight road,Level,Dry,Not Raining,Daylight,Rear End,Traffic Signals
2017-8315-15/08/2019,1,1,Rider,Male,60.0,NotApplicable,NotApplicable,NotFatal,NotWorn,PCycling,NoLicence,Straight Ahead,1.0,2 Metropolitan,1,1,Thursday,off-peak,60,Divided Road,"CURVED, VIEW OPEN",Level,Dry,Not Raining,Daylight,Roll Over,No Control
2017-8326-15/08/2019,1,1,Driver,Female,59.0,Driver,Not Thrown Out,NotFatal,Worn,Utility,Full,Straight Ahead,2.0,3 Country,2,1,Friday,peak,100,Not Divided,"CURVED, VIEW OPEN",Level,Wet,Raining,Daylight,Hit Fixed Object,No Control
2017-8327-15/08/2019,2,1,Driver,Female,49.0,Driver,Not Thrown Out,NotFatal,Unknown,Small,Full,Straight Ahead,1.0,2 Metropolitan,2,1,Friday,off-peak,50,Cross Road,Straight road,Level,Dry,Not Raining,Daylight,Right Angle,Give Way Sign
2017-8328-15/08/2019,1,1,Driver,Female,28.0,Driver,Not Thrown Out,NotFatal,Worn,Small,Full,Right Turn,2.0,2 Metropolitan,2,1,Friday,peak,50,Cross Road,Straight road,Level,Dry,Not Raining,Daylight,Side Swipe,Traffic Signals
2017-8332-15/08/2019,3,1,Driver,Male,55.0,Driver,Not Thrown Out,NotFatal,Worn,Small,Full,Stopped on Carriageway,1.0,2 Metropolitan,3,1,Thursday,peak,60,Divided Road,Straight road,Level,Dry,Not Raining,Daylight,Rear End,No Control
2017-8334-15/08/2019,1,1,Driver,Male,62.0,Driver,Not Thrown Out,NotFatal,Worn,Medium,Full,Stopped on Carriageway,1.0,2 Metropolitan,3,1,Friday,off-peak,60,Cross Road,Straight road,Level,Dry,Not Raining,Daylight,Rear End,Traffic Signals
2017-8339-15/08/2019,2,1,Driver,Male,65.0,Driver,Not Thrown Out,NotFatal,Worn,Small,Full,Straight Ahead,1.0,2 Metropolitan,3,1,Friday,peak,60,T-Junction,Straight road,Level,Wet,Raining,Daylight,Rear End,No Control
2017-8343-15/08/2019,1,1,Rider,Male,51.0,NotApplicable,NotApplicable,Fatal,NotWorn,PCycling,NoLicence,Straight Ahead,1.0,2 Metropolitan,2,1,Friday,off-peak,60,Divided Road,"CURVED, VIEW OPEN",Level,Dry,Not Raining,Daylight,Right Angle,No Control
2017-8344-15/08/2019,1,1,Driver,Male,39.88915925490854,Driver,Not Thrown Out,NotFatal,Worn,Medium,Full,Swerving,1.0,3 Country,2,1,Friday,off-peak,110,Not Divided,Straight road,Level,Dry,Not Raining,Night,Hit Fixed Object,No Control
2017-8346-15/08/2019,1,1,Driver,Female,65.0,Driver,Not Thrown Out,NotFatal,Worn,Medium,Full,Right Turn,3.0,3 Country,4,1,Friday,off-peak,110,T-Junction,Straight road,Level,Wet,Not Raining,Night,Right Angle,Give Way Sign
2017-8349-15/08/2019,1,1,Driver,Male,44.0,Driver,Not Thrown Out,NotFatal,Worn,Small,Full,Straight Ahead,1.0,2 Metropolitan,2,1,Friday,peak,100,Not Divided,"CURVED, VIEW OPEN",Level,Dry,Not Raining,Night,Hit Fixed Object,No Control
2017-8350-15/08/2019,1,1,Driver,Male,29.0,Driver,Not Thrown Out,NotFatal,Worn,Small,Full,Straight Ahead,3.0,2 Metropolitan,2,3,Friday,off-peak,80,Not Divided,"CURVED, VIEW OBSCURED",Level,Wet,Not Raining,Night,Hit Fixed Object,No Control
2017-8350-15/08/2019,1,2,Passenger,Female,22.0,Front Seat Left Passenger,Not Thrown Out,NotFatal,NotWorn,Small,NoLicence,Straight Ahead,3.0,2 Metropolitan,2,3,Friday,off-peak,80,Not Divided,"CURVED, VIEW OBSCURED",Level,Wet,Not Raining,Night,Hit Fixed Object,No Control
2017-8350-15/08/2019,1,3,Passenger,Female,26.0,Rear Seat Left Passenger,Not Thrown Out,NotFatal,NotWorn,Small,NoLicence,Straight Ahead,3.0,2 Metropolitan,2,3,Friday,off-peak,80,Not Divided,"CURVED, VIEW OBSCURED",Level,Wet,Not Raining,Night,Hit Fixed Object,No Control
2017-8353-15/08/2019,1,1,Driver,Male,19.0,Driver,Not Thrown Out,NotFatal,Unknown,Small,Provisional 2,Straight Ahead,1.0,2 Metropolitan,3,1,Saturday,off-peak,50,Not Divided,Straight road,Level,Dry,Not Raining,Night,Hit Fixed Object,No Control
2017-8367-15/08/2019,2,1,Pedestrian,Female,8.0,NotApplicable,NotApplicable,NotFatal,NotWorn,Pedestrian on Road,NoLicence,Crossing without Control,1.0,2 Metropolitan,2,1,Thursday,off-peak,50,Not Divided,Straight road,Bottom of Hill,Dry,Not Raining,Daylight,Hit Pedestrian,No Control
2017-8368-15/08/2019,1,1,Driver,Female,76.0,Driver,Not Thrown Out,NotFatal,Worn,Small,Full,Straight Ahead,1.0,2 Metropolitan,3,1,Saturday,off-peak,80,Divided Road,Straight road,Level,Dry,Not Raining,Daylight,Rear End,No Control
2017-8369-15/08/2019,1,1,Driver,Female,43.0,Driver,Not Thrown Out,NotFatal,Worn,Small,Full,Stopped on Carriageway,1.0,2 Metropolitan,2,1,Friday,off-peak,60,Not Divided,Straight road,Slope,Dry,Not Raining,Daylight,Rear End,No Control
2017-8371-15/08/2019,1,1,Driver,Female,50.0,Driver,Not Thrown Out,NotFatal,Worn,Medium,Full,Straight Ahead,3.0,3 Country,2,3,Saturday,off-peak,100,Not Divided,Straight road,Level,Dry,Not Raining,Daylight,Hit Fixed Object,No Control
2017-8371-15/08/2019,1,2,Passenger,Male,11.0,Rear Seat Left Passenger,Not Thrown Out,NotFatal,NotWorn,Medium,NoLicence,Straight Ahead,3.0,3 Country,2,3,Saturday,off-peak,100,Not Divided,Straight road,Level,Dry,Not Raining,Daylight,Hit Fixed Object,No Control
2017-8371-15/08/2019,1,3,Passenger,Female,14.0,Front Seat Left Passenger,Not Thrown Out,NotFatal,NotWorn,Medium,NoLicence,Straight Ahead,3.0,3 Country,2,3,Saturday,off-peak,100,Not Divided,Straight road,Level,Dry,Not Raining,Daylight,Hit Fixed Object,No Control
2017-8372-15/08/2019,1,1,Driver,Female,27.0,Driver,Not Thrown Out,NotFatal,Worn,Small,Full,Straight Ahead,2.0,2 Metropolitan,2,1,Friday,off-peak,60,Cross Road,Straight road,Level,Dry,Not Raining,Night,Right Turn,Traffic Signals
2017-8373-15/08/2019,2,1,Driver,Male,22.0,Driver,Not Thrown Out,NotFatal,Worn,Small,Full,Straight Ahead,1.0,2 Metropolitan,2,1,Friday,off-peak,60,T-Junction,Straight road,Level,Dry,Not Raining,Night,Right Angle,No Control
2017-8376-15/08/2019,2,1,Passenger,Female,53.0,Rear Seat Right Passenger,Not Thrown Out,NotFatal,NotWorn,Small,NoLicence,Right Turn,3.0,2 Metropolitan,2,1,Saturday,peak,60,T-Junction,Straight road,Level,Dry,Not Raining,Daylight,Right Turn,Traffic Signals
2017-8385-15/08/2019,1,1,Driver,Male,22.0,Driver,Not Thrown Out,NotFatal,Unknown,Small,Full,Straight Ahead,1.0,2 Metropolitan,2,1,Saturday,off-peak,70,T-Junction,Straight road,Level,Dry,Not Raining,Night,Hit Fixed Object,Give Way Sign
2017-8386-15/08/2019,1,1,Driver,Female,39.88915925490854,Driver,Not Thrown Out,NotFatal,Worn,Medium,Unknown,Straight Ahead,2.0,3 Country,1,2,Saturday,peak,110,Not Divided,Straight road,Level,Dry,Not Raining,Daylight,Roll Over,No Control
2017-8386-15/08/2019,1,2,Passenger,Male,52.0,Front Seat Left Passenger,Not Thrown Out,NotFatal,NotWorn,Medium,NoLicence,Straight Ahead,2.0,3 Country,1,2,Saturday,peak,110,Not Divided,Straight road,Level,Dry,Not Raining,Daylight,Roll Over,No Control
2017-8389-15/08/2019,1,1,Driver,Female,34.0,Driver,Not Thrown Out,NotFatal,Worn,Medium,Full,Straight Ahead,1.0,3 Country,2,2,Saturday,peak,110,T-Junction,Straight road,Level,Dry,Not Raining,Daylight,Right Angle,No Control
2017-8389-15/08/2019,2,1,Driver,Female,58.0,Driver,Not Thrown Out,NotFatal,Worn,Medium,Full,Right Turn,1.0,3 Country,2,2,Saturday,peak,110,T-Junction,Straight road,Level,Dry,Not Raining,Daylight,Right Angle,No Control
2017-8391-15/08/2019,1,1,Passenger,Male,15.0,Front Seat Left Passenger,Not Thrown Out,NotFatal,NotWorn,Medium,NoLicence,Straight Ahead,2.0,2 Metropolitan,2,2,Sunday,off-peak,80,Cross Road,Straight road,Level,Dry,Not Raining,Night,Right Angle,Traffic Signals
2017-8391-15/08/2019,2,1,Driver,Female,40.0,Driver,Not Thrown Out,Fatal,Worn,Small,Full,Straight Ahead,1.0,2 Metropolitan,2,2,Sunday,off-peak,80,Cross Road,Straight road,Level,Dry,Not Raining,Night,Right Angle,Traffic Signals
2017-8393-15/08/2019,1,1,Rider,Male,47.0,NotApplicable,NotApplicable,NotFatal,NotWorn,MCycling,NoLicence,Straight Ahead,1.0,2 Metropolitan,2,1,Sunday,off-peak,80,T-Junction,Straight road,Level,Dry,Not Raining,Daylight,Hit Fixed Object,Traffic Signals
2017-8396-15/08/2019,2,1,Driver,Male,45.0,Driver,Not Thrown Out,NotFatal,Worn,Small,Full,Stopped on Carriageway,4.0,2 Metropolitan,2,2,Sunday,off-peak,60,T-Junction,Straight road,Level,Dry,Not Raining,Daylight,Rear End,No Control
2017-8396-15/08/2019,2,2,Passenger,Female,39.0,Rear Seat Right Passenger,Not Thrown Out,NotFatal,NotWorn,Small,NoLicence,Stopped on Carriageway,4.0,2 Metropolitan,2,2,Sunday,off-peak,60,T-Junction,Straight road,Level,Dry,Not Raining,Daylight,Rear End,No Control
2017-8400-15/08/2019,1,1,Passenger,Female,34.0,Front Seat Left Passenger,Not Thrown Out,NotFatal,NotWorn,Medium,NoLicence,Straight Ahead,2.0,1 City,2,1,Sunday,off-peak,50,Cross Road,Straight road,Level,Dry,Not Raining,Daylight,Right Turn,Traffic Signals
2017-8404-15/08/2019,1,1,Passenger,Female,53.0,Front Seat Left Passenger,Not Thrown Out,NotFatal,NotWorn,Small,NoLicence,Right Turn,2.0,2 Metropolitan,2,1,Sunday,off-peak,60,Cross Road,Straight road,Level,Dry,Not Raining,Daylight,Right Turn,Traffic Signals
2017-8406-15/08/2019,1,1,Rider,Male,56.0,NotApplicable,NotApplicable,NotFatal,NotWorn,PCycling,NoLicence,Straight Ahead,1.0,2 Metropolitan,2,1,Sunday,off-peak,50,T-Junction,Straight road,Level,Dry,Not Raining,Daylight,Hit Parked Vehicle,No Control
2017-8408-15/08/2019,1,1,Driver,Male,75.0,Driver,Not Thrown Out,NotFatal,Worn,Medium,Full,Straight Ahead,1.0,3 Country,1,1,Sunday,off-peak,100,Not Divided,"CURVED, VIEW OBSCURED",Level,Dry,Not Raining,Daylight,Roll Over,No Control
2017-8410-15/08/2019,2,1,Rider,Male,49.0,NotApplicable,NotApplicable,NotFatal,NotWorn,PCycling,NoLicence,Straight Ahead,1.0,2 Metropolitan,2,1,Sunday,peak,60,Cross Road,Straight road,Slope,Wet,Raining,Daylight,Right Angle,Roundabout
2017-8418-15/08/2019,1,1,Driver,Male,65.0,Driver,Not Thrown Out,NotFatal,Unknown,Medium,Full,Straight Ahead,1.0,2 Metropolitan,2,1,Sunday,off-peak,60,Cross Road,Straight road,Slope,Wet,Raining,Night,Hit Fixed Object,Roundabout
2017-8421-15/08/2019,1,1,Driver,Female,49.0,Driver,Not Thrown Out,NotFatal,Unknown,Medium,Full,Straight Ahead,2.0,3 Country,2,3,Sunday,off-peak,110,Freeway,Straight road,Level,Wet,Raining,Night,Head On,No Control
2017-8421-15/08/2019,1,2,Passenger,Female,12.0,Front Seat Left Passenger,Not Thrown Out,NotFatal,NotWorn,Medium,NoLicence,Straight Ahead,2.0,3 Country,2,3,Sunday,off-peak,110,Freeway,Straight road,Level,Wet,Raining,Night,Head On,No Control
2017-8421-15/08/2019,2,1,Driver,Male,80.0,Driver,Not Thrown Out,NotFatal,Unknown,Medium,Full,Straight Ahead,1.0,3 Country,2,3,Sunday,off-peak,110,Freeway,Straight road,Level,Wet,Raining,Night,Head On,No Control
2017-8424-15/08/2019,1,1,Driver,Female,47.0,Driver,Not Thrown Out,NotFatal,Worn,Small,Unknown,Straight Ahead,1.0,2 Metropolitan,6,1,Monday,peak,60,Divided Road,Straight road,Level,Wet,Raining,Daylight,Rear End,No Control
2017-8427-15/08/2019,2,1,Rider,Male,20.0,NotApplicable,NotApplicable,NotFatal,NotWorn,MCycling,NoLicence,Straight Ahead,1.0,2 Metropolitan,2,1,Saturday,off-peak,80,Not Divided,Straight road,Level,Dry,Not Raining,Daylight,Rear End,No Control
2017-8431-15/08/2019,2,1,Driver,Female,45.0,Driver,Not Thrown Out,NotFatal,Worn,Small,Full,Stopped on Carriageway,1.0,2 Metropolitan,2,1,Sunday,peak,50,Cross Road,Straight road,Level,Wet,Raining,Daylight,Rear End,Roundabout
2017-8433-15/08/2019,2,1,Driver,Male,45.0,Driver,Not Thrown Out,NotFatal,Worn,Medium,Full,Straight Ahead,1.0,1 City,3,1,Monday,peak,50,Cross Road,Straight road,Level,Wet,Raining,Daylight,Rear End,Traffic Signals
2017-8437-15/08/2019,1,1,Driver,Male,21.0,Driver,Not Thrown Out,NotFatal,Worn,Medium,Provisional 1 ,Right Turn,1.0,2 Metropolitan,1,1,Monday,off-peak,60,T-Junction,Straight road,Level,Wet,Raining,Daylight,Left Road - Out of Control,Roundabout
2017-8439-15/08/2019,1,1,Driver,Male,86.0,Driver,Not Thrown Out,NotFatal,Worn,Small,Full,Straight Ahead,2.0,3 Country,2,3,Sunday,off-peak,60,Cross Road,Straight road,Crest of Hill,Dry,Not Raining,Daylight,Right Angle,Give Way Sign
2017-8439-15/08/2019,1,2,Passenger,Female,78.0,Front Seat Left Passenger,Not Thrown Out,NotFatal,NotWorn,Small,NoLicence,Straight Ahead,2.0,3 Country,2,3,Sunday,off-peak,60,Cross Road,Straight road,Crest of Hill,Dry,Not Raining,Daylight,Right Angle,Give Way Sign
2017-8439-15/08/2019,2,1,Driver,Female,64.0,Driver,Not Thrown Out,NotFatal,Worn,Small,Full,Straight Ahead,1.0,3 Country,2,3,Sunday,off-peak,60,Cross Road,Straight road,Crest of Hill,Dry,Not Raining,Daylight,Right Angle,Give Way Sign
2017-8441-15/08/2019,1,1,Driver,Female,83.0,Driver,Not Thrown Out,NotFatal,Worn,Small,Full,Straight Ahead,1.0,2 Metropolitan,2,1,Monday,off-peak,50,Not Divided,"CURVED, VIEW OPEN",Level,Wet,Not Raining,Daylight,Hit Fixed Object,No Control
2017-8442-15/08/2019,1,1,Rider,Male,20.0,NotApplicable,NotApplicable,NotFatal,NotWorn,PCycling,NoLicence,Straight Ahead,1.0,2 Metropolitan,2,1,Sunday,off-peak,60,T-Junction,Straight road,Level,Wet,Raining,Night,Right Angle,No Control
2017-8444-15/08/2019,1,1,Driver,Female,17.0,Driver,Not Thrown Out,NotFatal,Worn,Small,Provisional 1 ,Straight Ahead,1.0,2 Metropolitan,2,1,Monday,off-peak,100,Not Divided,"CURVED, VIEW OPEN",Slope,Wet,Raining,Daylight,Hit Fixed Object,No Control
2017-8445-15/08/2019,1,1,Rider,Male,23.0,NotApplicable,NotApplicable,NotFatal,NotWorn,MCycling,NoLicence,Straight Ahead,1.0,2 Metropolitan,2,1,Saturday,peak,50,Divided Road,"CURVED, VIEW OPEN",Level,Wet,Not Raining,Daylight,Rear End,No Control
2017-8450-15/08/2019,1,1,Pedestrian,Male,29.0,NotApplicable,NotApplicable,NotFatal,NotWorn,Pedestrian on Road,NoLicence,Walking on Road,1.0,2 Metropolitan,2,1,Sunday,off-peak,40,Not Divided,Unknown,Unknown,Unknown,Unknown,Night,Hit Pedestrian,No Control
2017-8452-15/08/2019,1,1,Passenger,Male,12.0,Front Seat Left Passenger,Not Thrown Out,NotFatal,NotWorn,Small,NoLicence,Straight Ahead,2.0,2 Metropolitan,2,1,Monday,off-peak,110,Divided Road,Straight road,Level,Dry,Not Raining,Daylight,Hit Fixed Object,No Control
2017-8456-15/08/2019,1,1,Driver,Female,42.0,Driver,Not Thrown Out,NotFatal,Worn,Small,Full,Stopped on Carriageway,1.0,2 Metropolitan,2,1,Monday,off-peak,60,T-Junction,Straight road,Level,Dry,Not Raining,Daylight,Right Angle,No Control
2017-8457-15/08/2019,1,1,Driver,Male,64.0,Driver,Not Thrown Out,NotFatal,Worn,Medium,Full,Stopped on Carriageway,2.0,2 Metropolitan,2,1,Thursday,peak,60,Cross Road,Straight road,Level,Dry,Not Raining,Night,Rear End,Traffic Signals
2017-8459-15/08/2019,1,1,Driver,Female,20.0,Driver,Not Thrown Out,NotFatal,Worn,Small,Provisional 2,Right Turn,1.0,2 Metropolitan,2,1,Monday,off-peak,60,T-Junction,Straight road,Slope,Wet,Raining,Daylight,Hit Fixed Object,No Control
2017-8462-15/08/2019,1,1,Driver,Female,50.0,Driver,Not Thrown Out,NotFatal,Worn,Small,Full,Straight Ahead,1.0,2 Metropolitan,2,1,Monday,peak,50,Not Divided,"CURVED, VIEW OPEN",Level,Wet,Raining,Daylight,Head On,No Control
2017-8463-15/08/2019,3,1,Passenger,Male,9.0,Front Seat Left Passenger,Not Thrown Out,NotFatal,NotWorn,Small,NoLicence,Stopped on Carriageway,3.0,2 Metropolitan,3,2,Monday,peak,50,T-Junction,Straight road,Level,Dry,Not Raining,Daylight,Rear End,Traffic Signals
2017-8463-15/08/2019,3,2,Passenger,Male,5.0,Rear Seat Middle Passenger,Not Thrown Out,NotFatal,NotWorn,Small,NoLicence,Stopped on Carriageway,3.0,2 Metropolitan,3,2,Monday,peak,50,T-Junction,Straight road,Level,Dry,Not Raining,Daylight,Rear End,Traffic Signals
2017-8465-15/08/2019,1,1,Driver,Male,18.0,Driver,Not Thrown Out,Fatal,Worn,Small,Provisional 1 ,Straight Ahead,2.0,2 Metropolitan,4,3,Monday,peak,80,Divided Road,Straight road,Level,Dry,Not Raining,Daylight,Head On,No Control
2017-8465-15/08/2019,1,2,Passenger,Male,14.0,Front Seat Left Passenger,Not Thrown Out,NotFatal,NotWorn,Small,NoLicence,Straight Ahead,2.0,2 Metropolitan,4,3,Monday,peak,80,Divided Road,Straight road,Level,Dry,Not Raining,Daylight,Head On,No Control
2017-8465-15/08/2019,2,1,Driver,Male,23.0,Driver,Not Thrown Out,NotFatal,Worn,Small,Full,Straight Ahead,1.0,2 Metropolitan,4,3,Monday,peak,80,Divided Road,Straight road,Level,Dry,Not Raining,Daylight,Head On,No Control
2017-8466-15/08/2019,1,1,Driver,Female,29.0,Driver,Not Thrown Out,NotFatal,Worn,Small,Full,Straight Ahead,4.0,2 Metropolitan,2,3,Monday,off-peak,60,Other,Straight road,Level,Dry,Not Raining,Night,Rear End,Other
2017-8466-15/08/2019,1,2,Passenger,Female,21.0,Rear Seat Right Passenger,Not Thrown Out,NotFatal,NotWorn,Small,NoLicence,Straight Ahead,4.0,2 Metropolitan,2,3,Monday,off-peak,60,Other,Straight road,Level,Dry,Not Raining,Night,Rear End,Other
2017-8466-15/08/2019,1,3,Passenger,Female,1.0,Rear Seat Left Passenger,Not Thrown Out,NotFatal,NotWorn,Small,NoLicence,Straight Ahead,4.0,2 Metropolitan,2,3,Monday,off-peak,60,Other,Straight road,Level,Dry,Not Raining,Night,Rear End,Other
2017-8467-15/08/2019,1,1,Driver,Male,17.0,Driver,Not Thrown Out,NotFatal,Worn,Small,Provisional 1 ,Swerving,1.0,2 Metropolitan,2,1,Wednesday,off-peak,100,Not Divided,Straight road,Level,Dry,Not Raining,Night,Hit Fixed Object,No Control
2017-8469-15/08/2019,1,1,Driver,Female,21.0,Driver,Not Thrown Out,NotFatal,Worn,Small,Unlicenced,Straight Ahead,1.0,2 Metropolitan,2,1,Monday,off-peak,60,Cross Road,Straight road,Level,Wet,Raining,Night,Right Turn,Traffic Signals
2017-8471-15/08/2019,2,1,Driver,Female,21.0,Driver,Not Thrown Out,NotFatal,Worn,Small,Provisional 2,Stopped on Carriageway,1.0,2 Metropolitan,2,1,Monday,off-peak,60,T-Junction,Straight road,Level,Wet,Not Raining,Daylight,Rear End,No Control
2017-8473-15/08/2019,1,1,Rider,Male,17.0,NotApplicable,NotApplicable,NotFatal,NotWorn,MCycling,NoLicence,Straight Ahead,1.0,2 Metropolitan,1,1,Sunday,off-peak,50,Not Divided,Straight road,Slope,Dry,Not Raining,Daylight,Roll Over,No Control
2017-8474-15/08/2019,1,1,Driver,Female,27.0,Driver,Not Thrown Out,NotFatal,Worn,Small,Full,Right Turn,2.0,2 Metropolitan,2,1,Monday,off-peak,50,Cross Road,Straight road,Level,Dry,Not Raining,Night,Right Angle,Roundabout
2017-8476-15/08/2019,1,1,Passenger,Female,36.0,Front Seat Left Passenger,Not Thrown Out,NotFatal,NotWorn,Small,NoLicence,Straight Ahead,3.0,2 Metropolitan,2,1,Tuesday,off-peak,60,Not Divided,Straight road,Level,Dry,Not Raining,Daylight,Hit Fixed Object,No Control
2017-8477-15/08/2019,1,1,Driver,Male,72.0,Driver,Not Thrown Out,NotFatal,Worn,Utility,Full,Straight Ahead,1.0,3 Country,2,1,Monday,off-peak,100,Not Divided,Straight road,Slope,Dry,Not Raining,Daylight,Hit Fixed Object,No Control
2017-8478-15/08/2019,1,1,Driver,Male,44.0,Driver,Not Thrown Out,NotFatal,Worn,Utility,Full,Entering Private Driveway,1.0,2 Metropolitan,2,1,Monday,off-peak,60,Not Divided,Straight road,Level,Dry,Not Raining,Night,Rear End,No Control
2017-8480-15/08/2019,1,1,Driver,Female,72.0,Driver,Not Thrown Out,NotFatal,Worn,Small,Full,Stopped on Carriageway,2.0,1 City,2,1,Saturday,off-peak,50,Cross Road,Straight road,Level,Dry,Not Raining,Daylight,Rear End,Traffic Signals
2017-8482-15/08/2019,1,1,Rider,Male,47.0,NotApplicable,NotApplicable,NotFatal,NotWorn,PCycling,NoLicence,Straight Ahead,1.0,1 City,2,1,Tuesday,peak,50,Not Divided,Straight road,Slope,Wet,Raining,Daylight,Side Swipe,No Control
2017-8483-15/08/2019,2,1,Passenger,Female,4.0,Rear Seat Left Passenger,Not Thrown Out,NotFatal,NotWorn,Small,NoLicence,Straight Ahead,4.0,2 Metropolitan,2,3,Tuesday,off-peak,60,Not Divided,Straight road,Level,Dry,Not Raining,Daylight,Side Swipe,No Control
2017-8483-15/08/2019,2,2,Passenger,Male,39.0,Front Seat Left Passenger,Not Thrown Out,NotFatal,NotWorn,Small,NoLicence,Straight Ahead,4.0,2 Metropolitan,2,3,Tuesday,off-peak,60,Not Divided,Straight road,Level,Dry,Not Raining,Daylight,Side Swipe,No Control
2017-8483-15/08/2019,2,3,Passenger,Male,2.0,Rear Seat Middle Passenger,Not Thrown Out,NotFatal,NotWorn,Small,NoLicence,Straight Ahead,4.0,2 Metropolitan,2,3,Tuesday,off-peak,60,Not Divided,Straight road,Level,Dry,Not Raining,Daylight,Side Swipe,No Control
2017-8484-15/08/2019,1,1,Passenger,Female,10.0,Rear Seat Right Passenger,Not Thrown Out,NotFatal,NotWorn,Small,NoLicence,Straight Ahead,5.0,2 Metropolitan,2,1,Tuesday,off-peak,60,Cross Road,Straight road,Level,Dry,Not Raining,Daylight,Right Angle,Stop Sign
2017-8488-15/08/2019,1,1,Driver,Male,80.0,Driver,Not Thrown Out,NotFatal,Worn,Small,Full,Straight Ahead,1.0,3 Country,2,1,Tuesday,off-peak,100,Not Divided,Straight road,Slope,Dry,Not Raining,Daylight,Hit Fixed Object,No Control
2017-8492-15/08/2019,1,1,Driver,Female,18.0,Driver,Not Thrown Out,NotFatal,Worn,Small,Provisional 2,Stopped on Carriageway,1.0,3 Country,2,1,Tuesday,peak,60,T-Junction,Straight road,Level,Dry,Not Raining,Daylight,Rear End,Traffic Signals
2017-8495-15/08/2019,1,1,Driver,Male,20.0,Driver,Not Thrown Out,NotFatal,Worn,Small,Provisional 2,Straight Ahead,1.0,3 Country,1,1,Tuesday,off-peak,110,Not Divided,"CURVED, VIEW OPEN",Level,Dry,Not Raining,Night,Roll Over,No Control
2017-8499-15/08/2019,1,1,Driver,Male,43.0,Driver,Not Thrown Out,NotFatal,Worn,Large,Full,Straight Ahead,1.0,3 Country,2,1,Wednesday,off-peak,110,Not Divided,Straight road,Level,Dry,Not Raining,Night,Head On,No Control
2017-8501-15/08/2019,1,1,Driver,Male,44.0,Driver,Not Thrown Out,NotFatal,Worn,Medium,Full,Stopped on Carriageway,1.0,2 Metropolitan,3,1,Tuesday,peak,60,Cross Road,Straight road,Level,Dry,Not Raining,Daylight,Rear End,Traffic Signals
2017-8503-15/08/2019,2,1,Driver,Male,39.88915925490854,Driver,Not Thrown Out,NotFatal,Worn,Small,Provisional 2,Right Turn,1.0,2 Metropolitan,2,1,Wednesday,peak,60,T-Junction,Straight road,Level,Wet,Raining,Daylight,Right Turn,No Control
2017-8505-15/08/2019,1,1,Driver,Male,24.0,Driver,Not Thrown Out,NotFatal,Worn,Medium,Provisional 1 ,Stopped on Carriageway,1.0,2 Metropolitan,2,1,Monday,off-peak,60,Divided Road,Straight road,Level,Dry,Not Raining,Daylight,Rear End,No Control
2017-8506-15/08/2019,1,1,Driver,Female,23.0,Driver,Not Thrown Out,NotFatal,Worn,Small,Full,Stopped on Carriageway,1.0,2 Metropolitan,2,1,Tuesday,peak,60,T-Junction,"CURVED, VIEW OPEN",Slope,Dry,Not Raining,Daylight,Rear End,No Control
2017-8507-15/08/2019,1,1,Driver,Male,25.0,Driver,Not Thrown Out,NotFatal,Worn,Small,Provisional 1 ,Straight Ahead,1.0,2 Metropolitan,2,1,Wednesday,off-peak,60,Divided Road,Straight road,Level,Wet,Raining,Daylight,Rear End,No Control
2017-8512-15/08/2019,1,1,Driver,Male,42.0,Driver,Not Thrown Out,NotFatal,Worn,Medium,Full,Straight Ahead,1.0,3 Country,2,1,Tuesday,off-peak,60,Not Divided,Straight road,Level,Dry,Not Raining,Night,Hit Fixed Object,No Control
2017-8513-15/08/2019,1,1,Driver,Female,49.0,Driver,Not Thrown Out,NotFatal,Worn,Utility,Full,U Turn,1.0,2 Metropolitan,2,1,Wednesday,off-peak,60,T-Junction,Straight road,Level,Wet,Not Raining,Daylight,Hit Fixed Object,No Control
2017-8517-15/08/2019,2,1,Rider,Male,17.0,NotApplicable,NotApplicable,NotFatal,NotWorn,MCycling,NoLicence,Left Turn,1.0,3 Country,2,1,Wednesday,off-peak,60,Cross Road,"CURVED, VIEW OPEN",Level,Dry,Not Raining,Daylight,Side Swipe,Roundabout
2017-8519-15/08/2019,2,1,Passenger,Female,10.0,Front Seat Left Passenger,Not Thrown Out,NotFatal,NotWorn,Small,NoLicence,Stopped on Carriageway,3.0,2 Metropolitan,3,1,Wednesday,peak,60,Divided Road,Straight road,Level,Dry,Not Raining,Daylight,Rear End,No Control