REPORT_ID,UND_UNIT_NUMBER,CASUALTY_NUMBER,cas_type,cas_gender,cas_age,cas_pos_in_veh,thrown_out,fatality,seat_belt,unit_type,lic_type,unit_movement,n_occupants,stat_area,total_units,cas_total,day,time,area_speed,acc_pos,hor_align,ver_align,moist_cond,wea_cond,dayNight,crash_type,traf_ctrls
2017-11193-15/08/2019,1,1,Pedestrian,Male,16.0,NotApplicable,NotApplicable,NotFatal,NotWorn,Small,NoLicence,Walking on Road,1.0,2 Metropolitan,2,1,Monday,off-peak,50,Cross Road,Straight road,Level,Dry,Not Raining,Daylight,Hit Pedestrian,Give Way Sign
2017-11194-15/08/2019,1,1,Driver,Male,65.0,Driver,Not Thrown Out,NotFatal,Worn,Medium,Full,Straight Ahead,1.0,2 Metropolitan,4,1,Monday,off-peak,60,Cross Road,Straight road,Slope,Dry,Not Raining,Daylight,Rear End,Traffic Signals
2017-11196-15/08/2019,1,1,Passenger,Female,7.0,Front Seat Left Passenger,Not Thrown Out,NotFatal,NotWorn,Medium,NoLicence,Stopped on Carriageway,3.0,2 Metropolitan,2,1,Monday,peak,80,Cross Road,Straight road,Slope,Dry,Not Raining,Daylight,Rear End,Traffic Signals
2017-11197-15/08/2019,1,1,Rider,Male,26.0,NotApplicable,NotApplicable,NotFatal,NotWorn,PCycling,NoLicence,Straight Ahead,1.0,1 City,2,1,Friday,off-peak,50,Not Divided,Straight road,Slope,Dry,Not Raining,Night,Roll Over,No Control
2017-11200-15/08/2019,1,1,Driver,Male,64.0,Driver,Not Thrown Out,NotFatal,Worn,Small,Full,Straight Ahead,1.0,2 Metropolitan,2,1,Monday,off-peak,80,T-Junction,Straight road,Level,Dry,Not Raining,Daylight,Rear End,Traffic Signals
2017-11203-15/08/2019,1,1,Rider,Male,41.0,NotApplicable,NotApplicable,NotFatal,NotWorn,MCycling,NoLicence,Straight Ahead,1.0,3 Country,2,1,Sunday,off-peak,40,Not Divided,"CURVED, VIEW OPEN",Level,Dry,Not Raining,Daylight,Hit Fixed Object,No Control
2017-11205-15/08/2019,1,1,Passenger,Female,89.0,Front Seat Left Passenger,Not Thrown Out,NotFatal,NotWorn,Small,NoLicence,Straight Ahead,2.0,2 Metropolitan,2,1,Monday,peak,50,Cross Road,Straight road,Level,Dry,Not Raining,Daylight,Right Angle,Stop Sign
2017-11210-15/08/2019,1,1,Driver,Male,24.0,Driver,Not Thrown Out,NotFatal,Worn,Utility,Provisional 2,Straight Ahead,1.0,2 Metropolitan,2,1,Monday,off-peak,50,Not Divided,Straight road,Level,Dry,Not Raining,Daylight,Hit Fixed Object,No Control
2017-11212-15/08/2019,2,1,Driver,Female,58.0,Driver,Not Thrown Out,NotFatal,Worn,Small,Full,Straight Ahead,1.0,2 Metropolitan,2,1,Monday,off-peak,60,Cross Road,Straight road,Level,Dry,Not Raining,Daylight,Right Turn,Traffic Signals
2017-11214-15/08/2019,1,1,Driver,Male,46.0,Driver,Not Thrown Out,NotFatal,Worn,Other Defined Special Vehicle,Unlicenced,Straight Ahead,1.0,2 Metropolitan,2,1,Monday,off-peak,80,Not Divided,"CURVED, VIEW OBSCURED",Level,Dry,Not Raining,Daylight,Head On,No Control
2017-11225-15/08/2019,1,1,Driver,Female,39.88915925490854,Driver,Not Thrown Out,NotFatal,Worn,Small,Full,Stopped on Carriageway,1.0,2 Metropolitan,2,1,Monday,peak,50,T-Junction,Straight road,Level,Dry,Not Raining,Daylight,Rear End,No Control
2017-11226-15/08/2019,1,1,Driver,Female,22.0,Driver,Not Thrown Out,NotFatal,Unknown,Small,Provisional 2,Straight Ahead,1.0,2 Metropolitan,3,1,Tuesday,off-peak,60,T-Junction,Straight road,Slope,Dry,Not Raining,Daylight,Rear End,No Control
2017-11227-15/08/2019,1,1,Driver,Female,25.0,Driver,Not Thrown Out,NotFatal,Worn,Medium,Full,Stopped on Carriageway,1.0,2 Metropolitan,2,1,Tuesday,peak,60,Divided Road,Straight road,Level,Dry,Not Raining,Daylight,Rear End,No Control
2017-11228-15/08/2019,1,1,Driver,Male,22.0,Driver,Not Thrown Out,NotFatal,Worn,Medium,Provisional 1 ,Stopped on Carriageway,1.0,2 Metropolitan,2,1,Tuesday,off-peak,60,T-Junction,Straight road,Level,Dry,Not Raining,Daylight,Rear End,Traffic Signals
2017-11229-15/08/2019,2,1,Pedestrian,Female,24.0,NotApplicable,NotApplicable,NotFatal,NotWorn,Pedestrian on Road,NoLicence,OtherPedest,1.0,1 City,2,1,Tuesday,off-peak,50,Divided Road,Straight road,Level,Dry,Not Raining,Daylight,Hit Pedestrian,No Control
2017-11232-15/08/2019,1,1,Driver,Female,19.0,Driver,Not Thrown Out,NotFatal,Worn,Small,Provisional 2,Straight Ahead,1.0,3 Country,2,2,Monday,off-peak,100,Not Divided,"CURVED, VIEW OBSCURED",Slope,Dry,Not Raining,Daylight,Head On,No Control
2017-11232-15/08/2019,2,1,Driver,Male,21.0,Driver,Not Thrown Out,NotFatal,Worn,Utility,Provisional 2,Straight Ahead,1.0,3 Country,2,2,Monday,off-peak,100,Not Divided,"CURVED, VIEW OBSCURED",Slope,Dry,Not Raining,Daylight,Head On,No Control
2017-11235-15/08/2019,1,1,Driver,Female,30.0,Driver,Not Thrown Out,NotFatal,Worn,Small,Full,Stopped on Carriageway,1.0,2 Metropolitan,3,1,Monday,off-peak,70,Divided Road,Straight road,Level,Dry,Not Raining,Daylight,Rear End,No Control
2017-11237-15/08/2019,1,1,Driver,Male,55.0,Driver,Not Thrown Out,NotFatal,Worn,Small,Full,Stopped on Carriageway,2.0,2 Metropolitan,2,2,Tuesday,off-peak,60,Not Divided,Straight road,Level,Dry,Not Raining,Daylight,Rear End,No Control
2017-11237-15/08/2019,1,2,Passenger,Female,36.0,Front Seat Left Passenger,Not Thrown Out,NotFatal,NotWorn,Small,NoLicence,Stopped on Carriageway,2.0,2 Metropolitan,2,2,Tuesday,off-peak,60,Not Divided,Straight road,Level,Dry,Not Raining,Daylight,Rear End,No Control
2017-11243-15/08/2019,2,1,Driver,Male,64.0,Driver,Not Thrown Out,NotFatal,Worn,Medium,Full,Stopped on Carriageway,2.0,2 Metropolitan,2,2,Tuesday,off-peak,60,Cross Road,Straight road,Level,Dry,Not Raining,Daylight,Rear End,Traffic Signals
2017-11243-15/08/2019,2,2,Passenger,Unknown,39.88915925490854,Front Seat Left Passenger,Not Thrown Out,NotFatal,NotWorn,Medium,NoLicence,Stopped on Carriageway,2.0,2 Metropolitan,2,2,Tuesday,off-peak,60,Cross Road,Straight road,Level,Dry,Not Raining,Daylight,Rear End,Traffic Signals
2017-11246-15/08/2019,1,1,Rider,Male,63.0,NotApplicable,NotApplicable,NotFatal,NotWorn,PCycling,NoLicence,Straight Ahead,1.0,2 Metropolitan,1,1,Tuesday,peak,60,Not Divided,Straight road,Level,Dry,Not Raining,Daylight,Other,No Control
2017-11247-15/08/2019,2,1,Driver,Male,68.0,Driver,Not Thrown Out,NotFatal,Worn,Small,Full,Swerving,1.0,2 Metropolitan,2,1,Tuesday,off-peak,60,Divided Road,Straight road,Level,Dry,Not Raining,Daylight,Side Swipe,No Control
2017-11249-15/08/2019,2,1,Pedestrian,Male,7.0,NotApplicable,NotApplicable,NotFatal,NotWorn,Pedestrian on Road,NoLicence,OtherPedest,1.0,2 Metropolitan,2,1,Tuesday,peak,50,Not Divided,Straight road,Level,Dry,Not Raining,Daylight,Hit Pedestrian,No Control
2017-11251-15/08/2019,1,1,Driver,Male,42.0,Driver,Not Thrown Out,NotFatal,Worn,Small,Full,Right Turn,1.0,2 Metropolitan,2,1,Tuesday,peak,60,T-Junction,Straight road,Level,Dry,Not Raining,Daylight,Right Angle,No Control
2017-11252-15/08/2019,1,1,Driver,Female,28.0,Driver,Not Thrown Out,NotFatal,Worn,Small,Full,Straight Ahead,1.0,2 Metropolitan,2,2,Tuesday,off-peak,60,T-Junction,Straight road,Slope,Dry,Not Raining,Daylight,Rear End,Traffic Signals
2017-11252-15/08/2019,2,1,Driver,Male,33.0,Driver,Not Thrown Out,NotFatal,Worn,Small,Full,Stopped on Carriageway,1.0,2 Metropolitan,2,2,Tuesday,off-peak,60,T-Junction,Straight road,Slope,Dry,Not Raining,Daylight,Rear End,Traffic Signals
2017-11256-15/08/2019,2,1,Rider,Male,27.0,NotApplicable,NotApplicable,NotFatal,NotWorn,PCycling,NoLicence,Straight Ahead,1.0,1 City,2,1,Wednesday,off-peak,50,Cross Road,Straight road,Level,Dry,Not Raining,Daylight,Right Turn,Traffic Signals
2017-11258-15/08/2019,1,1,Driver,Female,74.0,Driver,Not Thrown Out,NotFatal,Worn,Small,Full,Right Turn,1.0,2 Metropolitan,2,1,Wednesday,off-peak,60,T-Junction,Straight road,Level,Dry,Not Raining,Daylight,Hit Fixed Object,Stop Sign
2017-11261-15/08/2019,1,1,Driver,Female,45.0,Driver,Not Thrown Out,NotFatal,Worn,Medium,Full,Stopped on Carriageway,1.0,2 Metropolitan,2,1,Tuesday,off-peak,60,Cross Road,Straight road,Level,Dry,Not Raining,Daylight,Rear End,Traffic Signals
2017-11262-15/08/2019,1,1,Driver,Male,25.0,Driver,Not Thrown Out,NotFatal,Worn,Large,Full,Straight Ahead,2.0,2 Metropolitan,3,1,Tuesday,off-peak,60,T-Junction,Straight road,Level,Dry,Not Raining,Daylight,Rear End,Traffic Signals
2017-11263-15/08/2019,1,1,Pedestrian,Male,21.0,NotApplicable,NotApplicable,NotFatal,NotWorn,Pedestrian on Road,NoLicence,Walking on Road,1.0,2 Metropolitan,2,1,Monday,peak,50,Not Divided,Straight road,Level,Dry,Not Raining,Daylight,Hit Pedestrian,No Control
2017-11265-15/08/2019,1,1,Rider,Female,29.0,NotApplicable,NotApplicable,NotFatal,NotWorn,PCycling,NoLicence,Straight Ahead,1.0,2 Metropolitan,2,1,Wednesday,peak,50,T-Junction,Straight road,Level,Dry,Not Raining,Daylight,Side Swipe,No Control
2017-11268-15/08/2019,1,1,Passenger,Female,85.0,Front Seat Left Passenger,Not Thrown Out,NotFatal,NotWorn,Small,NoLicence,Right Turn,2.0,3 Country,2,1,Wednesday,off-peak,110,Cross Road,Straight road,Level,Dry,Not Raining,Daylight,Rear End,Give Way Sign
2017-11269-15/08/2019,1,1,Driver,Female,36.0,Driver,Not Thrown Out,NotFatal,Worn,Small,Full,Straight Ahead,2.0,2 Metropolitan,2,1,Tuesday,off-peak,60,Not Divided,Straight road,Level,Dry,Not Raining,Night,Hit Fixed Object,No Control
2017-11272-15/08/2019,3,1,Driver,Female,44.0,Driver,Not Thrown Out,NotFatal,Worn,Small,Full,Stopped on Carriageway,2.0,2 Metropolitan,3,1,Wednesday,off-peak,60,Not Divided,Straight road,Level,Dry,Not Raining,Daylight,Rear End,No Control
2017-11273-15/08/2019,1,1,Driver,Male,55.0,Driver,Thrown Out,Fatal,NotWorn,Small,Unlicenced,Straight Ahead,1.0,3 Country,1,1,Wednesday,off-peak,110,Not Divided,"CURVED, VIEW OPEN",Level,Dry,Not Raining,Night,Roll Over,No Control
2017-11275-15/08/2019,1,1,Driver,Male,75.0,Driver,Not Thrown Out,NotFatal,Worn,Small,Full,Straight Ahead,2.0,3 Country,2,1,Wednesday,off-peak,110,Not Divided,"CURVED, VIEW OPEN",Level,Dry,Not Raining,Daylight,Hit Fixed Object,No Control
2017-11278-15/08/2019,2,1,Driver,Female,35.0,Driver,Not Thrown Out,NotFatal,Worn,Small,Full,Stopped on Carriageway,1.0,1 City,2,1,Tuesday,peak,50,Cross Road,Straight road,Level,Dry,Not Raining,Daylight,Rear End,Traffic Signals
2017-11279-15/08/2019,1,1,Driver,Female,31.0,Driver,Not Thrown Out,NotFatal,Worn,Medium,Full,Stopped on Carriageway,1.0,2 Metropolitan,2,1,Wednesday,peak,60,T-Junction,Straight road,Level,Dry,Not Raining,Daylight,Rear End,Traffic Signals
2017-11280-15/08/2019,1,1,Driver,Female,32.0,Driver,Not Thrown Out,NotFatal,Worn,Small,Unlicenced,Straight Ahead,1.0,3 Country,3,1,Wednesday,peak,100,Not Divided,"CURVED, VIEW OPEN",Slope,Dry,Not Raining,Daylight,Hit Fixed Object,No Control
2017-11282-15/08/2019,1,1,Driver,Female,48.0,Driver,Not Thrown Out,NotFatal,Worn,Small,Full,Straight Ahead,1.0,2 Metropolitan,2,1,Wednesday,off-peak,60,Not Divided,Straight road,Level,Dry,Not Raining,Daylight,Head On,No Control
2017-11283-15/08/2019,1,1,Driver,Male,38.0,Driver,Not Thrown Out,NotFatal,Worn,Utility,Full,Straight Ahead,1.0,2 Metropolitan,2,2,Wednesday,off-peak,50,Cross Road,Straight road,Level,Dry,Not Raining,Daylight,Right Angle,Stop Sign
2017-11283-15/08/2019,2,1,Driver,Female,75.0,Driver,Not Thrown Out,NotFatal,Worn,Small,Full,Left Turn,1.0,2 Metropolitan,2,2,Wednesday,off-peak,50,Cross Road,Straight road,Level,Dry,Not Raining,Daylight,Right Angle,Stop Sign
2017-11285-15/08/2019,1,1,Driver,Male,42.0,Driver,Not Thrown Out,NotFatal,Worn,Utility,Full,Straight Ahead,1.0,3 Country,2,1,Wednesday,peak,110,Not Divided,"CURVED, VIEW OPEN",Level,Dry,Not Raining,Daylight,Head On,No Control
2017-11288-15/08/2019,1,1,Rider,Male,25.0,NotApplicable,NotApplicable,NotFatal,NotWorn,PCycling,NoLicence,Straight Ahead,1.0,1 City,2,1,Wednesday,off-peak,50,Divided Road,Straight road,Level,Dry,Not Raining,Night,Right Angle,No Control
2017-11289-15/08/2019,1,1,Driver,Male,87.0,Driver,Not Thrown Out,NotFatal,Worn,Small,Full,Straight Ahead,1.0,3 Country,2,1,Wednesday,off-peak,50,Not Divided,Straight road,Level,Dry,Not Raining,Daylight,Hit Parked Vehicle,No Control
2017-11290-15/08/2019,1,1,Driver,Female,44.0,Driver,Not Thrown Out,NotFatal,Unknown,Small,Full,Straight Ahead,1.0,2 Metropolitan,2,2,Wednesday,off-peak,80,Cross Road,Straight road,Level,Dry,Not Raining,Night,Right Angle,Give Way Sign
2017-11290-15/08/2019,2,1,Driver,Male,46.0,Driver,Not Thrown Out,NotFatal,Unknown,Small,Full,Straight Ahead,1.0,2 Metropolitan,2,2,Wednesday,off-peak,80,Cross Road,Straight road,Level,Dry,Not Raining,Night,Right Angle,Give Way Sign
2017-11292-15/08/2019,1,1,Driver,Male,32.0,Driver,Not Thrown Out,NotFatal,Worn,Small,Full,Straight Ahead,2.0,2 Metropolitan,2,3,Wednesday,peak,90,T-Junction,Straight road,Level,Dry,Not Raining,Daylight,Right Turn,Give Way Sign
2017-11292-15/08/2019,1,2,Passenger,Female,30.0,Front Seat Left Passenger,Not Thrown Out,NotFatal,NotWorn,Small,NoLicence,Straight Ahead,2.0,2 Metropolitan,2,3,Wednesday,peak,90,T-Junction,Straight road,Level,Dry,Not Raining,Daylight,Right Turn,Give Way Sign
2017-11292-15/08/2019,2,1,Driver,Female,62.0,Driver,Not Thrown Out,NotFatal,Worn,Small,Full,Right Turn,1.0,2 Metropolitan,2,3,Wednesday,peak,90,T-Junction,Straight road,Level,Dry,Not Raining,Daylight,Right Turn,Give Way Sign
2017-11293-15/08/2019,1,1,Driver,Male,41.0,Driver,Not Thrown Out,Fatal,NotWorn,Utility,Probationary,Left Turn,1.0,3 Country,2,1,Wednesday,off-peak,110,T-Junction,Straight road,Level,Dry,Not Raining,Night,Right Angle,Give Way Sign
2017-11297-15/08/2019,2,1,Driver,Female,53.0,Driver,Not Thrown Out,NotFatal,Worn,Medium,Full,Straight Ahead,1.0,3 Country,2,1,Thursday,peak,50,T-Junction,Straight road,Level,Dry,Not Raining,Daylight,Right Angle,No Control
2017-11298-15/08/2019,2,1,Rider,Female,58.0,NotApplicable,NotApplicable,NotFatal,NotWorn,PCycling,NoLicence,Straight Ahead,1.0,3 Country,2,1,Tuesday,off-peak,50,Not Divided,Straight road,Slope,Dry,Not Raining,Daylight,Hit Parked Vehicle,No Control
2017-11300-15/08/2019,2,1,Driver,Male,18.0,Driver,Not Thrown Out,NotFatal,Worn,Small,Provisional 2,Straight Ahead,1.0,2 Metropolitan,2,1,Thursday,off-peak,60,Divided Road,Straight road,Level,Dry,Not Raining,Daylight,Rear End,No Control
2017-11302-15/08/2019,1,1,Driver,Male,45.0,Driver,Not Thrown Out,NotFatal,Worn,Small,Full,Stopped on Carriageway,1.0,1 City,2,1,Thursday,off-peak,50,Cross Road,Straight road,Level,Dry,Not Raining,Daylight,Rear End,Traffic Signals
2017-11303-15/08/2019,1,1,Rider,Male,24.0,NotApplicable,NotApplicable,NotFatal,NotWorn,PCycling,NoLicence,Swerving,1.0,2 Metropolitan,2,1,Thursday,peak,80,Not Divided,"CURVED, VIEW OPEN",Level,Dry,Not Raining,Daylight,Hit Object on Road,No Control
2017-11306-15/08/2019,1,1,Driver,Male,41.0,Driver,Not Thrown Out,NotFatal,Unknown,Large,Full,Straight Ahead,1.0,2 Metropolitan,3,1,Wednesday,off-peak,100,Not Divided,"CURVED, VIEW OPEN",Level,Dry,Not Raining,Daylight,Roll Over,No Control
2017-11309-15/08/2019,2,1,Driver,Male,30.0,Driver,Not Thrown Out,NotFatal,Worn,Medium,Full,Straight Ahead,1.0,2 Metropolitan,3,1,Thursday,off-peak,60,Divided Road,Straight road,Level,Dry,Not Raining,Daylight,Head On,No Control
2017-11312-15/08/2019,2,1,Driver,Male,35.0,Driver,Not Thrown Out,NotFatal,Unknown,Small,Full,Swerving,1.0,3 Country,2,1,Wednesday,off-peak,110,Not Divided,Straight road,Level,Dry,Not Raining,Daylight,Side Swipe,No Control
2017-11313-15/08/2019,1,1,Driver,Male,25.0,Driver,Not Thrown Out,NotFatal,Worn,Small,Full,Straight Ahead,1.0,3 Country,2,1,Wednesday,off-peak,100,Not Divided,Straight road,Level,Dry,Not Raining,Daylight,Hit Fixed Object,No Control
2017-11315-15/08/2019,3,1,Driver,Female,20.0,Driver,Not Thrown Out,NotFatal,Worn,Small,Unknown,Straight Ahead,1.0,2 Metropolitan,3,1,Thursday,off-peak,60,Divided Road,Straight road,Level,Dry,Not Raining,Daylight,Side Swipe,No Control
2017-11316-15/08/2019,1,1,Driver,Male,81.0,Driver,Not Thrown Out,NotFatal,Worn,Small,Full,Straight Ahead,1.0,2 Metropolitan,3,1,Thursday,off-peak,50,T-Junction,Straight road,Level,Dry,Not Raining,Daylight,Hit Parked Vehicle,Give Way Sign
2017-11322-15/08/2019,1,1,Driver,Male,54.0,Driver,Not Thrown Out,NotFatal,Worn,Small,Full,Straight Ahead,1.0,2 Metropolitan,3,2,Thursday,off-peak,60,Cross Road,Straight road,Slope,Dry,Not Raining,Daylight,Side Swipe,Give Way Sign
2017-11322-15/08/2019,2,1,Driver,Male,44.0,Driver,Not Thrown Out,NotFatal,Worn,Medium,Full,Swerving,1.0,2 Metropolitan,3,2,Thursday,off-peak,60,Cross Road,Straight road,Slope,Dry,Not Raining,Daylight,Side Swipe,Give Way Sign
2017-11324-15/08/2019,2,1,Driver,Female,25.0,Driver,Not Thrown Out,NotFatal,Worn,Small,Full,Straight Ahead,1.0,2 Metropolitan,2,1,Thursday,peak,60,Divided Road,Straight road,Slope,Dry,Not Raining,Daylight,Rear End,No Control
2017-11328-15/08/2019,1,1,Driver,Male,29.0,Driver,Not Thrown Out,NotFatal,Worn,Medium,Full,Straight Ahead,1.0,2 Metropolitan,4,5,Thursday,off-peak,60,Divided Road,Straight road,Level,Dry,Not Raining,Daylight,Rear End,No Control
2017-11328-15/08/2019,2,1,Driver,Female,37.0,Driver,Not Thrown Out,NotFatal,Worn,Medium,Full,Stopped on Carriageway,4.0,2 Metropolitan,4,5,Thursday,off-peak,60,Divided Road,Straight road,Level,Dry,Not Raining,Daylight,Rear End,No Control
2017-11328-15/08/2019,2,2,Passenger,Female,15.0,Rear Seat Left Passenger,Not Thrown Out,NotFatal,NotWorn,Medium,NoLicence,Stopped on Carriageway,4.0,2 Metropolitan,4,5,Thursday,off-peak,60,Divided Road,Straight road,Level,Dry,Not Raining,Daylight,Rear End,No Control
2017-11328-15/08/2019,2,3,Passenger,Female,13.0,Rear Seat Right Passenger,Not Thrown Out,NotFatal,NotWorn,Medium,NoLicence,Stopped on Carriageway,4.0,2 Metropolitan,4,5,Thursday,off-peak,60,Divided Road,Straight road,Level,Dry,Not Raining,Daylight,Rear End,No Control
2017-11328-15/08/2019,2,4,Passenger,Female,27.0,Front Seat Left Passenger,Not Thrown Out,NotFatal,NotWorn,Medium,NoLicence,Stopped on Carriageway,4.0,2 Metropolitan,4,5,Thursday,off-peak,60,Divided Road,Straight road,Level,Dry,Not Raining,Daylight,Rear End,No Control
2017-11331-15/08/2019,1,1,Driver,Female,26.0,Driver,Not Thrown Out,NotFatal,Worn,Small,Full,Stopped on Carriageway,1.0,1 City,2,1,Thursday,peak,50,Cross Road,Straight road,Slope,Dry,Not Raining,Daylight,Rear End,Traffic Signals
2017-11332-15/08/2019,1,1,Driver,Male,83.0,Driver,Not Thrown Out,NotFatal,Unknown,Medium,Full,Leaving Private Driveway,4.0,2 Metropolitan,2,4,Thursday,peak,100,Not Divided,Straight road,Level,Dry,Not Raining,Daylight,Hit Fixed Object,No Control
2017-11332-15/08/2019,1,2,Passenger,Female,78.0,Front Seat Left Passenger,Not Thrown Out,NotFatal,NotWorn,Medium,NoLicence,Leaving Private Driveway,4.0,2 Metropolitan,2,4,Thursday,peak,100,Not Divided,Straight road,Level,Dry,Not Raining,Daylight,Hit Fixed Object,No Control
2017-11332-15/08/2019,1,3,Passenger,Female,69.0,Rear Seat Right Passenger,Not Thrown Out,NotFatal,NotWorn,Medium,NoLicence,Leaving Private Driveway,4.0,2 Metropolitan,2,4,Thursday,peak,100,Not Divided,Straight road,Level,Dry,Not Raining,Daylight,Hit Fixed Object,No Control
2017-11332-15/08/2019,1,4,Passenger,Male,73.0,Rear Seat Left Passenger,Not Thrown Out,NotFatal,NotWorn,Medium,NoLicence,Leaving Private Driveway,4.0,2 Metropolitan,2,4,Thursday,peak,100,Not Divided,Straight road,Level,Dry,Not Raining,Daylight,Hit Fixed Object,No Control
2017-11335-15/08/2019,2,1,Driver,Female,20.0,Driver,Not Thrown Out,NotFatal,Worn,Small,Full,Straight Ahead,1.0,3 Country,2,1,Thursday,off-peak,60,T-Junction,Straight road,Level,Dry,Not Raining,Night,Right Turn,Traffic Signals
2017-11337-15/08/2019,2,1,Driver,Female,19.0,Driver,Not Thrown Out,NotFatal,Worn,Small,Provisional 2,Straight Ahead,1.0,2 Metropolitan,2,1,Thursday,off-peak,60,Divided Road,"CURVED, VIEW OBSCURED",Slope,Dry,Not Raining,Night,Rear End,No Control
2017-11343-15/08/2019,1,1,Driver,Female,47.0,Driver,Not Thrown Out,NotFatal,Worn,Small,Full,Stopped on Carriageway,1.0,2 Metropolitan,2,1,Wednesday,off-peak,60,Cross Road,Straight road,Level,Dry,Not Raining,Daylight,Rear End,Traffic Signals
2017-11344-15/08/2019,2,1,Rider,Male,51.0,NotApplicable,NotApplicable,NotFatal,NotWorn,PCycling,NoLicence,Straight Ahead,1.0,2 Metropolitan,2,1,Friday,off-peak,60,T-Junction,Straight road,Level,Dry,Not Raining,Daylight,Right Angle,No Control
2017-11346-15/08/2019,2,1,Driver,Female,48.0,Driver,Not Thrown Out,NotFatal,Worn,Small,Full,Straight Ahead,1.0,2 Metropolitan,3,1,Friday,off-peak,60,Divided Road,Straight road,Level,Dry,Not Raining,Daylight,Rear End,No Control
2017-11347-15/08/2019,1,1,Driver,Male,49.0,Driver,Not Thrown Out,NotFatal,Worn,Large,Full,Straight Ahead,1.0,3 Country,1,1,Wednesday,peak,100,Not Divided,"CURVED, VIEW OBSCURED",Slope,Dry,Not Raining,Daylight,Roll Over,No Control
2017-11349-15/08/2019,1,1,Driver,Female,82.0,Driver,Not Thrown Out,NotFatal,Worn,Small,Full,Leaving Private Driveway,1.0,2 Metropolitan,3,1,Thursday,off-peak,50,Not Divided,Straight road,Level,Dry,Not Raining,Daylight,Right Angle,No Control
2017-11352-15/08/2019,4,1,Driver,Female,40.0,Driver,Not Thrown Out,NotFatal,Worn,Medium,Full,Straight Ahead,1.0,2 Metropolitan,4,1,Friday,off-peak,60,Cross Road,Straight road,Level,Dry,Not Raining,Daylight,Right Angle,Stop Sign
2017-11353-15/08/2019,2,1,Rider,Male,28.0,NotApplicable,NotApplicable,NotFatal,NotWorn,MCycling,NoLicence,Straight Ahead,1.0,2 Metropolitan,2,1,Friday,off-peak,60,T-Junction,Straight road,Level,Dry,Not Raining,Daylight,Right Turn,No Control
2017-11354-15/08/2019,1,1,Driver,Female,29.0,Driver,Not Thrown Out,NotFatal,Worn,Small,Full,Stopped on Carriageway,1.0,2 Metropolitan,2,1,Monday,peak,60,Cross Road,Straight road,Level,Dry,Not Raining,Daylight,Rear End,Traffic Signals
2017-11358-15/08/2019,2,1,Driver,Female,27.0,Driver,Not Thrown Out,NotFatal,Worn,Small,Full,Stopped on Carriageway,2.0,2 Metropolitan,3,2,Friday,peak,60,Divided Road,Straight road,Level,Dry,Not Raining,Daylight,Rear End,No Control
2017-11358-15/08/2019,2,2,Passenger,Male,1.0,Rear Seat Middle Passenger,Not Thrown Out,NotFatal,NotWorn,Small,NoLicence,Stopped on Carriageway,2.0,2 Metropolitan,3,2,Friday,peak,60,Divided Road,Straight road,Level,Dry,Not Raining,Daylight,Rear End,No Control
2017-11359-15/08/2019,1,1,Passenger,Female,20.0,Front Seat Left Passenger,Not Thrown Out,NotFatal,NotWorn,Small,NoLicence,Straight Ahead,2.0,2 Metropolitan,3,1,Friday,peak,80,Divided Road,Straight road,Level,Dry,Not Raining,Daylight,Rear End,No Control
2017-11360-15/08/2019,2,1,Passenger,Female,6.0,Rear Seat Left Passenger,Not Thrown Out,NotFatal,NotWorn,Small,NoLicence,U Turn,2.0,2 Metropolitan,2,1,Friday,off-peak,60,T-Junction,Straight road,Level,Dry,Not Raining,Daylight,Right Turn,No Control
2017-11364-15/08/2019,1,1,Driver,Female,33.0,Driver,Not Thrown Out,NotFatal,Worn,Medium,Full,Straight Ahead,2.0,2 Metropolitan,2,3,Friday,off-peak,60,Divided Road,Straight road,Level,Dry,Not Raining,Daylight,Rear End,No Control
2017-11364-15/08/2019,1,2,Passenger,Female,1.0,Rear Seat Left Passenger,Not Thrown Out,NotFatal,NotWorn,Medium,NoLicence,Straight Ahead,2.0,2 Metropolitan,2,3,Friday,off-peak,60,Divided Road,Straight road,Level,Dry,Not Raining,Daylight,Rear End,No Control
2017-11364-15/08/2019,2,1,Driver,Female,24.0,Driver,Not Thrown Out,NotFatal,Worn,Medium,Full,Straight Ahead,1.0,2 Metropolitan,2,3,Friday,off-peak,60,Divided Road,Straight road,Level,Dry,Not Raining,Daylight,Rear End,No Control
2017-11366-15/08/2019,2,1,Driver,Female,57.0,Driver,Not Thrown Out,NotFatal,Unknown,Small,Full,Straight Ahead,1.0,2 Metropolitan,2,1,Friday,off-peak,60,Divided Road,Straight road,Level,Dry,Not Raining,Daylight,Rear End,No Control
2017-11367-15/08/2019,1,1,Rider,Male,24.0,NotApplicable,NotApplicable,NotFatal,NotWorn,MCycling,NoLicence,Straight Ahead,1.0,2 Metropolitan,2,1,Friday,off-peak,50,Cross Road,Straight road,Level,Dry,Not Raining,Daylight,Right Angle,Give Way Sign
2017-11369-15/08/2019,1,1,Driver,Female,34.0,Driver,Not Thrown Out,NotFatal,Worn,Small,Full,Straight Ahead,1.0,2 Metropolitan,2,2,Friday,peak,60,Divided Road,Straight road,Level,Dry,Not Raining,Daylight,Head On,No Control