REPORT_ID,UND_UNIT_NUMBER,CASUALTY_NUMBER,cas_type,cas_gender,cas_age,cas_pos_in_veh,thrown_out,fatality,seat_belt,unit_type,lic_type,unit_movement,n_occupants,stat_area,total_units,cas_total,day,time,area_speed,acc_pos,hor_align,ver_align,moist_cond,wea_cond,dayNight,crash_type,traf_ctrls
2017-11720-15/08/2019,2,1,Rider,Male,19.0,NotApplicable,NotApplicable,NotFatal,NotWorn,PCycling,NoLicence,Straight Ahead,1.0,1 City,2,1,Monday,peak,50,Cross Road,Straight road,Level,Dry,Not Raining,Daylight,Side Swipe,No Control
2017-11722-15/08/2019,1,1,Rider,Male,49.0,NotApplicable,NotApplicable,NotFatal,NotWorn,MCycling,NoLicence,Right Turn,1.0,3 Country,1,1,Monday,peak,110,Not Divided,Straight road,Level,Dry,Not Raining,Daylight,Roll Over,No Control
2017-11723-15/08/2019,2,1,Driver,Male,33.0,Driver,Not Thrown Out,NotFatal,Worn,Medium,Full,Straight Ahead,1.0,2 Metropolitan,3,1,Monday,off-peak,60,Cross Road,Straight road,Level,Dry,Not Raining,Daylight,Right Angle,Traffic Signals
2017-11725-15/08/2019,2,1,Driver,Male,46.0,Driver,Not Thrown Out,NotFatal,Worn,Medium,Full,Straight Ahead,2.0,2 Metropolitan,3,1,Wednesday,off-peak,60,Divided Road,Straight road,Level,Dry,Not Raining,Daylight,Rear End,No Control
2017-11728-15/08/2019,1,1,Driver,Male,72.0,Driver,Not Thrown Out,Fatal,Worn,Utility,Full,Straight Ahead,2.0,3 Country,2,3,Monday,peak,100,Cross Road,Straight road,Level,Dry,Not Raining,Daylight,Right Angle,Give Way Sign
2017-11728-15/08/2019,1,2,Passenger,Male,82.0,Front Seat Left Passenger,Not Thrown Out,Fatal,NotWorn,Utility,NoLicence,Straight Ahead,2.0,3 Country,2,3,Monday,peak,100,Cross Road,Straight road,Level,Dry,Not Raining,Daylight,Right Angle,Give Way Sign
2017-11728-15/08/2019,2,1,Driver,Male,59.0,Driver,Not Thrown Out,Fatal,Worn,Small,Full,Straight Ahead,1.0,3 Country,2,3,Monday,peak,100,Cross Road,Straight road,Level,Dry,Not Raining,Daylight,Right Angle,Give Way Sign
2017-11729-15/08/2019,1,1,Driver,Female,30.0,Driver,Not Thrown Out,NotFatal,Worn,Small,Unknown,Straight Ahead,4.0,3 Country,2,1,Monday,peak,110,Not Divided,Straight road,Level,Dry,Not Raining,Daylight,Hit Fixed Object,No Control
2017-11731-15/08/2019,1,1,Rider,Male,33.0,NotApplicable,NotApplicable,Fatal,NotWorn,MCycling,NoLicence,Straight Ahead,1.0,3 Country,1,1,Sunday,peak,100,Not Divided,"CURVED, VIEW OPEN",Level,Dry,Not Raining,Daylight,Roll Over,No Control
2017-11732-15/08/2019,1,1,Passenger,Female,28.0,Front Seat Left Passenger,Not Thrown Out,NotFatal,NotWorn,Small,NoLicence,Stopped on Carriageway,2.0,2 Metropolitan,2,1,Sunday,off-peak,60,T-Junction,Straight road,Level,Dry,Not Raining,Daylight,Rear End,No Control
2017-11735-15/08/2019,1,1,Driver,Male,36.0,Driver,Not Thrown Out,NotFatal,Worn,Small,Full,Straight Ahead,1.0,3 Country,2,1,Tuesday,off-peak,100,Not Divided,Straight road,Crest of Hill,Wet,Raining,Daylight,Hit Animal,No Control
2017-11743-15/08/2019,1,1,Rider,Female,18.0,NotApplicable,NotApplicable,NotFatal,NotWorn,MCycling,NoLicence,Left Turn,1.0,2 Metropolitan,1,1,Tuesday,off-peak,50,Cross Road,Straight road,Level,Dry,Not Raining,Daylight,Roll Over,Traffic Signals
2017-11744-15/08/2019,1,1,Driver,Male,49.0,Driver,Not Thrown Out,NotFatal,Worn,Medium,Full,Straight Ahead,1.0,3 Country,1,1,Tuesday,peak,110,Not Divided,"CURVED, VIEW OPEN",Level,Dry,Not Raining,Daylight,Roll Over,No Control
2017-11746-15/08/2019,2,1,Passenger,Female,37.0,Front Seat Left Passenger,Not Thrown Out,NotFatal,NotWorn,Small,NoLicence,Straight Ahead,2.0,1 City,3,1,Tuesday,peak,50,Not Divided,Straight road,Level,Dry,Not Raining,Daylight,Rear End,No Control
2017-11747-15/08/2019,2,1,Driver,Female,75.0,Driver,Not Thrown Out,NotFatal,Worn,Small,Full,Straight Ahead,2.0,2 Metropolitan,2,1,Tuesday,off-peak,60,Divided Road,Straight road,Level,Dry,Not Raining,Daylight,Rear End,No Control
2017-11748-15/08/2019,1,1,Driver,Female,36.0,Driver,Not Thrown Out,NotFatal,Worn,Small,Full,Stopped on Carriageway,1.0,2 Metropolitan,2,1,Tuesday,off-peak,60,Pedestrian Crossing,Straight road,Level,Dry,Not Raining,Daylight,Rear End,Traffic Signals
2017-11752-15/08/2019,3,1,Driver,Male,27.0,Driver,Not Thrown Out,NotFatal,Worn,Small,Full,Stopped on Carriageway,1.0,1 City,3,1,Tuesday,peak,60,Divided Road,Straight road,Level,Dry,Not Raining,Daylight,Rear End,No Control
2017-11755-15/08/2019,2,1,Driver,Female,32.0,Driver,Not Thrown Out,NotFatal,Worn,Small,Full,Straight Ahead,1.0,2 Metropolitan,2,1,Tuesday,off-peak,80,Divided Road,Straight road,Slope,Dry,Not Raining,Daylight,Rear End,No Control
2017-11756-15/08/2019,2,1,Passenger,Male,10.0,Front Seat Left Passenger,Not Thrown Out,NotFatal,NotWorn,Medium,NoLicence,Straight Ahead,4.0,2 Metropolitan,2,2,Tuesday,peak,60,T-Junction,Straight road,Level,Dry,Not Raining,Daylight,Right Turn,No Control
2017-11756-15/08/2019,2,2,Passenger,Male,7.0,Rear Seat Right Passenger,Not Thrown Out,NotFatal,NotWorn,Medium,NoLicence,Straight Ahead,4.0,2 Metropolitan,2,2,Tuesday,peak,60,T-Junction,Straight road,Level,Dry,Not Raining,Daylight,Right Turn,No Control
2017-11759-15/08/2019,1,1,Driver,Male,27.0,Driver,Not Thrown Out,NotFatal,Worn,Small,Full,Straight Ahead,1.0,2 Metropolitan,2,1,Tuesday,peak,50,Not Divided,Straight road,Level,Dry,Not Raining,Daylight,Rear End,No Control
2017-11766-15/08/2019,1,1,Rider,Male,28.0,NotApplicable,NotApplicable,NotFatal,NotWorn,MCycling,NoLicence,Straight Ahead,1.0,2 Metropolitan,2,1,Tuesday,off-peak,80,Not Divided,Straight road,Level,Dry,Not Raining,Night,Hit Animal,No Control
2017-11772-15/08/2019,2,1,Rider,Male,20.0,NotApplicable,NotApplicable,NotFatal,NotWorn,PCycling,NoLicence,Straight Ahead,1.0,1 City,2,1,Wednesday,peak,50,Cross Road,Straight road,Level,Dry,Not Raining,Daylight,Side Swipe,Traffic Signals
2017-11775-15/08/2019,2,1,Pedestrian,Male,18.0,NotApplicable,NotApplicable,NotFatal,NotWorn,Pedestrian on Road,NoLicence,Crossing with Traffic Signals,1.0,1 City,2,1,Wednesday,off-peak,50,Cross Road,Straight road,Level,Dry,Not Raining,Daylight,Hit Pedestrian,Traffic Signals
2017-11778-15/08/2019,2,1,Driver,Female,63.0,Driver,Not Thrown Out,NotFatal,Worn,Small,Full,Straight Ahead,2.0,2 Metropolitan,2,2,Wednesday,off-peak,80,Cross Road,Straight road,Level,Dry,Not Raining,Daylight,Right Angle,Give Way Sign
2017-11778-15/08/2019,2,2,Passenger,Female,68.0,Front Seat Left Passenger,Not Thrown Out,NotFatal,NotWorn,Small,NoLicence,Straight Ahead,2.0,2 Metropolitan,2,2,Wednesday,off-peak,80,Cross Road,Straight road,Level,Dry,Not Raining,Daylight,Right Angle,Give Way Sign
2017-11779-15/08/2019,1,1,Driver,Female,27.0,Driver,Not Thrown Out,NotFatal,Worn,Medium,Full,Stopped on Carriageway,1.0,2 Metropolitan,2,1,Wednesday,peak,60,Divided Road,Straight road,Level,Dry,Not Raining,Daylight,Rear End,No Control
2017-11780-15/08/2019,1,1,Rider,Male,25.0,NotApplicable,NotApplicable,NotFatal,NotWorn,MCycling,NoLicence,Straight Ahead,1.0,2 Metropolitan,2,1,Wednesday,off-peak,60,Divided Road,Straight road,Level,Dry,Not Raining,Daylight,Rear End,No Control
2017-11785-15/08/2019,1,1,Rider,Male,51.0,NotApplicable,NotApplicable,NotFatal,NotWorn,PCycling,NoLicence,Straight Ahead,1.0,2 Metropolitan,1,1,Tuesday,peak,60,Divided Road,Straight road,Level,Dry,Not Raining,Daylight,Roll Over,No Control
2017-11788-15/08/2019,1,1,Driver,Male,62.0,Driver,Not Thrown Out,NotFatal,Worn,Small,Full,Straight Ahead,1.0,2 Metropolitan,2,1,Wednesday,off-peak,60,Divided Road,Straight road,Level,Dry,Not Raining,Daylight,Rear End,No Control
2017-11790-15/08/2019,1,1,Passenger,Male,39.88915925490854,Rear Seat Left Passenger,Not Thrown Out,NotFatal,NotWorn,Medium,NoLicence,Stopped on Carriageway,3.0,2 Metropolitan,2,2,Wednesday,off-peak,70,Divided Road,Straight road,Level,Dry,Not Raining,Daylight,Rear End,No Control
2017-11790-15/08/2019,1,2,Passenger,Male,39.88915925490854,Front Seat Left Passenger,Not Thrown Out,NotFatal,NotWorn,Medium,NoLicence,Stopped on Carriageway,3.0,2 Metropolitan,2,2,Wednesday,off-peak,70,Divided Road,Straight road,Level,Dry,Not Raining,Daylight,Rear End,No Control
2017-11791-15/08/2019,2,1,Pedestrian,Female,14.0,NotApplicable,NotApplicable,NotFatal,NotWorn,Pedestrian on Road,NoLicence,Crossing without Control,1.0,2 Metropolitan,2,1,Wednesday,off-peak,50,Not Divided,Straight road,Level,Dry,Not Raining,Daylight,Hit Pedestrian,No Control
2017-11792-15/08/2019,2,1,Driver,Male,92.0,Driver,Not Thrown Out,NotFatal,Worn,Small,Full,Right Turn,2.0,2 Metropolitan,2,1,Wednesday,off-peak,60,T-Junction,"CURVED, VIEW OPEN",Level,Dry,Not Raining,Daylight,Right Angle,No Control
2017-11800-15/08/2019,1,1,Driver,Male,18.0,Driver,Not Thrown Out,NotFatal,Worn,Small,Provisional 1 ,Straight Ahead,1.0,2 Metropolitan,2,1,Wednesday,off-peak,60,Cross Road,Straight road,Level,Dry,Not Raining,Daylight,Hit Fixed Object,Traffic Signals
2017-11802-15/08/2019,2,1,Rider,Male,63.0,NotApplicable,NotApplicable,NotFatal,NotWorn,PCycling,NoLicence,Straight Ahead,1.0,2 Metropolitan,2,1,Wednesday,peak,60,Cross Road,Straight road,Level,Dry,Not Raining,Daylight,Right Angle,Roundabout
2017-11805-15/08/2019,2,1,Pedestrian,Male,60.0,NotApplicable,NotApplicable,Fatal,NotWorn,Pedestrian on Road,NoLicence,Crossing without Control,1.0,2 Metropolitan,2,1,Wednesday,off-peak,60,Divided Road,Straight road,Level,Dry,Not Raining,Night,Hit Pedestrian,No Control
2017-11806-15/08/2019,2,1,Driver,Female,18.0,Driver,Not Thrown Out,NotFatal,Worn,Small,Provisional 2,Stopped on Carriageway,3.0,2 Metropolitan,2,1,Wednesday,off-peak,50,T-Junction,Straight road,Unknown,Dry,Not Raining,Daylight,Rear End,Give Way Sign
2017-11811-15/08/2019,1,1,Driver,Male,89.0,Driver,Not Thrown Out,NotFatal,Worn,Medium,Full,Straight Ahead,1.0,3 Country,2,1,Wednesday,off-peak,100,Not Divided,Straight road,Level,Dry,Not Raining,Daylight,Hit Fixed Object,No Control
2017-11812-15/08/2019,1,1,Driver,Female,84.0,Driver,Not Thrown Out,NotFatal,Worn,Small,Full,Straight Ahead,2.0,2 Metropolitan,2,2,Wednesday,off-peak,60,Divided Road,Straight road,Slope,Dry,Not Raining,Daylight,Hit Parked Vehicle,No Control
2017-11812-15/08/2019,1,2,Passenger,Male,90.0,Front Seat Left Passenger,Not Thrown Out,NotFatal,NotWorn,Small,NoLicence,Straight Ahead,2.0,2 Metropolitan,2,2,Wednesday,off-peak,60,Divided Road,Straight road,Slope,Dry,Not Raining,Daylight,Hit Parked Vehicle,No Control
2017-11817-15/08/2019,1,1,Rider,Female,51.0,NotApplicable,NotApplicable,NotFatal,NotWorn,MCycling,NoLicence,Straight Ahead,1.0,3 Country,2,1,Wednesday,peak,100,Not Divided,"CURVED, VIEW OPEN",Slope,Dry,Not Raining,Daylight,Hit Animal,No Control
2017-11819-15/08/2019,1,1,Rider,Male,21.0,NotApplicable,NotApplicable,NotFatal,NotWorn,MCycling,NoLicence,Straight Ahead,1.0,2 Metropolitan,1,1,Wednesday,off-peak,60,Not Divided,Straight road,Level,Dry,Not Raining,Daylight,Roll Over,No Control
2017-11820-15/08/2019,3,1,Driver,Female,35.0,Driver,Not Thrown Out,NotFatal,Worn,Small,Full,Stopped on Carriageway,2.0,2 Metropolitan,4,1,Thursday,off-peak,80,Divided Road,Straight road,Level,Dry,Not Raining,Daylight,Rear End,No Control
2017-11823-15/08/2019,1,1,Passenger,Male,84.0,Front Seat Left Passenger,Not Thrown Out,NotFatal,NotWorn,Small,NoLicence,Straight Ahead,3.0,2 Metropolitan,2,1,Thursday,off-peak,60,T-Junction,Straight road,Level,Dry,Not Raining,Daylight,Right Angle,No Control
2017-11828-15/08/2019,2,1,Driver,Female,63.0,Driver,Not Thrown Out,NotFatal,Worn,Small,Full,Stopped on Carriageway,2.0,3 Country,2,1,Thursday,off-peak,50,T-Junction,Straight road,Slope,Wet,Raining,Daylight,Rear End,No Control
2017-11832-15/08/2019,1,1,Driver,Female,48.0,Driver,Not Thrown Out,NotFatal,Worn,Small,Full,Stopped on Carriageway,2.0,2 Metropolitan,2,1,Monday,off-peak,60,Cross Road,Straight road,Level,Dry,Not Raining,Daylight,Rear End,Traffic Signals
2017-11837-15/08/2019,1,1,Driver,Female,83.0,Driver,Not Thrown Out,NotFatal,Worn,Small,Full,Parking - Angle,1.0,2 Metropolitan,2,1,Thursday,off-peak,50,Not Divided,Straight road,Slope,Wet,Raining,Daylight,Hit Fixed Object,No Control
2017-11839-15/08/2019,2,1,Driver,Female,84.0,Driver,Not Thrown Out,NotFatal,Worn,Small,Full,Straight Ahead,1.0,2 Metropolitan,3,1,Thursday,off-peak,60,Not Divided,Straight road,Level,Wet,Raining,Daylight,Rear End,No Control
2017-11842-15/08/2019,1,1,Driver,Male,32.0,Driver,Not Thrown Out,NotFatal,Worn,Small,Full,Stopped on Carriageway,3.0,2 Metropolitan,2,4,Wednesday,off-peak,50,Divided Road,Straight road,Level,Dry,Not Raining,Daylight,Rear End,Roundabout
2017-11842-15/08/2019,1,2,Passenger,Male,2.0,Rear Seat Middle Passenger,Not Thrown Out,NotFatal,NotWorn,Small,NoLicence,Stopped on Carriageway,3.0,2 Metropolitan,2,4,Wednesday,off-peak,50,Divided Road,Straight road,Level,Dry,Not Raining,Daylight,Rear End,Roundabout
2017-11842-15/08/2019,1,3,Passenger,Female,29.0,Front Seat Left Passenger,Not Thrown Out,NotFatal,NotWorn,Small,NoLicence,Stopped on Carriageway,3.0,2 Metropolitan,2,4,Wednesday,off-peak,50,Divided Road,Straight road,Level,Dry,Not Raining,Daylight,Rear End,Roundabout
2017-11842-15/08/2019,2,1,Driver,Male,46.0,Driver,Not Thrown Out,NotFatal,Worn,Small,Full,Straight Ahead,1.0,2 Metropolitan,2,4,Wednesday,off-peak,50,Divided Road,Straight road,Level,Dry,Not Raining,Daylight,Rear End,Roundabout
2017-11843-15/08/2019,2,1,Passenger,Female,29.0,Front Seat Left Passenger,Not Thrown Out,NotFatal,NotWorn,Small,NoLicence,Straight Ahead,2.0,2 Metropolitan,2,1,Thursday,off-peak,60,Divided Road,Straight road,Level,Dry,Not Raining,Daylight,Rear End,No Control
2017-11844-15/08/2019,2,1,Driver,Female,45.0,Driver,Not Thrown Out,NotFatal,Worn,Medium,Full,Straight Ahead,1.0,2 Metropolitan,2,1,Thursday,peak,60,T-Junction,Straight road,Level,Dry,Not Raining,Daylight,Right Turn,Traffic Signals
2017-11848-15/08/2019,1,1,Driver,Female,17.0,Driver,Not Thrown Out,NotFatal,Worn,Small,Provisional 1 ,Parked,1.0,2 Metropolitan,3,2,Thursday,off-peak,100,Divided Road,Straight road,Slope,Dry,Not Raining,Daylight,Hit Parked Vehicle,No Control
2017-11848-15/08/2019,3,1,Pedestrian,Male,18.0,NotApplicable,NotApplicable,NotFatal,NotWorn,Pedestrian on Road,NoLicence,Pushing or Working on Vehicle,1.0,2 Metropolitan,3,2,Thursday,off-peak,100,Divided Road,Straight road,Slope,Dry,Not Raining,Daylight,Hit Parked Vehicle,No Control
2017-11850-15/08/2019,2,1,Rider,Female,23.0,NotApplicable,NotApplicable,NotFatal,NotWorn,PCycling,NoLicence,Straight Ahead,1.0,1 City,2,1,Thursday,off-peak,50,Not Divided,Straight road,Level,Dry,Not Raining,Daylight,Side Swipe,No Control
2017-11851-15/08/2019,1,1,Driver,Male,52.0,Driver,Not Thrown Out,NotFatal,Worn,Small,Full,Stopped on Carriageway,1.0,2 Metropolitan,2,1,Thursday,off-peak,60,Cross Road,Straight road,Level,Dry,Not Raining,Daylight,Rear End,Stop Sign
2017-11856-15/08/2019,1,1,Driver,Female,19.0,Driver,Not Thrown Out,NotFatal,Worn,Small,Provisional 2,Straight Ahead,1.0,2 Metropolitan,2,1,Thursday,off-peak,60,Divided Road,Straight road,Level,Dry,Not Raining,Night,Hit Fixed Object,No Control
2017-11857-15/08/2019,1,1,Driver,Male,47.0,Driver,Not Thrown Out,NotFatal,Worn,Small,Unlicenced,Straight Ahead,1.0,2 Metropolitan,2,1,Friday,off-peak,50,Not Divided,Straight road,Level,Dry,Not Raining,Night,Hit Fixed Object,No Control
2017-11859-15/08/2019,2,1,Rider,Male,14.0,NotApplicable,NotApplicable,NotFatal,NotWorn,PCycling,NoLicence,Overtaking - on Left,1.0,2 Metropolitan,2,1,Friday,peak,50,T-Junction,Straight road,Level,Dry,Not Raining,Daylight,Side Swipe,Roundabout
2017-11862-15/08/2019,2,1,Driver,Male,23.0,Driver,Not Thrown Out,NotFatal,Worn,Utility,Provisional 2,Stopped on Carriageway,1.0,2 Metropolitan,2,1,Friday,off-peak,60,Divided Road,Straight road,Level,Dry,Not Raining,Daylight,Rear End,No Control
2017-11865-15/08/2019,1,1,Passenger,Female,26.0,Rear Seat Right Passenger,Not Thrown Out,NotFatal,NotWorn,Small,NoLicence,Straight Ahead,4.0,2 Metropolitan,2,2,Friday,off-peak,60,Cross Road,Straight road,Level,Dry,Not Raining,Daylight,Right Turn,Traffic Signals
2017-11865-15/08/2019,1,2,Passenger,Female,82.0,Front Seat Left Passenger,Not Thrown Out,NotFatal,NotWorn,Small,NoLicence,Straight Ahead,4.0,2 Metropolitan,2,2,Friday,off-peak,60,Cross Road,Straight road,Level,Dry,Not Raining,Daylight,Right Turn,Traffic Signals
2017-11866-15/08/2019,2,1,Driver,Male,44.0,Driver,Not Thrown Out,NotFatal,Worn,Medium,Full,Stopped on Carriageway,1.0,2 Metropolitan,2,1,Friday,off-peak,60,Cross Road,Straight road,Bottom of Hill,Dry,Not Raining,Daylight,Rear End,Traffic Signals
2017-11868-15/08/2019,1,1,Driver,Female,58.0,Driver,Not Thrown Out,NotFatal,Worn,Small,Unlicenced,Right Turn,1.0,2 Metropolitan,2,1,Friday,off-peak,60,Cross Road,Straight road,Level,Dry,Not Raining,Daylight,Right Turn,Give Way Sign
2017-11871-15/08/2019,2,1,Pedestrian,Female,74.0,NotApplicable,NotApplicable,NotFatal,NotWorn,Pedestrian on Road,NoLicence,Crossing without Control,1.0,2 Metropolitan,2,1,Friday,off-peak,50,Not Divided,Straight road,Level,Dry,Not Raining,Daylight,Hit Pedestrian,No Control
2017-11874-15/08/2019,1,1,Driver,Female,19.0,Driver,Not Thrown Out,NotFatal,Worn,Medium,Provisional 2,Straight Ahead,1.0,2 Metropolitan,2,1,Friday,off-peak,60,Not Divided,Straight road,Level,Dry,Not Raining,Daylight,Hit Fixed Object,No Control
2017-11877-15/08/2019,1,1,Driver,Male,17.0,Driver,Not Thrown Out,NotFatal,Worn,Medium,Provisional 1 ,Straight Ahead,2.0,3 Country,2,2,Thursday,off-peak,100,Not Divided,"CURVED, VIEW OBSCURED",Level,Dry,Not Raining,Daylight,Hit Fixed Object,No Control
2017-11877-15/08/2019,1,2,Passenger,Male,18.0,Front Seat Left Passenger,Not Thrown Out,NotFatal,NotWorn,Medium,NoLicence,Straight Ahead,2.0,3 Country,2,2,Thursday,off-peak,100,Not Divided,"CURVED, VIEW OBSCURED",Level,Dry,Not Raining,Daylight,Hit Fixed Object,No Control
2017-11878-15/08/2019,1,1,Rider,Female,53.0,NotApplicable,NotApplicable,NotFatal,NotWorn,MCycling,NoLicence,Entering Private Driveway,1.0,2 Metropolitan,2,1,Thursday,off-peak,50,Not Divided,Straight road,Level,Wet,Raining,Daylight,Side Swipe,No Control
2017-11882-15/08/2019,2,1,Driver,Female,70.0,Driver,Not Thrown Out,NotFatal,Worn,Small,Full,Right Turn,2.0,2 Metropolitan,2,1,Friday,off-peak,50,T-Junction,"CURVED, VIEW OPEN",Level,Dry,Not Raining,Daylight,Right Angle,No Control
2017-11884-15/08/2019,1,1,Driver,Male,39.88915925490854,Driver,Not Thrown Out,NotFatal,Unknown,Small,Full,Right Turn,1.0,3 Country,2,2,Friday,off-peak,100,T-Junction,Straight road,Bottom of Hill,Dry,Not Raining,Daylight,Right Angle,No Control
2017-11884-15/08/2019,2,1,Driver,Female,20.0,Driver,Not Thrown Out,NotFatal,Worn,Medium,Provisional 2,Straight Ahead,1.0,3 Country,2,2,Friday,off-peak,100,T-Junction,Straight road,Bottom of Hill,Dry,Not Raining,Daylight,Right Angle,No Control
2017-11886-15/08/2019,1,1,Rider,Male,56.0,NotApplicable,NotApplicable,NotFatal,NotWorn,MCycling,NoLicence,Straight Ahead,1.0,2 Metropolitan,2,1,Friday,peak,60,T-Junction,Straight road,Level,Dry,Not Raining,Daylight,Right Turn,No Control
2017-11892-15/08/2019,1,1,Driver,Female,42.0,Driver,Not Thrown Out,NotFatal,Worn,Small,Unknown,Straight Ahead,2.0,2 Metropolitan,3,4,Friday,peak,60,Divided Road,Straight road,Level,Dry,Not Raining,Daylight,Rear End,No Control
2017-11892-15/08/2019,2,1,Driver,Female,28.0,Driver,Not Thrown Out,NotFatal,Worn,Small,Full,Stopped on Carriageway,1.0,2 Metropolitan,3,4,Friday,peak,60,Divided Road,Straight road,Level,Dry,Not Raining,Daylight,Rear End,No Control
2017-11892-15/08/2019,3,1,Driver,Male,37.0,Driver,Not Thrown Out,NotFatal,Worn,Small,Unknown,Stopped on Carriageway,2.0,2 Metropolitan,3,4,Friday,peak,60,Divided Road,Straight road,Level,Dry,Not Raining,Daylight,Rear End,No Control
2017-11892-15/08/2019,3,2,Passenger,Male,39.88915925490854,Front Seat Left Passenger,Not Thrown Out,NotFatal,NotWorn,Small,NoLicence,Stopped on Carriageway,2.0,2 Metropolitan,3,4,Friday,peak,60,Divided Road,Straight road,Level,Dry,Not Raining,Daylight,Rear End,No Control
2017-11893-15/08/2019,2,1,Driver,Female,68.0,Driver,Not Thrown Out,NotFatal,Worn,Small,Full,Straight Ahead,1.0,2 Metropolitan,3,1,Friday,peak,70,Divided Road,Straight road,Level,Dry,Not Raining,Daylight,Rear End,No Control
2017-11896-15/08/2019,1,1,Driver,Male,65.0,Driver,Not Thrown Out,NotFatal,Worn,Small,Full,Straight Ahead,2.0,2 Metropolitan,2,1,Friday,off-peak,50,Not Divided,Straight road,Level,Dry,Not Raining,Daylight,Rear End,No Control
2017-11898-15/08/2019,1,1,Driver,Male,45.0,Driver,Not Thrown Out,NotFatal,NotWorn,Utility,Full,Swerving,1.0,3 Country,3,1,Friday,peak,100,Not Divided,Straight road,Level,Wet,Not Raining,Daylight,Hit Animal,No Control
2017-11900-15/08/2019,1,1,Driver,Female,50.0,Driver,Not Thrown Out,NotFatal,Worn,Small,Full,Straight Ahead,2.0,2 Metropolitan,2,1,Friday,off-peak,60,Cross Road,Straight road,Level,Dry,Not Raining,Night,Right Turn,Traffic Signals
2017-11901-15/08/2019,1,1,Driver,Male,50.0,Driver,Not Thrown Out,NotFatal,Unknown,Small,Full,Straight Ahead,1.0,2 Metropolitan,4,5,Saturday,off-peak,60,Not Divided,Straight road,Level,Dry,Not Raining,Daylight,Head On,No Control
2017-11901-15/08/2019,2,1,Driver,Male,58.0,Driver,Not Thrown Out,NotFatal,Unknown,Small,Full,Straight Ahead,2.0,2 Metropolitan,4,5,Saturday,off-peak,60,Not Divided,Straight road,Level,Dry,Not Raining,Daylight,Head On,No Control
2017-11901-15/08/2019,2,2,Passenger,Female,67.0,Front Seat Left Passenger,Not Thrown Out,NotFatal,NotWorn,Small,NoLicence,Straight Ahead,2.0,2 Metropolitan,4,5,Saturday,off-peak,60,Not Divided,Straight road,Level,Dry,Not Raining,Daylight,Head On,No Control
2017-11901-15/08/2019,3,1,Driver,Female,24.0,Driver,Not Thrown Out,NotFatal,Unknown,Small,Full,Straight Ahead,1.0,2 Metropolitan,4,5,Saturday,off-peak,60,Not Divided,Straight road,Level,Dry,Not Raining,Daylight,Head On,No Control
2017-11901-15/08/2019,4,1,Rider,Male,27.0,NotApplicable,NotApplicable,NotFatal,NotWorn,MCycling,NoLicence,Straight Ahead,1.0,2 Metropolitan,4,5,Saturday,off-peak,60,Not Divided,Straight road,Level,Dry,Not Raining,Daylight,Head On,No Control
2017-11905-15/08/2019,1,1,Driver,Female,28.0,Driver,Not Thrown Out,NotFatal,Worn,Utility,Full,Straight Ahead,1.0,2 Metropolitan,2,1,Friday,peak,50,Not Divided,Straight road,Level,Dry,Not Raining,Daylight,Hit Fixed Object,No Control
2017-11906-15/08/2019,2,1,Passenger,Male,9.0,Rear Seat Middle Passenger,Not Thrown Out,NotFatal,NotWorn,Medium,NoLicence,Stopped on Carriageway,2.0,2 Metropolitan,4,1,Saturday,peak,80,Divided Road,Straight road,Level,Dry,Not Raining,Daylight,Rear End,No Control
2017-11908-15/08/2019,1,1,Driver,Male,35.0,Driver,Not Thrown Out,NotFatal,Worn,Small,Full,Swerving,1.0,2 Metropolitan,3,1,Saturday,off-peak,50,Not Divided,Straight road,Level,Dry,Not Raining,Daylight,Hit Fixed Object,No Control
2017-11910-15/08/2019,1,1,Driver,Male,23.0,Driver,Not Thrown Out,NotFatal,Worn,Utility,Full,Straight Ahead,1.0,2 Metropolitan,4,1,Saturday,off-peak,60,Not Divided,Straight road,Level,Dry,Not Raining,Daylight,Hit Parked Vehicle,No Control
2017-11911-15/08/2019,2,1,Pedestrian,Male,72.0,NotApplicable,NotApplicable,NotFatal,NotWorn,Pedestrian on Road,NoLicence,Crossing without Control,1.0,2 Metropolitan,2,1,Saturday,off-peak,50,Not Divided,Straight road,Level,Dry,Not Raining,Daylight,Hit Pedestrian,No Control
2017-11913-15/08/2019,1,1,Driver,Female,38.0,Driver,Not Thrown Out,NotFatal,Worn,Medium,Full,Stopped on Carriageway,1.0,2 Metropolitan,2,1,Friday,off-peak,60,Divided Road,Straight road,Level,Dry,Not Raining,Daylight,Rear End,No Control
2017-11916-15/08/2019,1,1,Rider,Male,24.0,NotApplicable,NotApplicable,Fatal,NotWorn,MCycling,NoLicence,Overtaking - on Right,1.0,2 Metropolitan,2,1,Saturday,off-peak,80,Not Divided,"CURVED, VIEW OBSCURED",Level,Dry,Not Raining,Daylight,Roll Over,No Control
2017-11918-15/08/2019,1,1,Driver,Female,38.0,Driver,Not Thrown Out,NotFatal,Worn,Small,Full,Stopped on Carriageway,1.0,2 Metropolitan,2,1,Friday,off-peak,50,T-Junction,Straight road,Level,Dry,Not Raining,Daylight,Rear End,Stop Sign