REPORT_ID,UND_UNIT_NUMBER,CASUALTY_NUMBER,cas_type,cas_gender,cas_age,cas_pos_in_veh,thrown_out,fatality,seat_belt,unit_type,lic_type,unit_movement,n_occupants,stat_area,total_units,cas_total,day,time,area_speed,acc_pos,hor_align,ver_align,moist_cond,wea_cond,dayNight,crash_type,traf_ctrls
2017-12133-15/08/2019,1,1,Rider,Male,44.0,NotApplicable,NotApplicable,NotFatal,NotWorn,MCycling,NoLicence,Straight Ahead,1.0,2 Metropolitan,1,1,Friday,off-peak,60,Divided Road,Straight road,Level,Dry,Not Raining,Daylight,Other,No Control
2017-12134-15/08/2019,1,1,Driver,Female,45.0,Driver,Not Thrown Out,NotFatal,Worn,Medium,Full,Straight Ahead,1.0,2 Metropolitan,4,2,Thursday,off-peak,80,Cross Road,Straight road,Level,Wet,Raining,Night,Rear End,Traffic Signals
2017-12134-15/08/2019,4,1,Driver,Female,50.0,Driver,Not Thrown Out,NotFatal,Worn,Medium,Full,Stopped on Carriageway,1.0,2 Metropolitan,4,2,Thursday,off-peak,80,Cross Road,Straight road,Level,Wet,Raining,Night,Rear End,Traffic Signals
2017-12136-15/08/2019,1,1,Driver,Female,36.0,Driver,Not Thrown Out,NotFatal,Worn,Small,Full,U Turn,1.0,2 Metropolitan,5,1,Friday,off-peak,50,Not Divided,Straight road,Level,Dry,Not Raining,Daylight,Hit Fixed Object,No Control
2017-12137-15/08/2019,1,1,Driver,Female,52.0,Driver,Not Thrown Out,NotFatal,Worn,Medium,Full,Entering Private Driveway,1.0,2 Metropolitan,2,1,Thursday,peak,50,Not Divided,Straight road,Level,Dry,Not Raining,Daylight,Right Turn,No Control
2017-12138-15/08/2019,2,1,Driver,Male,91.0,Driver,Not Thrown Out,NotFatal,Worn,Utility,Full,Straight Ahead,1.0,3 Country,2,1,Friday,off-peak,100,Not Divided,Straight road,Level,Dry,Not Raining,Daylight,Side Swipe,No Control
2017-12141-15/08/2019,1,1,Driver,Male,40.0,Driver,Not Thrown Out,NotFatal,Worn,Utility,Full,Stopped on Carriageway,3.0,2 Metropolitan,2,1,Thursday,off-peak,60,T-Junction,Straight road,Level,Wet,Raining,Daylight,Rear End,No Control
2017-12143-15/08/2019,3,1,Driver,Male,39.88915925490854,Driver,Not Thrown Out,NotFatal,Worn,Small,Full,Stopped on Carriageway,1.0,2 Metropolitan,4,1,Saturday,peak,60,Divided Road,Straight road,Level,Dry,Not Raining,Daylight,Rear End,No Control
2017-12149-15/08/2019,1,1,Rider,Male,20.0,NotApplicable,NotApplicable,NotFatal,NotWorn,MCycling,NoLicence,Straight Ahead,1.0,2 Metropolitan,2,1,Friday,off-peak,60,T-Junction,"CURVED, VIEW OBSCURED",Slope,Wet,Raining,Daylight,Hit Fixed Object,Stop Sign
2017-12151-15/08/2019,2,1,Pedestrian,Male,24.0,NotApplicable,NotApplicable,NotFatal,NotWorn,Pedestrian on Road,NoLicence,Walking on Road,1.0,2 Metropolitan,2,1,Friday,off-peak,50,Not Divided,"CURVED, VIEW OPEN",Level,Dry,Not Raining,Night,Hit Pedestrian,No Control
2017-12152-15/08/2019,1,1,Driver,Female,62.0,Driver,Not Thrown Out,NotFatal,Worn,Small,Full,Straight Ahead,1.0,2 Metropolitan,2,1,Friday,off-peak,50,Not Divided,Straight road,Level,Wet,Raining,Night,Hit Parked Vehicle,No Control
2017-12153-15/08/2019,2,1,Pedestrian,Male,19.0,NotApplicable,NotApplicable,NotFatal,NotWorn,Pedestrian on Road,NoLicence,Crossing with Traffic Signals,1.0,2 Metropolitan,2,1,Saturday,off-peak,60,Cross Road,Straight road,Level,Dry,Not Raining,Night,Hit Pedestrian,Traffic Signals
2017-12159-15/08/2019,1,1,Rider,Male,53.0,NotApplicable,NotApplicable,NotFatal,NotWorn,PCycling,NoLicence,Straight Ahead,1.0,2 Metropolitan,1,1,Saturday,peak,50,T-Junction,Straight road,Level,Dry,Not Raining,Daylight,Roll Over,Roundabout
2017-12160-15/08/2019,2,1,Driver,Male,62.0,Driver,Not Thrown Out,NotFatal,Worn,Small,Full,Straight Ahead,1.0,2 Metropolitan,2,1,Friday,off-peak,60,T-Junction,Straight road,Level,Dry,Not Raining,Night,Right Turn,No Control
2017-12163-15/08/2019,1,1,Rider,Male,50.0,NotApplicable,NotApplicable,NotFatal,NotWorn,PCycling,NoLicence,Straight Ahead,1.0,2 Metropolitan,1,1,Saturday,off-peak,80,Not Divided,"CURVED, VIEW OPEN",Slope,Dry,Not Raining,Daylight,Roll Over,No Control
2017-12166-15/08/2019,2,1,Driver,Male,84.0,Driver,Not Thrown Out,NotFatal,Worn,Small,Full,Straight Ahead,2.0,3 Country,4,3,Saturday,off-peak,80,T-Junction,Straight road,Level,Dry,Not Raining,Daylight,Rear End,Give Way Sign
2017-12166-15/08/2019,2,2,Passenger,Female,82.0,Front Seat Left Passenger,Not Thrown Out,NotFatal,NotWorn,Small,NoLicence,Straight Ahead,2.0,3 Country,4,3,Saturday,off-peak,80,T-Junction,Straight road,Level,Dry,Not Raining,Daylight,Rear End,Give Way Sign
2017-12166-15/08/2019,3,1,Driver,Male,47.0,Driver,Not Thrown Out,NotFatal,Worn,Medium,Full,Straight Ahead,1.0,3 Country,4,3,Saturday,off-peak,80,T-Junction,Straight road,Level,Dry,Not Raining,Daylight,Rear End,Give Way Sign
2017-12167-15/08/2019,1,1,Driver,Female,37.0,Driver,Not Thrown Out,NotFatal,Worn,Medium,Full,Straight Ahead,2.0,2 Metropolitan,3,1,Saturday,off-peak,50,T-Junction,Straight road,Level,Dry,Not Raining,Daylight,Right Angle,No Control
2017-12170-15/08/2019,1,1,Driver,Male,18.0,Driver,Not Thrown Out,NotFatal,Worn,Small,Provisional 1 ,Straight Ahead,1.0,2 Metropolitan,2,6,Saturday,off-peak,80,Cross Road,Straight road,Level,Dry,Not Raining,Daylight,Right Angle,Give Way Sign
2017-12170-15/08/2019,2,1,Driver,Male,37.0,Driver,Not Thrown Out,NotFatal,Worn,Medium,Full,Straight Ahead,5.0,2 Metropolitan,2,6,Saturday,off-peak,80,Cross Road,Straight road,Level,Dry,Not Raining,Daylight,Right Angle,Give Way Sign
2017-12170-15/08/2019,2,2,Passenger,Male,2.0,Rear Seat Middle Passenger,Not Thrown Out,NotFatal,NotWorn,Medium,NoLicence,Straight Ahead,5.0,2 Metropolitan,2,6,Saturday,off-peak,80,Cross Road,Straight road,Level,Dry,Not Raining,Daylight,Right Angle,Give Way Sign
2017-12170-15/08/2019,2,3,Passenger,Male,7.0,Rear Seat Left Passenger,Not Thrown Out,NotFatal,NotWorn,Medium,NoLicence,Straight Ahead,5.0,2 Metropolitan,2,6,Saturday,off-peak,80,Cross Road,Straight road,Level,Dry,Not Raining,Daylight,Right Angle,Give Way Sign
2017-12170-15/08/2019,2,4,Passenger,Female,66.0,Front Seat Left Passenger,Not Thrown Out,NotFatal,NotWorn,Medium,NoLicence,Straight Ahead,5.0,2 Metropolitan,2,6,Saturday,off-peak,80,Cross Road,Straight road,Level,Dry,Not Raining,Daylight,Right Angle,Give Way Sign
2017-12170-15/08/2019,2,5,Passenger,Female,68.0,Rear Seat Right Passenger,Not Thrown Out,NotFatal,NotWorn,Medium,NoLicence,Straight Ahead,5.0,2 Metropolitan,2,6,Saturday,off-peak,80,Cross Road,Straight road,Level,Dry,Not Raining,Daylight,Right Angle,Give Way Sign
2017-12175-15/08/2019,1,1,Driver,Female,29.0,Driver,Not Thrown Out,NotFatal,Unknown,Small,Unlicenced,Straight Ahead,1.0,2 Metropolitan,2,1,Saturday,peak,60,Not Divided,Straight road,Level,Dry,Not Raining,Daylight,Hit Fixed Object,No Control
2017-12177-15/08/2019,1,1,Driver,Male,24.0,Driver,Not Thrown Out,NotFatal,Worn,Small,Full,Straight Ahead,1.0,3 Country,2,1,Saturday,off-peak,50,Not Divided,"CURVED, VIEW OPEN",Level,Dry,Not Raining,Daylight,Hit Fixed Object,No Control
2017-12178-15/08/2019,1,1,Driver,Male,52.0,Driver,Not Thrown Out,NotFatal,Worn,Utility,Full,Straight Ahead,1.0,2 Metropolitan,2,3,Saturday,peak,90,Cross Road,Straight road,Level,Dry,Not Raining,Daylight,Right Angle,Stop Sign
2017-12178-15/08/2019,2,1,Driver,Male,82.0,Driver,Not Thrown Out,NotFatal,Worn,Small,Full,Right Turn,2.0,2 Metropolitan,2,3,Saturday,peak,90,Cross Road,Straight road,Level,Dry,Not Raining,Daylight,Right Angle,Stop Sign
2017-12178-15/08/2019,2,2,Passenger,Female,81.0,Front Seat Left Passenger,Not Thrown Out,NotFatal,NotWorn,Small,NoLicence,Right Turn,2.0,2 Metropolitan,2,3,Saturday,peak,90,Cross Road,Straight road,Level,Dry,Not Raining,Daylight,Right Angle,Stop Sign
2017-12180-15/08/2019,1,1,Driver,Male,30.0,Driver,Not Thrown Out,NotFatal,Worn,Medium,Unknown,Straight Ahead,1.0,3 Country,1,1,Wednesday,off-peak,100,Not Divided,Straight road,Level,Dry,Not Raining,Daylight,Roll Over,No Control
2017-12181-15/08/2019,2,1,Pedestrian,Female,83.0,NotApplicable,NotApplicable,Fatal,NotWorn,Pedestrian on Footpath/Carpark,NoLicence,Walking on Footpath,1.0,3 Country,4,1,Saturday,off-peak,50,Not Divided,Straight road,Slope,Dry,Not Raining,Daylight,Hit Pedestrian,No Control
2017-12182-15/08/2019,1,1,Driver,Male,40.0,Driver,Not Thrown Out,NotFatal,Unknown,Small,Provisional 1 ,Straight Ahead,1.0,1 City,6,5,Saturday,peak,50,Cross Road,Straight road,Level,Wet,Not Raining,Daylight,Hit Pedestrian,Traffic Signals
2017-12182-15/08/2019,2,1,Pedestrian,Female,67.0,NotApplicable,NotApplicable,NotFatal,NotWorn,Pedestrian on Footpath/Carpark,NoLicence,Walking on Footpath,1.0,1 City,6,5,Saturday,peak,50,Cross Road,Straight road,Level,Wet,Not Raining,Daylight,Hit Pedestrian,Traffic Signals
2017-12182-15/08/2019,3,1,Pedestrian,Female,26.0,NotApplicable,NotApplicable,NotFatal,NotWorn,Pedestrian on Footpath/Carpark,NoLicence,Walking on Footpath,1.0,1 City,6,5,Saturday,peak,50,Cross Road,Straight road,Level,Wet,Not Raining,Daylight,Hit Pedestrian,Traffic Signals
2017-12182-15/08/2019,4,1,Pedestrian,Female,66.0,NotApplicable,NotApplicable,NotFatal,NotWorn,Pedestrian on Footpath/Carpark,NoLicence,Walking on Footpath,1.0,1 City,6,5,Saturday,peak,50,Cross Road,Straight road,Level,Wet,Not Raining,Daylight,Hit Pedestrian,Traffic Signals
2017-12182-15/08/2019,5,1,Pedestrian,Female,32.0,NotApplicable,NotApplicable,NotFatal,NotWorn,Pedestrian on Footpath/Carpark,NoLicence,Walking on Footpath,1.0,1 City,6,5,Saturday,peak,50,Cross Road,Straight road,Level,Wet,Not Raining,Daylight,Hit Pedestrian,Traffic Signals
2017-12183-15/08/2019,1,1,Driver,Female,35.0,Driver,Not Thrown Out,NotFatal,Worn,Small,Full,Straight Ahead,1.0,2 Metropolitan,3,1,Sunday,off-peak,60,Not Divided,Straight road,Level,Dry,Not Raining,Night,Hit Parked Vehicle,No Control
2017-12185-15/08/2019,1,1,Driver,Female,33.0,Driver,Not Thrown Out,NotFatal,Worn,Small,Full,Stopped on Carriageway,1.0,2 Metropolitan,2,1,Saturday,off-peak,60,Cross Road,Straight road,Level,Dry,Not Raining,Daylight,Rear End,Traffic Signals
2017-12186-15/08/2019,2,1,Driver,Male,23.0,Driver,Not Thrown Out,NotFatal,Worn,Small,Full,Stopped on Carriageway,1.0,2 Metropolitan,3,1,Saturday,off-peak,60,Cross Road,Straight road,Slope,Dry,Not Raining,Daylight,Rear End,Traffic Signals
2017-12188-15/08/2019,1,1,Driver,Male,74.0,Driver,Not Thrown Out,NotFatal,Worn,Medium,Full,Straight Ahead,2.0,2 Metropolitan,3,1,Sunday,peak,50,Not Divided,"CURVED, VIEW OBSCURED",Level,Dry,Not Raining,Daylight,Hit Fixed Object,No Control
2017-12189-15/08/2019,2,1,Driver,Male,61.0,Driver,Not Thrown Out,NotFatal,Worn,Utility,Full,Straight Ahead,1.0,2 Metropolitan,2,1,Sunday,peak,60,Cross Road,Straight road,Level,Dry,Not Raining,Daylight,Right Angle,Traffic Signals
2017-12191-15/08/2019,1,1,Driver,Male,21.0,Driver,Thrown Out,NotFatal,Unknown,Utility,Provisional 1 ,Straight Ahead,2.0,2 Metropolitan,2,3,Saturday,off-peak,90,Cross Road,Straight road,Level,Dry,Not Raining,Night,Right Angle,Stop Sign
2017-12191-15/08/2019,1,2,Passenger,Male,27.0,Front Seat Left Passenger,Thrown Out,NotFatal,NotWorn,Utility,NoLicence,Straight Ahead,2.0,2 Metropolitan,2,3,Saturday,off-peak,90,Cross Road,Straight road,Level,Dry,Not Raining,Night,Right Angle,Stop Sign
2017-12191-15/08/2019,2,1,Driver,Male,46.0,Driver,Not Thrown Out,NotFatal,Worn,Medium,Full,Straight Ahead,4.0,2 Metropolitan,2,3,Saturday,off-peak,90,Cross Road,Straight road,Level,Dry,Not Raining,Night,Right Angle,Stop Sign
2017-12195-15/08/2019,2,1,Driver,Female,72.0,Driver,Not Thrown Out,NotFatal,Worn,Small,Full,Right Turn,2.0,2 Metropolitan,2,2,Sunday,off-peak,60,T-Junction,Straight road,Level,Wet,Raining,Daylight,Right Angle,No Control
2017-12195-15/08/2019,2,2,Passenger,Female,83.0,Front Seat Left Passenger,Not Thrown Out,NotFatal,NotWorn,Small,NoLicence,Right Turn,2.0,2 Metropolitan,2,2,Sunday,off-peak,60,T-Junction,Straight road,Level,Wet,Raining,Daylight,Right Angle,No Control
2017-12196-15/08/2019,1,1,Rider,Male,25.0,NotApplicable,NotApplicable,NotFatal,NotWorn,MCycling,NoLicence,Straight Ahead,1.0,3 Country,2,1,Sunday,peak,50,Not Divided,Straight road,Level,Wet,Raining,Daylight,Hit Parked Vehicle,No Control
2017-12199-15/08/2019,1,1,Driver,Female,47.0,Driver,Not Thrown Out,NotFatal,Worn,Small,Full,Straight Ahead,2.0,2 Metropolitan,2,1,Sunday,off-peak,100,Not Divided,"CURVED, VIEW OBSCURED",Slope,Wet,Raining,Daylight,Hit Fixed Object,No Control
2017-12201-15/08/2019,1,1,Driver,Female,18.0,Driver,Not Thrown Out,NotFatal,Worn,Small,Provisional 1 ,Right Turn,1.0,2 Metropolitan,2,3,Sunday,off-peak,60,Cross Road,Straight road,Level,Dry,Not Raining,Daylight,Right Turn,Traffic Signals
2017-12201-15/08/2019,2,1,Driver,Male,26.0,Driver,Not Thrown Out,NotFatal,Worn,Small,Full,Straight Ahead,2.0,2 Metropolitan,2,3,Sunday,off-peak,60,Cross Road,Straight road,Level,Dry,Not Raining,Daylight,Right Turn,Traffic Signals
2017-12201-15/08/2019,2,2,Passenger,Male,39.88915925490854,Front Seat Left Passenger,Not Thrown Out,NotFatal,NotWorn,Small,NoLicence,Straight Ahead,2.0,2 Metropolitan,2,3,Sunday,off-peak,60,Cross Road,Straight road,Level,Dry,Not Raining,Daylight,Right Turn,Traffic Signals
2017-12203-15/08/2019,1,1,Rider,Male,3.0,NotApplicable,NotApplicable,NotFatal,NotWorn,PCycling,NoLicence,Straight Ahead,1.0,2 Metropolitan,2,1,Saturday,off-peak,60,Divided Road,Straight road,Level,Dry,Not Raining,Daylight,Right Angle,No Control
2017-12205-15/08/2019,1,1,Driver,Female,39.88915925490854,Driver,Not Thrown Out,NotFatal,Worn,Small,Full,Right Turn,2.0,2 Metropolitan,2,1,Sunday,off-peak,25,Cross Road,Straight road,Level,Wet,Raining,Daylight,Right Turn,Traffic Signals
2017-12208-15/08/2019,1,1,Passenger,Male,16.0,Front Seat Left Passenger,Not Thrown Out,NotFatal,NotWorn,Small,NoLicence,Straight Ahead,2.0,2 Metropolitan,2,1,Sunday,off-peak,50,Not Divided,Straight road,Level,Dry,Not Raining,Daylight,Hit Fixed Object,No Control
2017-12222-15/08/2019,1,1,Driver,Male,22.0,Driver,Not Thrown Out,NotFatal,Worn,Small,Full,Swerving,2.0,2 Metropolitan,2,2,Monday,off-peak,80,Not Divided,"CURVED, VIEW OBSCURED",Slope,Wet,Raining,Night,Hit Fixed Object,No Control
2017-12222-15/08/2019,1,2,Passenger,Male,41.0,Front Seat Left Passenger,Not Thrown Out,NotFatal,NotWorn,Small,NoLicence,Swerving,2.0,2 Metropolitan,2,2,Monday,off-peak,80,Not Divided,"CURVED, VIEW OBSCURED",Slope,Wet,Raining,Night,Hit Fixed Object,No Control
2017-12226-15/08/2019,1,1,Driver,Male,36.0,Driver,Not Thrown Out,NotFatal,Worn,Medium,Full,Straight Ahead,1.0,3 Country,1,1,Sunday,off-peak,80,Not Divided,Straight road,Unknown,Wet,Raining,Daylight,Roll Over,No Control
2017-12229-15/08/2019,1,1,Driver,Female,88.0,Driver,Not Thrown Out,NotFatal,Worn,Small,Full,Straight Ahead,1.0,2 Metropolitan,2,1,Monday,off-peak,50,Not Divided,Straight road,Level,Dry,Not Raining,Daylight,Hit Fixed Object,Roundabout
2017-12230-15/08/2019,2,1,Rider,Male,16.0,NotApplicable,NotApplicable,NotFatal,NotWorn,PCycling,NoLicence,Straight Ahead,1.0,1 City,2,1,Monday,off-peak,50,Cross Road,Straight road,Level,Dry,Not Raining,Daylight,Side Swipe,Traffic Signals
2017-12234-15/08/2019,1,1,Driver,Female,30.0,Driver,Not Thrown Out,NotFatal,Worn,Small,Full,Stopped on Carriageway,1.0,2 Metropolitan,2,1,Monday,off-peak,60,Cross Road,Straight road,Level,Dry,Not Raining,Daylight,Rear End,Traffic Signals
2017-12235-15/08/2019,1,1,Driver,Male,41.0,Driver,Not Thrown Out,NotFatal,Worn,Small,Full,Straight Ahead,1.0,2 Metropolitan,2,1,Monday,off-peak,60,Divided Road,Straight road,Level,Dry,Not Raining,Daylight,Side Swipe,No Control
2017-12237-15/08/2019,2,1,Rider,Male,58.0,NotApplicable,NotApplicable,NotFatal,NotWorn,PCycling,NoLicence,Straight Ahead,1.0,2 Metropolitan,2,1,Monday,off-peak,60,T-Junction,Straight road,Level,Dry,Not Raining,Daylight,Right Turn,No Control
2017-12243-15/08/2019,2,1,Driver,Female,20.0,Driver,Not Thrown Out,NotFatal,Unknown,Small,Provisional 1 ,Stopped on Carriageway,1.0,2 Metropolitan,2,1,Monday,off-peak,80,T-Junction,Straight road,Slope,Dry,Not Raining,Daylight,Rear End,Traffic Signals
2017-12249-15/08/2019,2,1,Pedestrian,Female,51.0,NotApplicable,NotApplicable,NotFatal,NotWorn,Pedestrian on Road,NoLicence,Crossing without Control,1.0,2 Metropolitan,2,1,Monday,off-peak,50,Not Divided,Straight road,Level,Dry,Not Raining,Daylight,Hit Pedestrian,No Control
2017-12252-15/08/2019,1,1,Rider,Male,61.0,NotApplicable,NotApplicable,NotFatal,NotWorn,MCycling,NoLicence,Straight Ahead,1.0,2 Metropolitan,2,1,Monday,peak,60,Cross Road,Straight road,Level,Dry,Not Raining,Daylight,Right Turn,Traffic Signals
2017-12255-15/08/2019,1,1,Driver,Male,51.0,Driver,Not Thrown Out,NotFatal,Worn,Small,Full,Straight Ahead,1.0,3 Country,1,1,Monday,peak,100,Not Divided,Straight road,Slope,Dry,Not Raining,Daylight,Left Road - Out of Control,No Control
2017-12260-15/08/2019,2,1,Driver,Male,58.0,Driver,Not Thrown Out,NotFatal,Worn,Small,Full,Straight Ahead,4.0,2 Metropolitan,2,1,Sunday,off-peak,60,Cross Road,"CURVED, VIEW OPEN",Level,Dry,Not Raining,Daylight,Rear End,Roundabout
2017-12264-15/08/2019,1,1,Rider,Male,29.0,NotApplicable,NotApplicable,NotFatal,NotWorn,PCycling,NoLicence,Straight Ahead,1.0,2 Metropolitan,2,1,Monday,peak,60,Divided Road,Straight road,Level,Dry,Not Raining,Daylight,Side Swipe,No Control
2017-12268-15/08/2019,2,1,Driver,Male,27.0,Driver,Not Thrown Out,NotFatal,Worn,Medium,Provisional 1 ,Entering Private Driveway,1.0,2 Metropolitan,2,1,Tuesday,off-peak,60,Not Divided,Straight road,Level,Dry,Not Raining,Daylight,Rear End,No Control
2017-12269-15/08/2019,1,1,Rider,Male,39.88915925490854,NotApplicable,NotApplicable,NotFatal,NotWorn,MCycling,NoLicence,Straight Ahead,1.0,3 Country,1,1,Saturday,peak,100,Not Divided,Straight road,Level,Dry,Not Raining,Daylight,Roll Over,No Control
2017-12270-15/08/2019,2,1,Driver,Female,42.0,Driver,Not Thrown Out,NotFatal,Worn,Small,Full,Straight Ahead,1.0,2 Metropolitan,2,1,Tuesday,peak,60,T-Junction,Straight road,Level,Dry,Not Raining,Daylight,Right Angle,No Control
2017-12273-15/08/2019,1,1,Driver,Female,21.0,Driver,Not Thrown Out,NotFatal,Worn,Utility,Full,Straight Ahead,1.0,3 Country,2,1,Tuesday,off-peak,110,T-Junction,"CURVED, VIEW OPEN",Level,Dry,Not Raining,Daylight,Hit Fixed Object,No Control
2017-12280-15/08/2019,1,1,Driver,Female,56.0,Driver,Not Thrown Out,NotFatal,Worn,Small,Full,Straight Ahead,1.0,1 City,2,1,Tuesday,off-peak,60,Not Divided,Straight road,Level,Dry,Not Raining,Daylight,Side Swipe,No Control
2017-12283-15/08/2019,2,1,Rider,Male,51.0,NotApplicable,NotApplicable,NotFatal,NotWorn,PCycling,NoLicence,Straight Ahead,1.0,2 Metropolitan,2,1,Tuesday,peak,60,T-Junction,Straight road,Level,Dry,Not Raining,Daylight,Right Turn,Stop Sign
2017-12287-15/08/2019,1,1,Driver,Male,35.0,Driver,Not Thrown Out,NotFatal,Worn,Small,Full,Straight Ahead,1.0,2 Metropolitan,2,1,Friday,peak,60,Cross Road,Straight road,Level,Dry,Not Raining,Daylight,Right Turn,Traffic Signals
2017-12290-15/08/2019,1,1,Passenger,Male,49.0,Front Seat Left Passenger,Not Thrown Out,NotFatal,NotWorn,Small,NoLicence,Straight Ahead,2.0,2 Metropolitan,3,1,Tuesday,off-peak,60,Not Divided,Straight road,Level,Dry,Not Raining,Night,Hit Fixed Object,No Control
2017-12292-15/08/2019,2,1,Driver,Female,39.88915925490854,Driver,Not Thrown Out,NotFatal,Worn,Medium,Full,Straight Ahead,2.0,3 Country,2,2,Tuesday,peak,100,Not Divided,"CURVED, VIEW OPEN",Bottom of Hill,Dry,Not Raining,Daylight,Head On,No Control
2017-12292-15/08/2019,2,2,Passenger,Female,44.0,Front Seat Left Passenger,Not Thrown Out,NotFatal,NotWorn,Medium,NoLicence,Straight Ahead,2.0,3 Country,2,2,Tuesday,peak,100,Not Divided,"CURVED, VIEW OPEN",Bottom of Hill,Dry,Not Raining,Daylight,Head On,No Control
2017-12293-15/08/2019,1,1,Driver,Male,19.0,Driver,Not Thrown Out,NotFatal,Worn,Small,Provisional 1 ,Straight Ahead,4.0,3 Country,2,2,Tuesday,off-peak,50,Not Divided,Straight road,Level,Dry,Not Raining,Night,Hit Fixed Object,No Control
2017-12293-15/08/2019,1,2,Passenger,Male,39.88915925490854,Front Seat Left Passenger,Not Thrown Out,NotFatal,NotWorn,Small,NoLicence,Straight Ahead,4.0,3 Country,2,2,Tuesday,off-peak,50,Not Divided,Straight road,Level,Dry,Not Raining,Night,Hit Fixed Object,No Control
2017-12294-15/08/2019,1,1,Driver,Male,52.0,Driver,Not Thrown Out,NotFatal,Worn,Small,Full,Right Turn,1.0,2 Metropolitan,2,1,Wednesday,off-peak,60,Cross Road,Straight road,Level,Dry,Not Raining,Night,Right Turn,Traffic Signals
2017-12298-15/08/2019,1,1,Rider,Male,61.0,NotApplicable,NotApplicable,NotFatal,NotWorn,PCycling,NoLicence,Straight Ahead,1.0,2 Metropolitan,1,1,Wednesday,peak,60,T-Junction,Straight road,Level,Dry,Not Raining,Daylight,Roll Over,Traffic Signals
2017-12301-15/08/2019,1,1,Driver,Male,28.0,Driver,Not Thrown Out,NotFatal,Worn,Small,Full,Stopped on Carriageway,1.0,2 Metropolitan,3,1,Tuesday,peak,80,Divided Road,Straight road,Level,Dry,Not Raining,Daylight,Rear End,No Control
2017-12302-15/08/2019,1,1,Driver,Female,35.0,Driver,Not Thrown Out,NotFatal,Unknown,Small,Full,Right Turn,1.0,2 Metropolitan,3,1,Wednesday,peak,60,Cross Road,Straight road,Slope,Dry,Not Raining,Daylight,Right Angle,Roundabout
2017-12305-15/08/2019,2,1,Rider,Male,38.0,NotApplicable,NotApplicable,NotFatal,NotWorn,PCycling,NoLicence,Straight Ahead,1.0,1 City,2,1,Wednesday,peak,50,Cross Road,Straight road,Level,Dry,Not Raining,Daylight,Right Turn,Traffic Signals
2017-12306-15/08/2019,1,1,Driver,Female,18.0,Driver,Not Thrown Out,NotFatal,Worn,Medium,Full,Swerving,1.0,2 Metropolitan,1,1,Tuesday,off-peak,80,Not Divided,"CURVED, VIEW OPEN",Slope,Dry,Not Raining,Daylight,Roll Over,No Control
2017-12308-15/08/2019,1,1,Driver,Female,46.0,Driver,Not Thrown Out,NotFatal,Worn,Small,Full,Stopped on Carriageway,1.0,2 Metropolitan,2,1,Wednesday,off-peak,60,Cross Road,Straight road,Level,Dry,Not Raining,Daylight,Rear End,Traffic Signals
2017-12311-15/08/2019,2,1,Rider,Female,40.0,NotApplicable,NotApplicable,NotFatal,NotWorn,PCycling,NoLicence,Straight Ahead,1.0,1 City,2,1,Wednesday,off-peak,50,Not Divided,Straight road,Level,Dry,Not Raining,Daylight,Side Swipe,No Control
2017-12318-15/08/2019,1,1,Rider,Male,60.0,NotApplicable,NotApplicable,NotFatal,NotWorn,PCycling,NoLicence,Straight Ahead,1.0,2 Metropolitan,2,1,Tuesday,off-peak,60,Cross Road,Straight road,Level,Dry,Not Raining,Daylight,Side Swipe,Roundabout
2017-12320-15/08/2019,1,1,Driver,Female,55.0,Driver,Not Thrown Out,NotFatal,Worn,Small,Full,Stopped on Carriageway,1.0,2 Metropolitan,2,1,Wednesday,off-peak,60,T-Junction,Straight road,Level,Dry,Not Raining,Daylight,Rear End,No Control
2017-12322-15/08/2019,1,1,Driver,Female,34.0,Driver,Not Thrown Out,NotFatal,Worn,Small,Full,Stopped on Carriageway,4.0,2 Metropolitan,2,3,Wednesday,off-peak,50,T-Junction,"CURVED, VIEW OPEN",Level,Dry,Not Raining,Daylight,Rear End,Roundabout
2017-12322-15/08/2019,1,2,Passenger,Female,12.0,Front Seat Left Passenger,Not Thrown Out,NotFatal,NotWorn,Small,NoLicence,Stopped on Carriageway,4.0,2 Metropolitan,2,3,Wednesday,off-peak,50,T-Junction,"CURVED, VIEW OPEN",Level,Dry,Not Raining,Daylight,Rear End,Roundabout
2017-12322-15/08/2019,1,3,Passenger,Female,10.0,Rear Seat Left Passenger,Not Thrown Out,NotFatal,NotWorn,Small,NoLicence,Stopped on Carriageway,4.0,2 Metropolitan,2,3,Wednesday,off-peak,50,T-Junction,"CURVED, VIEW OPEN",Level,Dry,Not Raining,Daylight,Rear End,Roundabout
2017-12325-15/08/2019,1,1,Rider,Male,39.0,NotApplicable,NotApplicable,NotFatal,NotWorn,PCycling,NoLicence,Straight Ahead,1.0,2 Metropolitan,1,1,Tuesday,off-peak,60,Cross Road,Straight road,Level,Dry,Not Raining,Night,Roll Over,Traffic Signals
2017-12331-15/08/2019,1,1,Rider,Male,42.0,NotApplicable,NotApplicable,NotFatal,NotWorn,MCycling,NoLicence,Straight Ahead,1.0,2 Metropolitan,1,1,Wednesday,off-peak,40,Cross Road,Straight road,Slope,Dry,Not Raining,Daylight,Roll Over,Give Way Sign
2017-12337-15/08/2019,1,1,Rider,Male,16.0,NotApplicable,NotApplicable,NotFatal,NotWorn,PCycling,NoLicence,Straight Ahead,1.0,2 Metropolitan,2,1,Wednesday,peak,50,Cross Road,Straight road,Level,Dry,Not Raining,Daylight,Right Angle,Roundabout
2017-12342-15/08/2019,2,1,Driver,Male,26.0,Driver,Not Thrown Out,NotFatal,Worn,Small,Full,Straight Ahead,1.0,3 Country,2,1,Wednesday,peak,80,Cross Road,Straight road,Bottom of Hill,Dry,Not Raining,Daylight,Right Turn,Give Way Sign