REPORT_ID,UND_UNIT_NUMBER,CASUALTY_NUMBER,cas_type,cas_gender,cas_age,cas_pos_in_veh,thrown_out,fatality,seat_belt,unit_type,lic_type,unit_movement,n_occupants,stat_area,total_units,cas_total,day,time,area_speed,acc_pos,hor_align,ver_align,moist_cond,wea_cond,dayNight,crash_type,traf_ctrls
2017-12760-15/08/2019,2,1,Driver,Male,45.0,Driver,Not Thrown Out,NotFatal,Worn,Small,Full,Straight Ahead,1.0,2 Metropolitan,2,3,Sunday,peak,60,Cross Road,Straight road,Level,Dry,Not Raining,Daylight,Right Angle,Traffic Signals
2017-12761-15/08/2019,1,1,Rider,Male,39.0,NotApplicable,NotApplicable,NotFatal,NotWorn,MCycling,NoLicence,Straight Ahead,1.0,2 Metropolitan,3,1,Sunday,off-peak,80,Not Divided,"CURVED, VIEW OBSCURED",Level,Dry,Not Raining,Daylight,Rear End,No Control
2017-12765-15/08/2019,1,1,Rider,Male,17.0,NotApplicable,NotApplicable,NotFatal,NotWorn,MCycling,NoLicence,Left Turn,1.0,2 Metropolitan,2,1,Sunday,peak,50,T-Junction,"CURVED, VIEW OPEN",Crest of Hill,Dry,Not Raining,Daylight,Hit Fixed Object,No Control
2017-12767-15/08/2019,2,1,Passenger,Male,77.0,Front Seat Left Passenger,Not Thrown Out,NotFatal,NotWorn,Small,NoLicence,Straight Ahead,2.0,2 Metropolitan,2,1,Sunday,off-peak,40,Cross Road,"CURVED, VIEW OPEN",Level,Dry,Not Raining,Night,Right Angle,Traffic Signals
2017-12768-15/08/2019,1,1,Driver,Male,59.0,Driver,Not Thrown Out,NotFatal,Unknown,Utility,Full,Straight Ahead,1.0,2 Metropolitan,2,1,Sunday,off-peak,60,Not Divided,"CURVED, VIEW OPEN",Slope,Dry,Not Raining,Night,Hit Fixed Object,No Control
2017-12771-15/08/2019,1,1,Rider,Male,66.0,NotApplicable,NotApplicable,NotFatal,NotWorn,MCycling,NoLicence,Straight Ahead,1.0,2 Metropolitan,1,1,Monday,off-peak,50,T-Junction,"CURVED, VIEW OPEN",Level,Wet,Not Raining,Daylight,Roll Over,Give Way Sign
2017-12773-15/08/2019,2,1,Driver,Female,30.0,Driver,Not Thrown Out,NotFatal,Worn,Medium,Full,Straight Ahead,3.0,2 Metropolitan,2,2,Monday,peak,50,Cross Road,Straight road,Level,Dry,Not Raining,Daylight,Right Angle,Give Way Sign
2017-12773-15/08/2019,2,2,Passenger,Male,7.0,Rear Seat Left Passenger,Not Thrown Out,NotFatal,NotWorn,Medium,NoLicence,Straight Ahead,3.0,2 Metropolitan,2,2,Monday,peak,50,Cross Road,Straight road,Level,Dry,Not Raining,Daylight,Right Angle,Give Way Sign
2017-12775-15/08/2019,1,1,Driver,Female,22.0,Driver,Not Thrown Out,NotFatal,Worn,Small,Provisional 2,Straight Ahead,1.0,3 Country,2,1,Monday,peak,60,Not Divided,Straight road,Level,Dry,Not Raining,Daylight,Rear End,No Control
2017-12776-15/08/2019,1,1,Passenger,Female,16.0,Rear Seat Right Passenger,Not Thrown Out,NotFatal,NotWorn,Small,NoLicence,Straight Ahead,4.0,3 Country,2,1,Monday,peak,110,Not Divided,Straight road,Level,Wet,Not Raining,Daylight,Hit Fixed Object,No Control
2017-12781-15/08/2019,1,1,Driver,Female,80.0,Driver,Not Thrown Out,NotFatal,Worn,Small,Full,Right Turn,1.0,2 Metropolitan,2,1,Monday,off-peak,60,T-Junction,Straight road,Slope,Dry,Not Raining,Daylight,Right Turn,Traffic Signals
2017-12782-15/08/2019,1,1,Driver,Male,65.0,Driver,Not Thrown Out,NotFatal,Worn,Medium,Full,Stopped on Carriageway,2.0,1 City,2,1,Friday,off-peak,50,Cross Road,Straight road,Level,Dry,Not Raining,Daylight,Rear End,Traffic Signals
2017-12784-15/08/2019,1,1,Driver,Female,46.0,Driver,Not Thrown Out,NotFatal,Worn,Medium,Full,Straight Ahead,1.0,2 Metropolitan,3,1,Monday,off-peak,50,Not Divided,Straight road,Level,Dry,Not Raining,Daylight,Hit Parked Vehicle,No Control
2017-12785-15/08/2019,2,1,Driver,Male,51.0,Driver,Not Thrown Out,NotFatal,Worn,Medium,Full,Straight Ahead,1.0,2 Metropolitan,2,1,Monday,off-peak,60,Divided Road,Straight road,Level,Dry,Not Raining,Daylight,Rear End,No Control
2017-12787-15/08/2019,1,1,Driver,Female,17.0,Driver,Not Thrown Out,NotFatal,Unknown,Medium,Provisional 1 ,Straight Ahead,1.0,2 Metropolitan,2,1,Monday,off-peak,50,Not Divided,Straight road,Level,Dry,Not Raining,Daylight,Hit Fixed Object,No Control
2017-12788-15/08/2019,1,1,Driver,Female,71.0,Driver,Not Thrown Out,NotFatal,Worn,Small,Full,Parked,1.0,2 Metropolitan,2,3,Monday,off-peak,60,Not Divided,Straight road,Level,Dry,Not Raining,Daylight,Hit Parked Vehicle,No Control
2017-12788-15/08/2019,2,1,Passenger,Female,76.0,Rear Seat Right Passenger,Not Thrown Out,NotFatal,NotWorn,Small,NoLicence,Straight Ahead,3.0,2 Metropolitan,2,3,Monday,off-peak,60,Not Divided,Straight road,Level,Dry,Not Raining,Daylight,Hit Parked Vehicle,No Control
2017-12788-15/08/2019,2,2,Passenger,Male,82.0,Front Seat Left Passenger,Not Thrown Out,NotFatal,NotWorn,Small,NoLicence,Straight Ahead,3.0,2 Metropolitan,2,3,Monday,off-peak,60,Not Divided,Straight road,Level,Dry,Not Raining,Daylight,Hit Parked Vehicle,No Control
2017-12790-15/08/2019,1,1,Driver,Female,28.0,Driver,Not Thrown Out,NotFatal,Worn,Small,Full,Straight Ahead,1.0,2 Metropolitan,2,1,Friday,peak,80,Cross Road,Straight road,Level,Dry,Not Raining,Daylight,Rear End,Traffic Signals
2017-12793-15/08/2019,2,1,Passenger,Female,29.0,Front Seat Left Passenger,Not Thrown Out,NotFatal,NotWorn,Medium,NoLicence,Left Turn,2.0,2 Metropolitan,8,5,Monday,off-peak,60,Cross Road,Straight road,Level,Dry,Not Raining,Daylight,Right Angle,Traffic Signals
2017-12793-15/08/2019,3,1,Driver,Female,63.0,Driver,Not Thrown Out,NotFatal,Worn,Small,Full,Stopped on Carriageway,1.0,2 Metropolitan,8,5,Monday,off-peak,60,Cross Road,Straight road,Level,Dry,Not Raining,Daylight,Right Angle,Traffic Signals
2017-12793-15/08/2019,4,1,Driver,Female,27.0,Driver,Not Thrown Out,NotFatal,Worn,Small,Full,Stopped on Carriageway,1.0,2 Metropolitan,8,5,Monday,off-peak,60,Cross Road,Straight road,Level,Dry,Not Raining,Daylight,Right Angle,Traffic Signals
2017-12793-15/08/2019,5,1,Driver,Female,65.0,Driver,Not Thrown Out,NotFatal,Worn,Small,Full,Stopped on Carriageway,2.0,2 Metropolitan,8,5,Monday,off-peak,60,Cross Road,Straight road,Level,Dry,Not Raining,Daylight,Right Angle,Traffic Signals
2017-12793-15/08/2019,5,2,Passenger,Female,31.0,Front Seat Left Passenger,Not Thrown Out,NotFatal,NotWorn,Small,NoLicence,Stopped on Carriageway,2.0,2 Metropolitan,8,5,Monday,off-peak,60,Cross Road,Straight road,Level,Dry,Not Raining,Daylight,Right Angle,Traffic Signals
2017-12795-15/08/2019,1,1,Passenger,Female,51.0,Front Seat Left Passenger,Not Thrown Out,NotFatal,NotWorn,Small,NoLicence,Straight Ahead,2.0,2 Metropolitan,2,1,Monday,off-peak,60,Not Divided,"CURVED, VIEW OBSCURED",Slope,Dry,Not Raining,Daylight,Head On,No Control
2017-12796-15/08/2019,1,1,Driver,Female,18.0,Driver,Not Thrown Out,NotFatal,Worn,Small,Provisional 2,Straight Ahead,1.0,2 Metropolitan,2,3,Monday,peak,50,T-Junction,Straight road,Level,Dry,Not Raining,Daylight,Right Angle,No Control
2017-12796-15/08/2019,2,1,Driver,Female,35.0,Driver,Not Thrown Out,NotFatal,Worn,Small,Full,Right Turn,2.0,2 Metropolitan,2,3,Monday,peak,50,T-Junction,Straight road,Level,Dry,Not Raining,Daylight,Right Angle,No Control
2017-12796-15/08/2019,2,2,Passenger,Male,8.0,Rear Seat Left Passenger,Not Thrown Out,NotFatal,NotWorn,Small,NoLicence,Right Turn,2.0,2 Metropolitan,2,3,Monday,peak,50,T-Junction,Straight road,Level,Dry,Not Raining,Daylight,Right Angle,No Control
2017-12801-15/08/2019,2,1,Pedestrian,Male,84.0,NotApplicable,NotApplicable,NotFatal,NotWorn,Pedestrian on Road,NoLicence,Crossing without Control,1.0,2 Metropolitan,2,1,Monday,off-peak,60,T-Junction,Straight road,Level,Dry,Not Raining,Daylight,Hit Pedestrian,No Control
2017-12804-15/08/2019,2,1,Driver,Female,70.0,Driver,Not Thrown Out,NotFatal,Worn,Small,Full,Straight Ahead,1.0,2 Metropolitan,2,1,Monday,off-peak,60,Not Divided,Straight road,Level,Dry,Not Raining,Daylight,Head On,No Control
2017-12805-15/08/2019,2,1,Rider,Male,22.0,NotApplicable,NotApplicable,NotFatal,NotWorn,PCycling,NoLicence,Straight Ahead,1.0,2 Metropolitan,2,1,Monday,off-peak,60,Cross Road,Straight road,Level,Dry,Not Raining,Night,Right Angle,Stop Sign
2017-12807-15/08/2019,1,1,Driver,Male,57.0,Driver,Not Thrown Out,NotFatal,Worn,Small,Probationary,Straight Ahead,3.0,2 Metropolitan,2,1,Monday,off-peak,60,Divided Road,Straight road,Level,Dry,Not Raining,Daylight,Hit Fixed Object,No Control
2017-12808-15/08/2019,2,1,Pedestrian,Male,45.0,NotApplicable,NotApplicable,Fatal,NotWorn,Pedestrian on Road,NoLicence,Crossing without Control,1.0,2 Metropolitan,2,1,Monday,off-peak,60,Divided Road,Straight road,Level,Wet,Raining,Night,Hit Pedestrian,No Control
2017-12809-15/08/2019,1,1,Driver,Male,39.0,Driver,Not Thrown Out,NotFatal,Unknown,Small,Full,Straight Ahead,1.0,2 Metropolitan,2,1,Tuesday,off-peak,60,Divided Road,Straight road,Level,Wet,Raining,Night,Hit Fixed Object,No Control
2017-12814-15/08/2019,1,1,Driver,Female,22.0,Driver,Not Thrown Out,NotFatal,Worn,Small,Full,Straight Ahead,2.0,2 Metropolitan,2,2,Monday,off-peak,60,Divided Road,Straight road,Level,Dry,Not Raining,Daylight,Right Angle,No Control
2017-12814-15/08/2019,1,2,Passenger,Male,27.0,Front Seat Left Passenger,Not Thrown Out,NotFatal,NotWorn,Small,NoLicence,Straight Ahead,2.0,2 Metropolitan,2,2,Monday,off-peak,60,Divided Road,Straight road,Level,Dry,Not Raining,Daylight,Right Angle,No Control
2017-12815-15/08/2019,1,1,Driver,Female,78.0,Driver,Not Thrown Out,NotFatal,Worn,Small,Full,Straight Ahead,1.0,2 Metropolitan,2,1,Monday,off-peak,60,Divided Road,Straight road,Level,Dry,Not Raining,Daylight,Hit Parked Vehicle,No Control
2017-12819-15/08/2019,2,1,Passenger,Female,57.0,Front Seat Left Passenger,Not Thrown Out,NotFatal,NotWorn,Small,NoLicence,Stopped on Carriageway,2.0,2 Metropolitan,2,1,Monday,off-peak,60,T-Junction,Straight road,Slope,Dry,Not Raining,Daylight,Rear End,Stop Sign
2017-12820-15/08/2019,2,1,Driver,Female,22.0,Driver,Not Thrown Out,NotFatal,Worn,Small,Full,Straight Ahead,1.0,2 Metropolitan,2,1,Tuesday,off-peak,60,Not Divided,Straight road,Level,Wet,Raining,Daylight,Rear End,No Control
2017-12825-15/08/2019,1,1,Passenger,Male,9.0,Front Seat Left Passenger,Not Thrown Out,NotFatal,NotWorn,Utility,NoLicence,Straight Ahead,2.0,3 Country,3,2,Tuesday,off-peak,100,Cross Road,Straight road,Level,Dry,Not Raining,Daylight,Right Angle,Give Way Sign
2017-12825-15/08/2019,2,1,Driver,Female,52.0,Driver,Not Thrown Out,NotFatal,Worn,Small,Full,Straight Ahead,1.0,3 Country,3,2,Tuesday,off-peak,100,Cross Road,Straight road,Level,Dry,Not Raining,Daylight,Right Angle,Give Way Sign
2017-12830-15/08/2019,2,1,Driver,Female,62.0,Driver,Not Thrown Out,NotFatal,Worn,Small,Full,Right Turn,1.0,2 Metropolitan,2,1,Tuesday,off-peak,60,T-Junction,Straight road,Level,Dry,Not Raining,Daylight,Right Turn,Traffic Signals
2017-12831-15/08/2019,2,1,Driver,Male,39.88915925490854,Driver,Not Thrown Out,NotFatal,Worn,Small,Unknown,Straight Ahead,1.0,2 Metropolitan,4,1,Tuesday,off-peak,60,T-Junction,Straight road,Level,Dry,Not Raining,Daylight,Rear End,No Control
2017-12841-15/08/2019,1,1,Driver,Male,36.0,Driver,Not Thrown Out,NotFatal,Worn,Small,Full,Straight Ahead,2.0,2 Metropolitan,2,2,Tuesday,peak,80,Divided Road,Straight road,Slope,Dry,Not Raining,Daylight,Hit Fixed Object,No Control
2017-12841-15/08/2019,1,2,Passenger,Male,40.0,Front Seat Left Passenger,Not Thrown Out,NotFatal,NotWorn,Small,NoLicence,Straight Ahead,2.0,2 Metropolitan,2,2,Tuesday,peak,80,Divided Road,Straight road,Slope,Dry,Not Raining,Daylight,Hit Fixed Object,No Control
2017-12844-15/08/2019,2,1,Driver,Male,37.0,Driver,Not Thrown Out,NotFatal,Worn,Small,Provisional 1 ,Straight Ahead,1.0,2 Metropolitan,2,1,Tuesday,peak,60,Not Divided,Straight road,Level,Dry,Not Raining,Daylight,Rear End,No Control
2017-12846-15/08/2019,1,1,Driver,Female,67.0,Driver,Not Thrown Out,NotFatal,Worn,Medium,Full,Straight Ahead,1.0,2 Metropolitan,2,1,Tuesday,peak,60,Divided Road,Straight road,Level,Dry,Not Raining,Daylight,Rear End,No Control
2017-12847-15/08/2019,1,1,Driver,Female,42.0,Driver,Not Thrown Out,NotFatal,Worn,Medium,Full,Stopped on Carriageway,1.0,2 Metropolitan,2,1,Tuesday,peak,40,Not Divided,Straight road,Level,Dry,Not Raining,Daylight,Rear End,No Control
2017-12849-15/08/2019,1,1,Driver,Male,23.0,Driver,Not Thrown Out,NotFatal,Worn,Small,Full,Straight Ahead,1.0,2 Metropolitan,2,2,Tuesday,peak,50,Cross Road,Straight road,Level,Dry,Not Raining,Daylight,Right Angle,Stop Sign
2017-12849-15/08/2019,2,1,Driver,Female,48.0,Driver,Not Thrown Out,NotFatal,Worn,Small,Full,Straight Ahead,2.0,2 Metropolitan,2,2,Tuesday,peak,50,Cross Road,Straight road,Level,Dry,Not Raining,Daylight,Right Angle,Stop Sign
2017-12850-15/08/2019,1,1,Driver,Female,48.0,Driver,Not Thrown Out,NotFatal,Worn,Small,Full,Stopped on Carriageway,1.0,2 Metropolitan,2,1,Wednesday,peak,40,T-Junction,Straight road,Level,Dry,Not Raining,Daylight,Rear End,Traffic Signals
2017-12853-15/08/2019,1,1,Driver,Female,18.0,Driver,Not Thrown Out,NotFatal,Worn,Small,Provisional 1 ,Straight Ahead,2.0,2 Metropolitan,2,1,Wednesday,off-peak,60,Not Divided,"CURVED, VIEW OBSCURED",Slope,Dry,Not Raining,Night,Hit Fixed Object,No Control
2017-12858-15/08/2019,1,1,Driver,Male,58.0,Driver,Not Thrown Out,NotFatal,Worn,Small,Full,Stopped on Carriageway,1.0,2 Metropolitan,2,1,Monday,off-peak,50,Other,Straight road,Level,Dry,Not Raining,Daylight,Rear End,Other
2017-12861-15/08/2019,1,1,Driver,Male,50.0,Driver,Not Thrown Out,NotFatal,Worn,Utility,Full,Right Turn,1.0,3 Country,2,1,Wednesday,off-peak,50,Not Divided,Straight road,Level,Dry,Not Raining,Daylight,Right Angle,No Control
2017-12863-15/08/2019,1,1,Driver,Female,45.0,Driver,Not Thrown Out,NotFatal,Worn,Small,Full,Straight Ahead,1.0,2 Metropolitan,2,1,Wednesday,peak,60,T-Junction,Straight road,Level,Dry,Not Raining,Daylight,Right Angle,Give Way Sign
2017-12865-15/08/2019,1,1,Driver,Female,25.0,Driver,Not Thrown Out,NotFatal,Worn,Utility,Full,Stopped on Carriageway,1.0,2 Metropolitan,2,1,Tuesday,off-peak,50,Not Divided,Straight road,Level,Dry,Not Raining,Daylight,Rear End,No Control
2017-12867-15/08/2019,2,1,Driver,Male,20.0,Driver,Not Thrown Out,NotFatal,Worn,Utility,Provisional 1 ,Swerving,2.0,2 Metropolitan,2,1,Tuesday,off-peak,60,Divided Road,Straight road,Level,Dry,Not Raining,Daylight,Side Swipe,No Control
2017-12868-15/08/2019,1,1,Rider,Male,30.0,NotApplicable,NotApplicable,NotFatal,NotWorn,PCycling,NoLicence,Straight Ahead,1.0,2 Metropolitan,2,1,Wednesday,peak,60,T-Junction,Straight road,Level,Dry,Not Raining,Daylight,Right Angle,Give Way Sign
2017-12870-15/08/2019,1,1,Passenger,Female,82.0,Front Seat Left Passenger,Not Thrown Out,NotFatal,NotWorn,Small,NoLicence,Leaving Private Driveway,2.0,2 Metropolitan,3,1,Wednesday,off-peak,50,Not Divided,Straight road,Level,Dry,Not Raining,Daylight,Hit Parked Vehicle,No Control
2017-12872-15/08/2019,1,1,Driver,Male,37.0,Driver,Not Thrown Out,NotFatal,Worn,Utility,Full,Stopped on Carriageway,1.0,2 Metropolitan,3,1,Tuesday,off-peak,60,T-Junction,Straight road,Slope,Dry,Not Raining,Daylight,Rear End,Traffic Signals
2017-12876-15/08/2019,1,1,Driver,Female,19.0,Driver,Not Thrown Out,NotFatal,Worn,Small,Provisional 2,Stopped on Carriageway,1.0,2 Metropolitan,2,1,Wednesday,peak,60,Divided Road,Straight road,Level,Dry,Not Raining,Daylight,Rear End,No Control
2017-12877-15/08/2019,1,1,Driver,Female,31.0,Driver,Not Thrown Out,NotFatal,Worn,Small,Full,Stopped on Carriageway,1.0,2 Metropolitan,2,1,Wednesday,off-peak,60,Divided Road,Straight road,Level,Dry,Not Raining,Daylight,Rear End,No Control
2017-12880-15/08/2019,1,1,Passenger,Female,34.0,Rear Seat Middle Passenger,Not Thrown Out,NotFatal,NotWorn,Small,NoLicence,Stopped on Carriageway,4.0,2 Metropolitan,2,1,Wednesday,off-peak,80,T-Junction,"CURVED, VIEW OPEN",Level,Dry,Not Raining,Daylight,Rear End,No Control
2017-12882-15/08/2019,1,1,Driver,Male,53.0,Driver,Not Thrown Out,NotFatal,Worn,Small,Full,Straight Ahead,1.0,2 Metropolitan,4,1,Wednesday,off-peak,60,Divided Road,"CURVED, VIEW OPEN",Slope,Dry,Not Raining,Daylight,Rear End,No Control
2017-12883-15/08/2019,1,1,Driver,Female,53.0,Driver,Not Thrown Out,NotFatal,Worn,Medium,Full,Right Turn,1.0,2 Metropolitan,3,1,Tuesday,peak,60,Cross Road,Straight road,Level,Dry,Not Raining,Daylight,Right Turn,Traffic Signals
2017-12884-15/08/2019,1,1,Driver,Male,55.0,Driver,Not Thrown Out,NotFatal,Worn,Medium,Unknown,Straight Ahead,1.0,2 Metropolitan,2,1,Wednesday,off-peak,60,Cross Road,Straight road,Slope,Dry,Not Raining,Daylight,Hit Fixed Object,Traffic Signals
2017-12887-15/08/2019,1,1,Passenger,Female,7.0,Rear Seat Left Passenger,Not Thrown Out,NotFatal,NotWorn,Medium,NoLicence,Straight Ahead,2.0,2 Metropolitan,2,1,Tuesday,off-peak,50,Not Divided,"CURVED, VIEW OPEN",Level,Dry,Not Raining,Daylight,Hit Fixed Object,No Control
2017-12889-15/08/2019,1,1,Passenger,Female,75.0,Front Seat Left Passenger,Not Thrown Out,NotFatal,NotWorn,Small,NoLicence,Straight Ahead,2.0,1 City,3,1,Wednesday,peak,50,T-Junction,Straight road,Level,Dry,Not Raining,Daylight,Right Turn,Stop Sign
2017-12891-15/08/2019,1,1,Driver,Female,39.0,Driver,Not Thrown Out,NotFatal,Worn,Medium,Full,Stopped on Carriageway,2.0,2 Metropolitan,2,2,Wednesday,off-peak,50,T-Junction,Straight road,Level,Dry,Not Raining,Daylight,Right Angle,Traffic Signals
2017-12891-15/08/2019,2,1,Driver,Male,30.0,Driver,Not Thrown Out,NotFatal,Worn,Small,Full,Straight Ahead,1.0,2 Metropolitan,2,2,Wednesday,off-peak,50,T-Junction,Straight road,Level,Dry,Not Raining,Daylight,Right Angle,Traffic Signals
2017-12893-15/08/2019,1,1,Rider,Male,63.0,NotApplicable,NotApplicable,NotFatal,NotWorn,MCycling,NoLicence,Straight Ahead,1.0,2 Metropolitan,1,1,Wednesday,off-peak,50,Divided Road,Straight road,Level,Wet,Not Raining,Daylight,Roll Over,No Control
2017-12894-15/08/2019,1,1,Driver,Male,66.0,Driver,Not Thrown Out,NotFatal,Worn,Small,Full,Straight Ahead,1.0,2 Metropolitan,2,1,Wednesday,peak,60,T-Junction,Straight road,Level,Dry,Not Raining,Daylight,Right Turn,No Control
2017-12896-15/08/2019,1,1,Driver,Male,78.0,Driver,Not Thrown Out,NotFatal,Worn,Small,Full,Straight Ahead,1.0,2 Metropolitan,2,2,Wednesday,peak,80,Divided Road,Straight road,Level,Dry,Not Raining,Daylight,Rear End,No Control
2017-12896-15/08/2019,2,1,Driver,Female,28.0,Driver,Not Thrown Out,NotFatal,Worn,Medium,Full,Stopped on Carriageway,1.0,2 Metropolitan,2,2,Wednesday,peak,80,Divided Road,Straight road,Level,Dry,Not Raining,Daylight,Rear End,No Control
2017-12900-15/08/2019,1,1,Driver,Female,26.0,Driver,Not Thrown Out,NotFatal,Worn,Small,Full,Stopped on Carriageway,1.0,1 City,2,1,Wednesday,peak,50,Cross Road,Straight road,Level,Dry,Not Raining,Daylight,Rear End,Give Way Sign
2017-12902-15/08/2019,1,1,Driver,Female,74.0,Driver,Not Thrown Out,NotFatal,Worn,Medium,Full,Straight Ahead,1.0,3 Country,2,1,Wednesday,peak,90,Not Divided,Straight road,Level,Dry,Not Raining,Daylight,Head On,No Control
2017-12903-15/08/2019,2,1,Pedestrian,Male,29.0,NotApplicable,NotApplicable,NotFatal,NotWorn,Pedestrian on Road,NoLicence,Walking on Road,1.0,2 Metropolitan,2,1,Wednesday,off-peak,60,Not Divided,Straight road,Level,Dry,Not Raining,Daylight,Hit Pedestrian,No Control
2017-12906-15/08/2019,1,1,Driver,Female,15.0,Driver,Not Thrown Out,NotFatal,Worn,Small,Unlicenced,Straight Ahead,1.0,2 Metropolitan,3,1,Thursday,off-peak,60,Divided Road,Straight road,Level,Dry,Not Raining,Night,Hit Fixed Object,No Control
2017-12908-15/08/2019,1,1,Driver,Female,40.0,Driver,Not Thrown Out,NotFatal,Worn,Small,Full,Stopped on Carriageway,1.0,1 City,2,1,Thursday,off-peak,50,Cross Road,"CURVED, VIEW OPEN",Level,Dry,Not Raining,Daylight,Rear End,Traffic Signals
2017-12909-15/08/2019,2,1,Rider,Female,44.0,NotApplicable,NotApplicable,NotFatal,NotWorn,PCycling,NoLicence,Straight Ahead,1.0,2 Metropolitan,2,1,Thursday,peak,60,T-Junction,Straight road,Level,Dry,Not Raining,Daylight,Right Turn,Stop Sign
2017-12915-15/08/2019,1,1,Driver,Male,45.0,Driver,Not Thrown Out,NotFatal,Worn,Medium,Full,Stopped on Carriageway,1.0,2 Metropolitan,2,1,Thursday,off-peak,60,Divided Road,Straight road,Level,Dry,Not Raining,Daylight,Rear End,No Control
2017-12916-15/08/2019,1,1,Driver,Male,68.0,Driver,Not Thrown Out,NotFatal,Worn,Small,Full,Straight Ahead,1.0,2 Metropolitan,2,1,Thursday,off-peak,60,Divided Road,Straight road,Level,Dry,Not Raining,Daylight,Hit Fixed Object,No Control
2017-12919-15/08/2019,2,1,Rider,Male,39.88915925490854,NotApplicable,NotApplicable,NotFatal,NotWorn,PCycling,NoLicence,Straight Ahead,1.0,2 Metropolitan,2,1,Thursday,off-peak,60,Divided Road,Straight road,Level,Dry,Not Raining,Daylight,Side Swipe,No Control
2017-12920-15/08/2019,1,1,Driver,Male,28.0,Driver,Not Thrown Out,NotFatal,Worn,Small,Full,Straight Ahead,1.0,2 Metropolitan,3,2,Thursday,off-peak,60,Divided Road,Straight road,Level,Dry,Not Raining,Daylight,Rear End,No Control
2017-12920-15/08/2019,2,1,Driver,Female,20.0,Driver,Not Thrown Out,NotFatal,Worn,Small,Provisional 2,Stopped on Carriageway,1.0,2 Metropolitan,3,2,Thursday,off-peak,60,Divided Road,Straight road,Level,Dry,Not Raining,Daylight,Rear End,No Control
2017-12926-15/08/2019,1,1,Driver,Male,38.0,Driver,Thrown Out,Fatal,Unknown,Small,Full,Straight Ahead,1.0,3 Country,2,1,Friday,off-peak,110,Not Divided,Straight road,Level,Dry,Not Raining,Night,Roll Over,No Control
2017-12930-15/08/2019,1,1,Driver,Male,39.88915925490854,Driver,Not Thrown Out,NotFatal,Worn,Small,Provisional 2,Straight Ahead,2.0,2 Metropolitan,2,1,Thursday,off-peak,60,T-Junction,Straight road,Level,Dry,Not Raining,Daylight,Right Turn,No Control
2017-12931-15/08/2019,2,1,Passenger,Female,13.0,Rear Seat Middle Passenger,Not Thrown Out,NotFatal,NotWorn,Small,NoLicence,Straight Ahead,5.0,2 Metropolitan,2,1,Thursday,peak,80,T-Junction,Straight road,Crest of Hill,Dry,Not Raining,Daylight,Rear End,Traffic Signals
2017-12932-15/08/2019,4,1,Driver,Female,61.0,Driver,Not Thrown Out,NotFatal,Worn,Small,Full,Stopped on Carriageway,1.0,2 Metropolitan,4,1,Thursday,off-peak,60,Divided Road,Straight road,Level,Dry,Not Raining,Daylight,Rear End,No Control
2017-12934-15/08/2019,2,1,Driver,Male,19.0,Driver,Not Thrown Out,NotFatal,Worn,Small,Provisional 2,Straight Ahead,1.0,2 Metropolitan,3,1,Thursday,off-peak,60,Not Divided,Straight road,Level,Dry,Not Raining,Daylight,Rear End,No Control
2017-12940-15/08/2019,1,1,Driver,Male,39.0,Driver,Not Thrown Out,NotFatal,Unknown,Small,Full,Straight Ahead,1.0,2 Metropolitan,2,1,Thursday,peak,60,Divided Road,"CURVED, VIEW OBSCURED",Slope,Dry,Not Raining,Daylight,Hit Fixed Object,No Control
2017-12941-15/08/2019,2,1,Driver,Female,52.0,Driver,Not Thrown Out,NotFatal,Worn,Small,Full,Straight Ahead,3.0,2 Metropolitan,3,3,Thursday,peak,60,T-Junction,Straight road,Level,Dry,Not Raining,Daylight,Rear End,Stop Sign
2017-12941-15/08/2019,2,2,Passenger,Female,13.0,Rear Seat Right Passenger,Not Thrown Out,NotFatal,NotWorn,Small,NoLicence,Straight Ahead,3.0,2 Metropolitan,3,3,Thursday,peak,60,T-Junction,Straight road,Level,Dry,Not Raining,Daylight,Rear End,Stop Sign
2017-12941-15/08/2019,2,3,Passenger,Female,17.0,Front Seat Left Passenger,Not Thrown Out,NotFatal,NotWorn,Small,NoLicence,Straight Ahead,3.0,2 Metropolitan,3,3,Thursday,peak,60,T-Junction,Straight road,Level,Dry,Not Raining,Daylight,Rear End,Stop Sign
2017-12942-15/08/2019,2,1,Driver,Male,40.0,Driver,Not Thrown Out,NotFatal,Worn,Medium,Unknown,Entering Private Driveway,1.0,2 Metropolitan,2,1,Thursday,off-peak,60,Divided Road,Straight road,Level,Dry,Not Raining,Daylight,Rear End,No Control
2017-12944-15/08/2019,2,1,Driver,Female,26.0,Driver,Not Thrown Out,NotFatal,Worn,Small,Full,UnParking - Parallel,2.0,2 Metropolitan,2,1,Thursday,peak,50,Not Divided,Straight road,Level,Dry,Not Raining,Daylight,Side Swipe,No Control
2017-12945-15/08/2019,1,1,Driver,Male,60.0,Driver,Not Thrown Out,NotFatal,Worn,Small,Full,Straight Ahead,1.0,3 Country,2,1,Thursday,peak,110,Not Divided,Straight road,Level,Dry,Not Raining,Daylight,Hit Animal,No Control