REPORT_ID,UND_UNIT_NUMBER,CASUALTY_NUMBER,cas_type,cas_gender,cas_age,cas_pos_in_veh,thrown_out,fatality,seat_belt,unit_type,lic_type,unit_movement,n_occupants,stat_area,total_units,cas_total,day,time,area_speed,acc_pos,hor_align,ver_align,moist_cond,wea_cond,dayNight,crash_type,traf_ctrls
2017-12946-15/08/2019,1,1,Passenger,Female,66.0,Front Seat Left Passenger,Not Thrown Out,Fatal,NotWorn,Medium,NoLicence,Straight Ahead,2.0,2 Metropolitan,2,1,Thursday,peak,80,Not Divided,"CURVED, VIEW OPEN",Level,Dry,Not Raining,Daylight,Hit Fixed Object,No Control
2017-12949-15/08/2019,1,1,Driver,Male,22.0,Driver,Not Thrown Out,NotFatal,Worn,Small,Full,Straight Ahead,1.0,2 Metropolitan,2,3,Thursday,off-peak,80,Cross Road,Straight road,Slope,Dry,Not Raining,Night,Right Angle,Stop Sign
2017-12949-15/08/2019,2,1,Driver,Female,24.0,Driver,Not Thrown Out,NotFatal,Worn,Small,Provisional 2,Straight Ahead,2.0,2 Metropolitan,2,3,Thursday,off-peak,80,Cross Road,Straight road,Slope,Dry,Not Raining,Night,Right Angle,Stop Sign
2017-12949-15/08/2019,2,2,Passenger,Female,47.0,Front Seat Left Passenger,Not Thrown Out,NotFatal,NotWorn,Small,NoLicence,Straight Ahead,2.0,2 Metropolitan,2,3,Thursday,off-peak,80,Cross Road,Straight road,Slope,Dry,Not Raining,Night,Right Angle,Stop Sign
2017-12950-15/08/2019,1,1,Driver,Male,31.0,Driver,Not Thrown Out,NotFatal,Worn,Medium,Full,Straight Ahead,1.0,2 Metropolitan,5,1,Friday,off-peak,50,Not Divided,Straight road,Slope,Dry,Not Raining,Night,Hit Parked Vehicle,No Control
2017-12951-15/08/2019,2,1,Driver,Female,22.0,Driver,Not Thrown Out,NotFatal,Worn,Small,Learners,Overtaking - on Left,3.0,3 Country,2,1,Thursday,off-peak,110,T-Junction,Straight road,Level,Dry,Not Raining,Daylight,Side Swipe,Give Way Sign
2017-12952-15/08/2019,2,1,Driver,Female,64.0,Driver,Not Thrown Out,NotFatal,Worn,Small,Full,Straight Ahead,1.0,2 Metropolitan,2,1,Thursday,peak,60,Cross Road,Straight road,Slope,Dry,Not Raining,Daylight,Rear End,Roundabout
2017-12956-15/08/2019,1,1,Driver,Male,39.0,Driver,Not Thrown Out,NotFatal,Worn,Medium,Full,Straight Ahead,1.0,3 Country,2,1,Friday,off-peak,100,Not Divided,"CURVED, VIEW OBSCURED",Level,Dry,Not Raining,Daylight,Hit Fixed Object,No Control
2017-12959-15/08/2019,2,1,Rider,Male,48.0,NotApplicable,NotApplicable,NotFatal,NotWorn,PCycling,NoLicence,Straight Ahead,1.0,2 Metropolitan,2,1,Friday,off-peak,20,Cross Road,Straight road,Level,Dry,Not Raining,Daylight,Right Angle,Roundabout
2017-12960-15/08/2019,1,1,Driver,Female,24.0,Driver,Not Thrown Out,NotFatal,Worn,Small,Full,Straight Ahead,1.0,2 Metropolitan,2,1,Thursday,peak,60,T-Junction,Straight road,Level,Dry,Not Raining,Daylight,Right Angle,Give Way Sign
2017-12962-15/08/2019,1,1,Driver,Female,77.0,Driver,Not Thrown Out,NotFatal,Worn,Medium,Full,Straight Ahead,1.0,3 Country,2,1,Friday,off-peak,110,Divided Road,Straight road,Level,Dry,Not Raining,Daylight,Head On,No Control
2017-12964-15/08/2019,1,1,Driver,Female,67.0,Driver,Not Thrown Out,NotFatal,Worn,Small,Full,Stopped on Carriageway,1.0,2 Metropolitan,2,1,Friday,off-peak,60,T-Junction,Straight road,Level,Dry,Not Raining,Daylight,Rear End,No Control
2017-12967-15/08/2019,2,1,Driver,Female,48.0,Driver,Not Thrown Out,NotFatal,Worn,Small,Full,Stopped on Carriageway,1.0,2 Metropolitan,2,1,Thursday,peak,60,Cross Road,"CURVED, VIEW OPEN",Level,Dry,Not Raining,Daylight,Rear End,Traffic Signals
2017-12968-15/08/2019,1,1,Driver,Female,35.0,Driver,Not Thrown Out,NotFatal,Worn,Small,Full,Stopped on Carriageway,1.0,2 Metropolitan,2,1,Thursday,peak,60,Cross Road,Straight road,Level,Dry,Not Raining,Daylight,Rear End,Traffic Signals
2017-12970-15/08/2019,2,1,Driver,Female,54.0,Driver,Not Thrown Out,NotFatal,Worn,Small,Full,Stopped on Carriageway,1.0,2 Metropolitan,2,1,Friday,off-peak,60,T-Junction,Straight road,Level,Dry,Not Raining,Daylight,Rear End,Give Way Sign
2017-12972-15/08/2019,1,1,Passenger,Female,17.0,Front Seat Left Passenger,Not Thrown Out,NotFatal,NotWorn,Medium,NoLicence,Straight Ahead,4.0,3 Country,2,3,Friday,off-peak,110,Not Divided,Straight road,Level,Dry,Not Raining,Daylight,Right Angle,No Control
2017-12972-15/08/2019,1,2,Passenger,Female,16.0,Rear Seat Left Passenger,Not Thrown Out,NotFatal,NotWorn,Medium,NoLicence,Straight Ahead,4.0,3 Country,2,3,Friday,off-peak,110,Not Divided,Straight road,Level,Dry,Not Raining,Daylight,Right Angle,No Control
2017-12972-15/08/2019,2,1,Driver,Male,86.0,Driver,Not Thrown Out,NotFatal,Worn,Small,Full,Leaving Private Driveway,1.0,3 Country,2,3,Friday,off-peak,110,Not Divided,Straight road,Level,Dry,Not Raining,Daylight,Right Angle,No Control
2017-12975-15/08/2019,2,1,Driver,Male,53.0,Driver,Not Thrown Out,NotFatal,Worn,Small,Full,Right Turn,4.0,2 Metropolitan,2,4,Friday,off-peak,60,Cross Road,Straight road,Level,Dry,Not Raining,Daylight,Right Angle,Traffic Signals
2017-12975-15/08/2019,2,2,Passenger,Male,14.0,Rear Seat Left Passenger,Not Thrown Out,NotFatal,NotWorn,Small,NoLicence,Right Turn,4.0,2 Metropolitan,2,4,Friday,off-peak,60,Cross Road,Straight road,Level,Dry,Not Raining,Daylight,Right Angle,Traffic Signals
2017-12975-15/08/2019,2,3,Passenger,Male,17.0,Rear Seat Right Passenger,Not Thrown Out,NotFatal,NotWorn,Small,NoLicence,Right Turn,4.0,2 Metropolitan,2,4,Friday,off-peak,60,Cross Road,Straight road,Level,Dry,Not Raining,Daylight,Right Angle,Traffic Signals
2017-12975-15/08/2019,2,4,Passenger,Female,45.0,Front Seat Left Passenger,Not Thrown Out,NotFatal,NotWorn,Small,NoLicence,Right Turn,4.0,2 Metropolitan,2,4,Friday,off-peak,60,Cross Road,Straight road,Level,Dry,Not Raining,Daylight,Right Angle,Traffic Signals
2017-12978-15/08/2019,1,1,Driver,Male,21.0,Driver,Not Thrown Out,NotFatal,Worn,Small,Provisional 2,Straight Ahead,1.0,2 Metropolitan,3,2,Friday,peak,60,Not Divided,Straight road,Slope,Dry,Not Raining,Daylight,Head On,No Control
2017-12978-15/08/2019,2,1,Driver,Female,48.0,Driver,Not Thrown Out,NotFatal,Worn,Small,Full,Straight Ahead,1.0,2 Metropolitan,3,2,Friday,peak,60,Not Divided,Straight road,Slope,Dry,Not Raining,Daylight,Head On,No Control
2017-12981-15/08/2019,1,1,Driver,Female,26.0,Driver,Not Thrown Out,NotFatal,Worn,Small,Full,Straight Ahead,5.0,2 Metropolitan,2,5,Friday,off-peak,50,Not Divided,Straight road,Slope,Dry,Not Raining,Night,Hit Fixed Object,No Control
2017-12981-15/08/2019,1,2,Passenger,Female,22.0,Rear Seat Left Passenger,Not Thrown Out,NotFatal,NotWorn,Small,NoLicence,Straight Ahead,5.0,2 Metropolitan,2,5,Friday,off-peak,50,Not Divided,Straight road,Slope,Dry,Not Raining,Night,Hit Fixed Object,No Control
2017-12981-15/08/2019,1,3,Passenger,Male,39.88915925490854,Front Seat Left Passenger,Not Thrown Out,NotFatal,NotWorn,Small,NoLicence,Straight Ahead,5.0,2 Metropolitan,2,5,Friday,off-peak,50,Not Divided,Straight road,Slope,Dry,Not Raining,Night,Hit Fixed Object,No Control
2017-12981-15/08/2019,1,4,Passenger,Female,27.0,Rear Seat Right Passenger,Not Thrown Out,NotFatal,NotWorn,Small,NoLicence,Straight Ahead,5.0,2 Metropolitan,2,5,Friday,off-peak,50,Not Divided,Straight road,Slope,Dry,Not Raining,Night,Hit Fixed Object,No Control
2017-12981-15/08/2019,1,5,Passenger,Male,28.0,Rear Seat Middle Passenger,Not Thrown Out,NotFatal,NotWorn,Small,NoLicence,Straight Ahead,5.0,2 Metropolitan,2,5,Friday,off-peak,50,Not Divided,Straight road,Slope,Dry,Not Raining,Night,Hit Fixed Object,No Control
2017-12983-15/08/2019,1,1,Driver,Male,24.0,Driver,Not Thrown Out,NotFatal,Worn,Utility,Full,Straight Ahead,1.0,2 Metropolitan,2,1,Saturday,off-peak,60,T-Junction,Straight road,Level,Dry,Not Raining,Night,Hit Fixed Object,No Control
2017-12988-15/08/2019,1,1,Driver,Male,82.0,Driver,Not Thrown Out,NotFatal,Worn,Small,Full,Straight Ahead,2.0,2 Metropolitan,2,2,Saturday,off-peak,50,Not Divided,Straight road,Level,Dry,Not Raining,Daylight,Head On,No Control
2017-12988-15/08/2019,1,2,Passenger,Female,87.0,Front Seat Left Passenger,Not Thrown Out,NotFatal,NotWorn,Small,NoLicence,Straight Ahead,2.0,2 Metropolitan,2,2,Saturday,off-peak,50,Not Divided,Straight road,Level,Dry,Not Raining,Daylight,Head On,No Control
2017-12992-15/08/2019,1,1,Rider,Male,17.0,NotApplicable,NotApplicable,NotFatal,NotWorn,PCycling,NoLicence,Straight Ahead,1.0,2 Metropolitan,1,1,Saturday,off-peak,15,Not Divided,Straight road,Bottom of Hill,Dry,Not Raining,Daylight,Roll Over,No Control
2017-13002-15/08/2019,1,1,Driver,Female,56.0,Driver,Not Thrown Out,NotFatal,Worn,Medium,Full,Straight Ahead,1.0,2 Metropolitan,2,1,Saturday,peak,50,Not Divided,Straight road,Level,Dry,Not Raining,Daylight,Hit Parked Vehicle,No Control
2017-13003-15/08/2019,2,1,Driver,Female,18.0,Driver,Not Thrown Out,NotFatal,Worn,Small,Provisional 1 ,Straight Ahead,1.0,2 Metropolitan,2,1,Saturday,peak,60,Divided Road,Straight road,Level,Dry,Not Raining,Daylight,Head On,No Control
2017-13008-15/08/2019,1,1,Rider,Male,41.0,NotApplicable,NotApplicable,Fatal,NotWorn,MCycling,NoLicence,Straight Ahead,1.0,2 Metropolitan,2,1,Saturday,off-peak,60,Divided Road,Straight road,Level,Dry,Not Raining,Night,Right Turn,No Control
2017-13012-15/08/2019,1,1,Passenger,Female,40.0,Other,Thrown Out,NotFatal,NotWorn,Small,NoLicence,Straight Ahead,2.0,2 Metropolitan,1,1,Friday,off-peak,50,Not Divided,Straight road,Level,Dry,Not Raining,Daylight,Other,No Control
2017-13013-15/08/2019,1,1,Driver,Male,26.0,Driver,Not Thrown Out,NotFatal,Unknown,Utility,Full,Straight Ahead,1.0,3 Country,2,1,Sunday,off-peak,60,Not Divided,Straight road,Level,Dry,Not Raining,Night,Hit Fixed Object,No Control
2017-13015-15/08/2019,1,1,Driver,Male,30.0,Driver,Not Thrown Out,NotFatal,Worn,Small,Unlicenced,Left Turn,1.0,3 Country,1,1,Sunday,off-peak,80,T-Junction,Straight road,Level,Dry,Not Raining,Daylight,Left Road - Out of Control,Give Way Sign
2017-13025-15/08/2019,1,1,Driver,Male,34.0,Driver,Not Thrown Out,NotFatal,Unknown,Small,Full,Straight Ahead,1.0,2 Metropolitan,2,1,Sunday,peak,50,Not Divided,Straight road,Slope,Dry,Not Raining,Daylight,Hit Fixed Object,No Control
2017-13026-15/08/2019,2,1,Driver,Female,74.0,Driver,Not Thrown Out,NotFatal,Worn,Small,Full,Straight Ahead,1.0,2 Metropolitan,2,1,Sunday,peak,60,Not Divided,Straight road,Slope,Dry,Not Raining,Daylight,Side Swipe,No Control
2017-13029-15/08/2019,1,1,Driver,Female,43.0,Driver,Not Thrown Out,NotFatal,Worn,Utility,Unknown,Straight Ahead,2.0,2 Metropolitan,2,1,Sunday,off-peak,60,Divided Road,Straight road,Level,Dry,Not Raining,Daylight,Hit Fixed Object,No Control
2017-13034-15/08/2019,2,1,Pedestrian,Female,52.0,NotApplicable,NotApplicable,NotFatal,NotWorn,Pedestrian on Road,NoLicence,Crossing without Control,1.0,2 Metropolitan,2,1,Sunday,off-peak,50,Not Divided,Straight road,Level,Dry,Not Raining,Daylight,Hit Pedestrian,No Control
2017-13038-15/08/2019,1,1,Rider,Male,67.0,NotApplicable,NotApplicable,NotFatal,NotWorn,MCycling,NoLicence,Stopped on Carriageway,1.0,2 Metropolitan,2,1,Monday,off-peak,60,Not Divided,Straight road,Level,Dry,Not Raining,Daylight,Rear End,No Control
2017-13042-15/08/2019,3,1,Passenger,Female,17.0,Front Seat Left Passenger,Not Thrown Out,NotFatal,NotWorn,Utility,NoLicence,Stopped on Carriageway,2.0,2 Metropolitan,4,1,Monday,off-peak,80,Divided Road,Straight road,Level,Wet,Raining,Daylight,Rear End,No Control
2017-13045-15/08/2019,1,1,Driver,Male,26.0,Driver,Not Thrown Out,NotFatal,Worn,Small,Provisional 2,Straight Ahead,1.0,3 Country,2,1,Sunday,off-peak,80,Not Divided,"CURVED, VIEW OPEN",Level,Dry,Not Raining,Daylight,Hit Fixed Object,No Control
2017-13046-15/08/2019,1,1,Passenger,Female,30.0,Rear Seat Left Passenger,Not Thrown Out,NotFatal,NotWorn,Medium,NoLicence,Right Turn,4.0,3 Country,1,1,Monday,peak,100,Cross Road,Straight road,Level,Dry,Not Raining,Daylight,Roll Over,No Control
2017-13048-15/08/2019,1,1,Driver,Female,18.0,Driver,Not Thrown Out,NotFatal,Worn,Small,Probationary,Straight Ahead,2.0,2 Metropolitan,2,1,Monday,off-peak,50,Not Divided,Straight road,Level,Dry,Not Raining,Night,Hit Parked Vehicle,No Control
2017-13049-15/08/2019,1,1,Driver,Male,28.0,Driver,Not Thrown Out,NotFatal,Worn,Medium,Full,Straight Ahead,1.0,2 Metropolitan,2,3,Monday,peak,90,Cross Road,Straight road,Level,Dry,Not Raining,Daylight,Rear End,Traffic Signals
2017-13049-15/08/2019,2,1,Driver,Female,56.0,Driver,Not Thrown Out,NotFatal,Worn,Small,Full,Straight Ahead,2.0,2 Metropolitan,2,3,Monday,peak,90,Cross Road,Straight road,Level,Dry,Not Raining,Daylight,Rear End,Traffic Signals
2017-13049-15/08/2019,2,2,Passenger,Male,16.0,Front Seat Left Passenger,Not Thrown Out,NotFatal,NotWorn,Small,NoLicence,Straight Ahead,2.0,2 Metropolitan,2,3,Monday,peak,90,Cross Road,Straight road,Level,Dry,Not Raining,Daylight,Rear End,Traffic Signals
2017-13050-15/08/2019,2,1,Pedestrian,Female,23.0,NotApplicable,NotApplicable,NotFatal,NotWorn,Pedestrian on Road,NoLicence,Crossing without Control,1.0,2 Metropolitan,2,1,Monday,off-peak,60,T-Junction,Straight road,Slope,Dry,Not Raining,Night,Hit Pedestrian,No Control
2017-13051-15/08/2019,1,1,Driver,Female,26.0,Driver,Not Thrown Out,NotFatal,Worn,Small,Full,Straight Ahead,3.0,3 Country,2,2,Monday,off-peak,100,Not Divided,"CURVED, VIEW OPEN",Level,Dry,Not Raining,Daylight,Hit Fixed Object,No Control
2017-13051-15/08/2019,1,2,Passenger,Male,31.0,Front Seat Left Passenger,Not Thrown Out,NotFatal,NotWorn,Small,NoLicence,Straight Ahead,3.0,3 Country,2,2,Monday,off-peak,100,Not Divided,"CURVED, VIEW OPEN",Level,Dry,Not Raining,Daylight,Hit Fixed Object,No Control
2017-13053-15/08/2019,2,1,Rider,Male,27.0,NotApplicable,NotApplicable,NotFatal,NotWorn,PCycling,NoLicence,Swerving,1.0,2 Metropolitan,2,1,Saturday,off-peak,60,Divided Road,Straight road,Level,Dry,Not Raining,Daylight,Hit Parked Vehicle,No Control
2017-13054-15/08/2019,2,1,Driver,Female,50.0,Driver,Not Thrown Out,NotFatal,Worn,Small,Full,Straight Ahead,1.0,2 Metropolitan,2,1,Tuesday,off-peak,60,Cross Road,Straight road,Level,Dry,Not Raining,Daylight,Right Angle,Traffic Signals
2017-13060-15/08/2019,1,1,Passenger,Female,6.0,Rear Seat Right Passenger,Not Thrown Out,NotFatal,NotWorn,Small,NoLicence,Left Turn,3.0,3 Country,2,1,Tuesday,off-peak,100,T-Junction,"CURVED, VIEW OPEN",Level,Dry,Not Raining,Daylight,Right Angle,No Control
2017-13062-15/08/2019,1,1,Driver,Female,42.0,Driver,Not Thrown Out,NotFatal,Worn,Small,Full,Stopped on Carriageway,2.0,2 Metropolitan,2,1,Tuesday,off-peak,60,Cross Road,Straight road,Level,Dry,Not Raining,Daylight,Rear End,Traffic Signals
2017-13063-15/08/2019,1,1,Driver,Male,33.0,Driver,Not Thrown Out,NotFatal,Worn,Medium,Full,Straight Ahead,1.0,2 Metropolitan,2,1,Tuesday,off-peak,50,Not Divided,Straight road,Level,Dry,Not Raining,Daylight,Hit Fixed Object,No Control
2017-13064-15/08/2019,1,1,Driver,Female,38.0,Driver,Not Thrown Out,NotFatal,Worn,Medium,Full,Straight Ahead,2.0,2 Metropolitan,2,2,Tuesday,peak,60,T-Junction,Straight road,Level,Dry,Not Raining,Daylight,Right Angle,No Control
2017-13064-15/08/2019,2,1,Passenger,Male,13.0,Front Seat Left Passenger,Not Thrown Out,NotFatal,NotWorn,Medium,NoLicence,Right Turn,4.0,2 Metropolitan,2,2,Tuesday,peak,60,T-Junction,Straight road,Level,Dry,Not Raining,Daylight,Right Angle,No Control
2017-13066-15/08/2019,1,1,Passenger,Female,4.0,Rear Seat Right Passenger,Not Thrown Out,NotFatal,NotWorn,Medium,NoLicence,Right Turn,5.0,2 Metropolitan,2,1,Tuesday,off-peak,60,Cross Road,Straight road,Slope,Dry,Not Raining,Daylight,Right Turn,Traffic Signals
2017-13067-15/08/2019,1,1,Driver,Male,35.0,Driver,Not Thrown Out,NotFatal,Worn,Small,Full,Right Turn,2.0,3 Country,2,1,Tuesday,peak,100,T-Junction,Straight road,Level,Dry,Not Raining,Daylight,Right Angle,No Control
2017-13069-15/08/2019,1,1,Rider,Male,60.0,NotApplicable,NotApplicable,NotFatal,NotWorn,MCycling,NoLicence,Straight Ahead,1.0,3 Country,2,1,Tuesday,off-peak,100,T-Junction,Straight road,Slope,Dry,Not Raining,Daylight,Roll Over,No Control
2017-13070-15/08/2019,1,1,Driver,Male,50.0,Driver,Not Thrown Out,NotFatal,Unknown,Medium,Unlicenced,Straight Ahead,2.0,3 Country,1,2,Monday,off-peak,100,Not Divided,"CURVED, VIEW OBSCURED",Slope,Dry,Not Raining,Night,Roll Over,No Control
2017-13070-15/08/2019,1,2,Passenger,Male,24.0,Front Seat Left Passenger,Not Thrown Out,NotFatal,NotWorn,Medium,NoLicence,Straight Ahead,2.0,3 Country,1,2,Monday,off-peak,100,Not Divided,"CURVED, VIEW OBSCURED",Slope,Dry,Not Raining,Night,Roll Over,No Control
2017-13071-15/08/2019,1,1,Driver,Male,43.0,Driver,Not Thrown Out,NotFatal,Unknown,Medium,Full,Straight Ahead,1.0,2 Metropolitan,2,1,Tuesday,off-peak,50,Not Divided,Straight road,Level,Dry,Not Raining,Night,Head On,No Control
2017-13073-15/08/2019,1,1,Rider,Male,20.0,NotApplicable,NotApplicable,NotFatal,NotWorn,MCycling,NoLicence,Straight Ahead,1.0,2 Metropolitan,2,1,Wednesday,off-peak,40,Not Divided,Straight road,Level,Dry,Not Raining,Night,Hit Fixed Object,No Control
2017-13074-15/08/2019,1,1,Driver,Male,68.0,Driver,Not Thrown Out,NotFatal,Worn,Medium,Full,Straight Ahead,1.0,3 Country,1,1,Wednesday,off-peak,110,Not Divided,"CURVED, VIEW OBSCURED",Level,Dry,Not Raining,Night,Roll Over,No Control
2017-13080-15/08/2019,1,1,Driver,Male,35.0,Driver,Not Thrown Out,NotFatal,Worn,Small,Full,Straight Ahead,2.0,2 Metropolitan,2,2,Wednesday,peak,60,Divided Road,Straight road,Level,Dry,Not Raining,Daylight,Hit Fixed Object,No Control
2017-13080-15/08/2019,1,2,Passenger,Female,61.0,Front Seat Left Passenger,Not Thrown Out,NotFatal,NotWorn,Small,NoLicence,Straight Ahead,2.0,2 Metropolitan,2,2,Wednesday,peak,60,Divided Road,Straight road,Level,Dry,Not Raining,Daylight,Hit Fixed Object,No Control
2017-13082-15/08/2019,1,1,Driver,Male,25.0,Driver,Not Thrown Out,NotFatal,Worn,Small,Full,Straight Ahead,1.0,2 Metropolitan,2,1,Wednesday,peak,60,Not Divided,Straight road,Level,Dry,Not Raining,Daylight,Hit Parked Vehicle,No Control
2017-13085-15/08/2019,1,1,Rider,Male,61.0,NotApplicable,NotApplicable,NotFatal,NotWorn,MCycling,NoLicence,Straight Ahead,1.0,2 Metropolitan,2,1,Wednesday,off-peak,80,Not Divided,"CURVED, VIEW OBSCURED",Slope,Dry,Not Raining,Daylight,Hit Fixed Object,No Control
2017-13086-15/08/2019,1,1,Driver,Female,31.0,Driver,Not Thrown Out,NotFatal,Worn,Medium,Full,Stopped on Carriageway,1.0,2 Metropolitan,2,1,Saturday,peak,80,Cross Road,Straight road,Level,Dry,Not Raining,Night,Rear End,Traffic Signals
2017-13088-15/08/2019,2,1,Rider,Male,33.0,NotApplicable,NotApplicable,NotFatal,NotWorn,PCycling,NoLicence,Straight Ahead,1.0,1 City,2,1,Saturday,peak,60,Cross Road,Straight road,Slope,Dry,Not Raining,Daylight,Right Angle,Traffic Signals
2017-13090-15/08/2019,1,1,Driver,Male,92.0,Driver,Not Thrown Out,NotFatal,Worn,Medium,Full,Straight Ahead,1.0,3 Country,2,3,Wednesday,off-peak,110,Not Divided,Straight road,Level,Dry,Not Raining,Daylight,Head On,No Control
2017-13090-15/08/2019,2,1,Passenger,Female,59.0,Front Seat Left Passenger,Not Thrown Out,NotFatal,NotWorn,Small,NoLicence,Straight Ahead,3.0,3 Country,2,3,Wednesday,off-peak,110,Not Divided,Straight road,Level,Dry,Not Raining,Daylight,Head On,No Control
2017-13090-15/08/2019,2,2,Passenger,Female,30.0,Rear Seat Left Passenger,Not Thrown Out,Fatal,NotWorn,Small,NoLicence,Straight Ahead,3.0,3 Country,2,3,Wednesday,off-peak,110,Not Divided,Straight road,Level,Dry,Not Raining,Daylight,Head On,No Control
2017-13091-15/08/2019,1,1,Driver,Male,66.0,Driver,Not Thrown Out,NotFatal,Worn,Medium,Full,Straight Ahead,1.0,2 Metropolitan,2,1,Wednesday,off-peak,50,Not Divided,Straight road,Level,Dry,Not Raining,Daylight,Hit Fixed Object,No Control
2017-13092-15/08/2019,1,1,Driver,Female,17.0,Driver,Not Thrown Out,NotFatal,Worn,Small,Provisional 1 ,Straight Ahead,1.0,3 Country,2,1,Wednesday,peak,100,Not Divided,Straight road,Level,Dry,Not Raining,Daylight,Hit Fixed Object,No Control
2017-13094-15/08/2019,1,1,Driver,Male,23.0,Driver,Not Thrown Out,NotFatal,Worn,Medium,Unknown,Straight Ahead,1.0,2 Metropolitan,2,3,Wednesday,off-peak,50,T-Junction,Straight road,Level,Dry,Not Raining,Daylight,Rear End,No Control
2017-13094-15/08/2019,2,1,Driver,Male,26.0,Driver,Not Thrown Out,NotFatal,Worn,Small,Unknown,Stopped on Carriageway,2.0,2 Metropolitan,2,3,Wednesday,off-peak,50,T-Junction,Straight road,Level,Dry,Not Raining,Daylight,Rear End,No Control
2017-13094-15/08/2019,2,2,Passenger,Female,28.0,Front Seat Left Passenger,Not Thrown Out,NotFatal,NotWorn,Small,NoLicence,Stopped on Carriageway,2.0,2 Metropolitan,2,3,Wednesday,off-peak,50,T-Junction,Straight road,Level,Dry,Not Raining,Daylight,Rear End,No Control
2017-13095-15/08/2019,1,1,Driver,Male,60.0,Driver,Not Thrown Out,NotFatal,Worn,Medium,Full,Straight Ahead,1.0,3 Country,2,1,Wednesday,off-peak,110,Not Divided,Straight road,Level,Dry,Not Raining,Night,Hit Fixed Object,No Control
2017-13098-15/08/2019,1,1,Driver,Female,53.0,Driver,Not Thrown Out,NotFatal,Worn,Small,Full,Straight Ahead,2.0,2 Metropolitan,2,1,Wednesday,off-peak,60,Divided Road,Straight road,Level,Dry,Not Raining,Daylight,Rear End,No Control
2017-13105-15/08/2019,2,1,Rider,Male,34.0,NotApplicable,NotApplicable,NotFatal,NotWorn,PCycling,NoLicence,Straight Ahead,1.0,2 Metropolitan,2,1,Thursday,off-peak,50,Cross Road,Straight road,Level,Dry,Not Raining,Daylight,Right Angle,Roundabout
2017-13106-15/08/2019,1,1,Driver,Male,55.0,Driver,Not Thrown Out,NotFatal,Worn,Utility,Full,Stopped on Carriageway,1.0,2 Metropolitan,2,1,Wednesday,off-peak,40,Not Divided,Straight road,Level,Dry,Not Raining,Daylight,Rear End,No Control
2017-13107-15/08/2019,2,1,Rider,Male,12.0,NotApplicable,NotApplicable,NotFatal,NotWorn,PCycling,NoLicence,Straight Ahead,1.0,2 Metropolitan,2,1,Thursday,off-peak,50,T-Junction,Straight road,Level,Dry,Not Raining,Daylight,Right Angle,No Control
2017-13108-15/08/2019,1,1,Rider,Male,43.0,NotApplicable,NotApplicable,NotFatal,NotWorn,PCycling,NoLicence,Straight Ahead,1.0,2 Metropolitan,1,1,Thursday,off-peak,60,T-Junction,Straight road,Level,Dry,Not Raining,Night,Roll Over,No Control
2017-13109-15/08/2019,1,1,Driver,Male,23.0,Driver,Not Thrown Out,NotFatal,Worn,Utility,Full,U Turn,1.0,2 Metropolitan,2,1,Thursday,off-peak,50,Cross Road,Straight road,Level,Dry,Not Raining,Daylight,Side Swipe,Stop Sign
2017-13111-15/08/2019,2,1,Driver,Male,21.0,Driver,Not Thrown Out,NotFatal,Worn,Small,Provisional 2,Straight Ahead,2.0,2 Metropolitan,2,1,Thursday,off-peak,60,T-Junction,Straight road,Level,Dry,Not Raining,Daylight,Right Angle,Give Way Sign
2017-13112-15/08/2019,1,1,Driver,Female,20.0,Driver,Not Thrown Out,NotFatal,Worn,Small,Provisional 2,Straight Ahead,2.0,2 Metropolitan,2,1,Thursday,off-peak,60,Cross Road,Straight road,Level,Dry,Not Raining,Daylight,Rear End,Traffic Signals
2017-13114-15/08/2019,1,1,Rider,Male,23.0,NotApplicable,NotApplicable,NotFatal,NotWorn,MCycling,NoLicence,Straight Ahead,1.0,2 Metropolitan,2,1,Thursday,off-peak,50,T-Junction,"CURVED, VIEW OPEN",Level,Dry,Not Raining,Daylight,Rear End,No Control
2017-13115-15/08/2019,2,1,Rider,Male,20.0,NotApplicable,NotApplicable,NotFatal,NotWorn,PCycling,NoLicence,Straight Ahead,1.0,2 Metropolitan,2,1,Thursday,off-peak,60,Multiple,Straight road,Level,Dry,Not Raining,Daylight,Right Angle,Stop Sign
2017-13117-15/08/2019,2,1,Rider,Female,21.0,NotApplicable,NotApplicable,NotFatal,NotWorn,PCycling,NoLicence,Straight Ahead,1.0,2 Metropolitan,2,1,Thursday,peak,50,Not Divided,Straight road,Level,Wet,Raining,Daylight,Right Angle,No Control
2017-13118-15/08/2019,2,1,Passenger,Female,31.0,Front Seat Left Passenger,Not Thrown Out,NotFatal,NotWorn,Medium,NoLicence,Right Turn,2.0,2 Metropolitan,2,1,Thursday,peak,60,Cross Road,Straight road,Level,Wet,Raining,Daylight,Right Turn,Traffic Signals
2017-13119-15/08/2019,1,1,Driver,Male,30.0,Driver,Not Thrown Out,NotFatal,Worn,Small,Provisional 1 ,Straight Ahead,2.0,2 Metropolitan,2,1,Thursday,off-peak,60,T-Junction,Straight road,Level,Dry,Not Raining,Daylight,Right Turn,No Control
2017-13121-15/08/2019,2,1,Driver,Female,34.0,Driver,Not Thrown Out,NotFatal,Worn,Small,Full,Straight Ahead,1.0,3 Country,2,1,Wednesday,off-peak,50,T-Junction,Straight road,Level,Dry,Not Raining,Daylight,Right Turn,No Control