REPORT_ID,UND_UNIT_NUMBER,CASUALTY_NUMBER,cas_type,cas_gender,cas_age,cas_pos_in_veh,thrown_out,fatality,seat_belt,unit_type,lic_type,unit_movement,n_occupants,stat_area,total_units,cas_total,day,time,area_speed,acc_pos,hor_align,ver_align,moist_cond,wea_cond,dayNight,crash_type,traf_ctrls
2017-13122-15/08/2019,1,1,Passenger,Female,11.0,Front Seat Left Passenger,Not Thrown Out,NotFatal,NotWorn,Small,NoLicence,Straight Ahead,3.0,2 Metropolitan,3,3,Thursday,peak,60,Pedestrian Crossing,Straight road,Level,Wet,Raining,Daylight,Rear End,Traffic Signals
2017-13122-15/08/2019,1,2,Passenger,Male,9.0,Rear Seat Middle Passenger,Not Thrown Out,NotFatal,NotWorn,Small,NoLicence,Straight Ahead,3.0,2 Metropolitan,3,3,Thursday,peak,60,Pedestrian Crossing,Straight road,Level,Wet,Raining,Daylight,Rear End,Traffic Signals
2017-13122-15/08/2019,2,1,Driver,Female,22.0,Driver,Not Thrown Out,NotFatal,Worn,Small,Provisional 1 ,Stopped on Carriageway,2.0,2 Metropolitan,3,3,Thursday,peak,60,Pedestrian Crossing,Straight road,Level,Wet,Raining,Daylight,Rear End,Traffic Signals
2017-13123-15/08/2019,2,1,Rider,Male,29.0,NotApplicable,NotApplicable,NotFatal,NotWorn,PCycling,NoLicence,Straight Ahead,1.0,2 Metropolitan,2,1,Thursday,off-peak,60,T-Junction,Straight road,Level,Wet,Not Raining,Daylight,Right Turn,Traffic Signals
2017-13124-15/08/2019,1,1,Driver,Male,33.0,Driver,Not Thrown Out,NotFatal,Unknown,Medium,Full,Straight Ahead,1.0,2 Metropolitan,2,1,Thursday,off-peak,50,Cross Road,Straight road,Level,Dry,Not Raining,Daylight,Hit Fixed Object,Roundabout
2017-13126-15/08/2019,1,1,Driver,Male,19.0,Driver,Not Thrown Out,Fatal,Worn,Small,Provisional 2,Straight Ahead,1.0,2 Metropolitan,2,1,Thursday,off-peak,50,T-Junction,Straight road,Level,Dry,Not Raining,Night,Hit Fixed Object,No Control
2017-13127-15/08/2019,1,1,Driver,Male,29.0,Driver,Not Thrown Out,NotFatal,Worn,Utility,Full,Straight Ahead,1.0,3 Country,2,1,Thursday,off-peak,100,Not Divided,"CURVED, VIEW OPEN",Level,Dry,Not Raining,Daylight,Hit Fixed Object,No Control
2017-13133-15/08/2019,1,1,Rider,Female,39.0,NotApplicable,NotApplicable,NotFatal,NotWorn,PCycling,NoLicence,Straight Ahead,1.0,2 Metropolitan,2,1,Friday,peak,60,Divided Road,Straight road,Level,Dry,Not Raining,Daylight,Roll Over,No Control
2017-13134-15/08/2019,1,1,Rider,Male,19.0,NotApplicable,NotApplicable,NotFatal,NotWorn,MCycling,NoLicence,Straight Ahead,1.0,2 Metropolitan,2,1,Friday,peak,50,T-Junction,Straight road,Level,Dry,Not Raining,Daylight,Roll Over,No Control
2017-13138-15/08/2019,1,1,Driver,Male,30.0,Driver,Not Thrown Out,NotFatal,Worn,Small,Full,Right Turn,1.0,2 Metropolitan,2,2,Thursday,off-peak,60,T-Junction,Straight road,Level,Dry,Not Raining,Daylight,Right Angle,No Control
2017-13138-15/08/2019,2,1,Driver,Male,21.0,Driver,Not Thrown Out,NotFatal,Worn,Medium,Provisional 2,Straight Ahead,1.0,2 Metropolitan,2,2,Thursday,off-peak,60,T-Junction,Straight road,Level,Dry,Not Raining,Daylight,Right Angle,No Control
2017-13140-15/08/2019,1,1,Rider,Male,87.0,NotApplicable,NotApplicable,NotFatal,NotWorn,PCycling,NoLicence,Straight Ahead,1.0,2 Metropolitan,1,1,Thursday,off-peak,60,Not Divided,Straight road,Level,Dry,Not Raining,Daylight,Roll Over,No Control
2017-13143-15/08/2019,1,1,Driver,Female,27.0,Driver,Not Thrown Out,NotFatal,Worn,Small,Full,Stopped on Carriageway,1.0,2 Metropolitan,2,1,Wednesday,off-peak,60,Cross Road,Straight road,Level,Wet,Raining,Daylight,Rear End,Traffic Signals
2017-13145-15/08/2019,1,1,Rider,Female,35.0,NotApplicable,NotApplicable,NotFatal,NotWorn,MCycling,NoLicence,Left Turn,1.0,2 Metropolitan,1,1,Thursday,off-peak,60,Cross Road,Straight road,Level,Wet,Raining,Daylight,Roll Over,No Control
2017-13146-15/08/2019,1,1,Rider,Male,52.0,NotApplicable,NotApplicable,NotFatal,NotWorn,MCycling,NoLicence,Straight Ahead,1.0,2 Metropolitan,2,1,Friday,off-peak,100,Not Divided,"CURVED, VIEW OBSCURED",Slope,Dry,Not Raining,Daylight,Hit Fixed Object,No Control
2017-13147-15/08/2019,1,1,Pedestrian,Male,39.88915925490854,NotApplicable,NotApplicable,NotFatal,NotWorn,Pedestrian on Road,NoLicence,Crossing without Control,1.0,1 City,2,1,Sunday,off-peak,50,Not Divided,Straight road,Level,Dry,Not Raining,Night,Hit Pedestrian,No Control
2017-13151-15/08/2019,2,1,Passenger,Female,17.0,Front Seat Left Passenger,Not Thrown Out,NotFatal,NotWorn,Small,NoLicence,Stopped on Carriageway,2.0,2 Metropolitan,2,1,Friday,peak,60,T-Junction,Straight road,Level,Dry,Not Raining,Daylight,Rear End,No Control
2017-13155-15/08/2019,1,1,Driver,Male,32.0,Driver,Not Thrown Out,NotFatal,Worn,Small,Full,Straight Ahead,1.0,3 Country,3,1,Friday,off-peak,100,Not Divided,Straight road,Level,Dry,Unknown,Night,Hit Fixed Object,No Control
2017-13156-15/08/2019,1,1,Rider,Male,15.0,NotApplicable,NotApplicable,NotFatal,NotWorn,MCycling,NoLicence,Right Turn,1.0,3 Country,1,1,Friday,off-peak,50,T-Junction,Straight road,Level,Dry,Not Raining,Daylight,Roll Over,No Control
2017-13159-15/08/2019,1,1,Rider,Male,32.0,NotApplicable,NotApplicable,NotFatal,NotWorn,MCycling,NoLicence,Straight Ahead,1.0,2 Metropolitan,3,1,Saturday,off-peak,50,Not Divided,Straight road,Level,Dry,Not Raining,Night,Hit Fixed Object,No Control
2017-13163-15/08/2019,1,1,Pedestrian,Male,28.0,NotApplicable,NotApplicable,NotFatal,NotWorn,Pedestrian on Road,NoLicence,Crossing with Traffic Signals,1.0,1 City,2,1,Friday,off-peak,60,Cross Road,Straight road,Bottom of Hill,Dry,Not Raining,Daylight,Hit Pedestrian,Traffic Signals
2017-13165-15/08/2019,2,1,Rider,Male,50.0,NotApplicable,NotApplicable,NotFatal,NotWorn,PCycling,NoLicence,Straight Ahead,1.0,1 City,2,1,Friday,off-peak,50,Divided Road,Straight road,Level,Dry,Not Raining,Daylight,Right Angle,No Control
2017-13166-15/08/2019,1,1,Rider,Male,39.88915925490854,NotApplicable,NotApplicable,NotFatal,NotWorn,MCycling,NoLicence,Straight Ahead,1.0,2 Metropolitan,1,1,Saturday,peak,60,Cross Road,Straight road,Level,Dry,Not Raining,Daylight,Roll Over,Traffic Signals
2017-13167-15/08/2019,2,1,Driver,Unknown,39.88915925490854,Driver,Not Thrown Out,NotFatal,Worn,Small,Full,Right Turn,1.0,2 Metropolitan,2,1,Saturday,off-peak,50,Cross Road,Straight road,Level,Dry,Not Raining,Daylight,Right Angle,Stop Sign
2017-13170-15/08/2019,1,1,Driver,Female,23.0,Driver,Not Thrown Out,NotFatal,Worn,Medium,Full,Straight Ahead,1.0,2 Metropolitan,2,1,Saturday,off-peak,60,Divided Road,Straight road,Level,Dry,Not Raining,Daylight,Rear End,No Control
2017-13171-15/08/2019,1,1,Rider,Male,41.0,NotApplicable,NotApplicable,NotFatal,NotWorn,PCycling,NoLicence,Straight Ahead,1.0,2 Metropolitan,2,1,Sunday,off-peak,60,Pedestrian Crossing,Straight road,Level,Dry,Not Raining,Daylight,Side Swipe,No Control
2017-13174-15/08/2019,1,1,Driver,Female,23.0,Driver,Not Thrown Out,NotFatal,Worn,Small,Full,Left Turn,4.0,2 Metropolitan,1,4,Saturday,peak,110,T-Junction,Straight road,Level,Dry,Not Raining,Daylight,Roll Over,Stop Sign
2017-13174-15/08/2019,1,2,Passenger,Male,39.88915925490854,Front Seat Left Passenger,Not Thrown Out,NotFatal,NotWorn,Small,NoLicence,Left Turn,4.0,2 Metropolitan,1,4,Saturday,peak,110,T-Junction,Straight road,Level,Dry,Not Raining,Daylight,Roll Over,Stop Sign
2017-13174-15/08/2019,1,3,Passenger,Female,21.0,Rear Seat Left Passenger,Not Thrown Out,NotFatal,NotWorn,Small,NoLicence,Left Turn,4.0,2 Metropolitan,1,4,Saturday,peak,110,T-Junction,Straight road,Level,Dry,Not Raining,Daylight,Roll Over,Stop Sign
2017-13174-15/08/2019,1,4,Passenger,Female,23.0,Rear Seat Right Passenger,Not Thrown Out,NotFatal,NotWorn,Small,NoLicence,Left Turn,4.0,2 Metropolitan,1,4,Saturday,peak,110,T-Junction,Straight road,Level,Dry,Not Raining,Daylight,Roll Over,Stop Sign
2017-13177-15/08/2019,1,1,Passenger,Female,27.0,Front Seat Middle Passenger,Not Thrown Out,NotFatal,NotWorn,Utility,NoLicence,Straight Ahead,4.0,3 Country,1,1,Saturday,off-peak,100,Not Divided,"CURVED, VIEW OBSCURED",Level,Dry,Not Raining,Daylight,Roll Over,No Control
2017-13180-15/08/2019,1,1,Rider,Male,53.0,NotApplicable,NotApplicable,NotFatal,NotWorn,PCycling,NoLicence,Straight Ahead,1.0,3 Country,1,1,Saturday,peak,60,Not Divided,Straight road,Level,Dry,Not Raining,Daylight,Roll Over,No Control
2017-13181-15/08/2019,1,1,Driver,Male,42.0,Driver,Not Thrown Out,NotFatal,Worn,Medium,Full,Straight Ahead,1.0,2 Metropolitan,4,1,Sunday,off-peak,60,T-Junction,Straight road,Level,Dry,Not Raining,Daylight,Hit Parked Vehicle,No Control
2017-13182-15/08/2019,1,1,Driver,Male,27.0,Driver,Not Thrown Out,NotFatal,Worn,Medium,Full,Parked,1.0,2 Metropolitan,3,1,Friday,off-peak,50,Not Divided,Straight road,Level,Dry,Not Raining,Night,Hit Parked Vehicle,No Control
2017-13187-15/08/2019,1,1,Driver,Male,60.0,Driver,Not Thrown Out,NotFatal,Worn,Small,Provisional 2,Straight Ahead,4.0,3 Country,2,1,Saturday,peak,110,Not Divided,Straight road,Level,Dry,Not Raining,Daylight,Head On,No Control
2017-13196-15/08/2019,2,1,Passenger,Female,40.0,Front Seat Left Passenger,Not Thrown Out,NotFatal,NotWorn,Medium,NoLicence,Straight Ahead,2.0,2 Metropolitan,2,1,Sunday,off-peak,60,Cross Road,Straight road,Level,Dry,Not Raining,Night,Right Angle,Traffic Signals
2017-13201-15/08/2019,1,1,Driver,Female,19.0,Driver,Not Thrown Out,NotFatal,Worn,Small,Learners,Straight Ahead,2.0,2 Metropolitan,3,2,Sunday,off-peak,60,Divided Road,Straight road,Level,Dry,Not Raining,Daylight,Hit Fixed Object,No Control
2017-13201-15/08/2019,1,2,Passenger,Female,15.0,Front Seat Left Passenger,Not Thrown Out,NotFatal,NotWorn,Small,NoLicence,Straight Ahead,2.0,2 Metropolitan,3,2,Sunday,off-peak,60,Divided Road,Straight road,Level,Dry,Not Raining,Daylight,Hit Fixed Object,No Control
2017-13203-15/08/2019,2,1,Rider,Female,42.0,NotApplicable,NotApplicable,NotFatal,NotWorn,PCycling,NoLicence,Stopped on Carriageway,1.0,1 City,2,1,Friday,off-peak,50,Cross Road,Straight road,Level,Dry,Not Raining,Daylight,Rear End,Traffic Signals
2017-13210-15/08/2019,1,1,Rider,Male,19.0,NotApplicable,NotApplicable,NotFatal,NotWorn,MCycling,NoLicence,Straight Ahead,1.0,3 Country,2,1,Saturday,off-peak,100,Not Divided,Straight road,Level,Dry,Not Raining,Daylight,Hit Animal,No Control
2017-13212-15/08/2019,1,1,Driver,Male,55.0,Driver,Not Thrown Out,NotFatal,Worn,Medium,Full,Straight Ahead,1.0,3 Country,2,1,Wednesday,peak,80,Not Divided,Straight road,Level,Dry,Not Raining,Daylight,Roll Over,No Control
2017-13214-15/08/2019,1,1,Driver,Female,26.0,Driver,Not Thrown Out,NotFatal,Worn,Small,Full,Stopped on Carriageway,1.0,2 Metropolitan,3,1,Monday,off-peak,80,T-Junction,Straight road,Level,Wet,Raining,Daylight,Rear End,Traffic Signals
2017-13215-15/08/2019,1,1,Passenger,Male,19.0,Rear Seat Right Passenger,Thrown Out,NotFatal,NotWorn,Medium,NoLicence,Straight Ahead,6.0,2 Metropolitan,1,1,Sunday,off-peak,50,Not Divided,Straight road,Level,Dry,Not Raining,Night,Other,No Control
2017-13217-15/08/2019,1,1,Rider,Female,46.0,NotApplicable,NotApplicable,NotFatal,NotWorn,PCycling,NoLicence,Entering Private Driveway,1.0,2 Metropolitan,2,1,Thursday,off-peak,50,Not Divided,Straight road,Level,Dry,Not Raining,Daylight,Side Swipe,No Control
2017-13218-15/08/2019,1,1,Rider,Male,38.0,NotApplicable,NotApplicable,NotFatal,NotWorn,MCycling,NoLicence,Straight Ahead,1.0,3 Country,2,1,Sunday,off-peak,100,Not Divided,Straight road,Level,Dry,Not Raining,Daylight,Hit Animal,No Control
2017-13220-15/08/2019,1,1,Passenger,Female,19.0,Front Seat Left Passenger,Not Thrown Out,NotFatal,NotWorn,Medium,NoLicence,Stopped on Carriageway,3.0,2 Metropolitan,2,1,Wednesday,off-peak,60,Cross Road,Straight road,Level,Dry,Not Raining,Daylight,Rear End,Traffic Signals
2017-13221-15/08/2019,2,1,Rider,Male,43.0,NotApplicable,NotApplicable,NotFatal,NotWorn,PCycling,NoLicence,Straight Ahead,1.0,3 Country,2,1,Friday,off-peak,60,T-Junction,Straight road,Level,Dry,Not Raining,Daylight,Right Angle,No Control
2017-13223-15/08/2019,1,1,Driver,Male,70.0,Driver,Not Thrown Out,NotFatal,Worn,Small,Full,Stopped on Carriageway,2.0,2 Metropolitan,2,1,Tuesday,peak,60,Other,Straight road,Level,Dry,Not Raining,Daylight,Rear End,No Control
2017-13224-15/08/2019,1,1,Driver,Male,43.0,Driver,Not Thrown Out,NotFatal,Worn,Small,Full,Straight Ahead,1.0,2 Metropolitan,2,1,Thursday,off-peak,60,Cross Road,Straight road,Level,Dry,Not Raining,Night,Right Turn,Traffic Signals
2017-13225-15/08/2019,1,1,Passenger,Male,27.0,Front Seat Left Passenger,Not Thrown Out,NotFatal,NotWorn,Utility,NoLicence,Straight Ahead,2.0,2 Metropolitan,2,1,Thursday,off-peak,25,Divided Road,Straight road,Level,Dry,Not Raining,Night,Rear End,No Control
2017-13226-15/08/2019,1,1,Driver,Male,56.0,Driver,Not Thrown Out,NotFatal,Worn,Medium,Full,Stopped on Carriageway,1.0,2 Metropolitan,2,1,Thursday,off-peak,60,T-Junction,Straight road,Level,Dry,Not Raining,Daylight,Rear End,Traffic Signals
2017-13227-15/08/2019,1,1,Driver,Female,54.0,Driver,Not Thrown Out,NotFatal,Worn,Small,Full,Stopped on Carriageway,2.0,2 Metropolitan,2,1,Friday,peak,60,Cross Road,Straight road,Level,Dry,Not Raining,Daylight,Rear End,Traffic Signals
2017-13228-15/08/2019,2,1,Pedestrian,Male,22.0,NotApplicable,NotApplicable,NotFatal,NotWorn,Pedestrian on Road,NoLicence,Crossing with Traffic Signals,1.0,2 Metropolitan,2,1,Sunday,off-peak,60,Cross Road,Straight road,Level,Wet,Raining,Night,Hit Pedestrian,Traffic Signals
2017-13229-15/08/2019,1,1,Driver,Female,21.0,Driver,Not Thrown Out,NotFatal,Worn,Small,Full,Stopped on Carriageway,1.0,2 Metropolitan,2,1,Saturday,off-peak,50,Pedestrian Crossing,Straight road,Level,Dry,Not Raining,Daylight,Rear End,No Control
2017-13230-15/08/2019,1,1,Driver,Female,42.0,Driver,Not Thrown Out,NotFatal,Worn,Small,Full,Straight Ahead,1.0,2 Metropolitan,2,1,Monday,off-peak,50,T-Junction,"CURVED, VIEW OPEN",Level,Dry,Not Raining,Daylight,Right Angle,Give Way Sign
2017-13231-15/08/2019,1,1,Driver,Female,54.0,Driver,Not Thrown Out,NotFatal,Worn,Medium,Full,Stopped on Carriageway,1.0,2 Metropolitan,2,1,Saturday,peak,60,Cross Road,Straight road,Level,Dry,Not Raining,Daylight,Rear End,Traffic Signals
2017-13232-15/08/2019,3,1,Pedestrian,Male,58.0,NotApplicable,NotApplicable,NotFatal,NotWorn,Pedestrian on Footpath/Carpark,NoLicence,Walking on Footpath,1.0,1 City,4,1,Monday,off-peak,50,Divided Road,Straight road,Level,Dry,Not Raining,Daylight,Hit Fixed Object,No Control
2017-13234-15/08/2019,1,1,Driver,Female,43.0,Driver,Not Thrown Out,NotFatal,Worn,Small,Full,Straight Ahead,1.0,1 City,2,1,Monday,peak,60,Divided Road,Straight road,Level,Dry,Not Raining,Daylight,Rear End,No Control
2017-13235-15/08/2019,1,1,Rider,Male,42.0,NotApplicable,NotApplicable,NotFatal,NotWorn,MCycling,NoLicence,Swerving,1.0,2 Metropolitan,2,1,Tuesday,off-peak,60,Not Divided,Straight road,Level,Dry,Not Raining,Daylight,Hit Fixed Object,No Control
2017-13236-15/08/2019,1,1,Driver,Female,42.0,Driver,Not Thrown Out,NotFatal,Worn,Small,Full,Stopped on Carriageway,1.0,2 Metropolitan,2,1,Thursday,off-peak,50,T-Junction,Straight road,Level,Dry,Not Raining,Night,Rear End,Stop Sign
2018-4-15/08/2019,1,1,Driver,Male,44.0,Driver,Not Thrown Out,NotFatal,Worn,Small,Provisional 2,Right Turn,4.0,2 Metropolitan,2,4,Monday,off-peak,60,Cross Road,Straight road,Level,Dry,Not Raining,Night,Right Turn,Traffic Signals
2018-4-15/08/2019,1,2,Passenger,Female,37.0,Rear Seat Right Passenger,Not Thrown Out,NotFatal,NotWorn,Small,NoLicence,Right Turn,4.0,2 Metropolitan,2,4,Monday,off-peak,60,Cross Road,Straight road,Level,Dry,Not Raining,Night,Right Turn,Traffic Signals
2018-4-15/08/2019,2,1,Driver,Male,34.0,Driver,Not Thrown Out,NotFatal,Worn,Small,Full,Straight Ahead,2.0,2 Metropolitan,2,4,Monday,off-peak,60,Cross Road,Straight road,Level,Dry,Not Raining,Night,Right Turn,Traffic Signals
2018-4-15/08/2019,2,2,Passenger,Male,24.0,Front Seat Left Passenger,Not Thrown Out,NotFatal,NotWorn,Small,NoLicence,Straight Ahead,2.0,2 Metropolitan,2,4,Monday,off-peak,60,Cross Road,Straight road,Level,Dry,Not Raining,Night,Right Turn,Traffic Signals
2018-5-15/08/2019,1,1,Driver,Female,30.0,Driver,Not Thrown Out,NotFatal,Worn,Small,Full,Straight Ahead,1.0,2 Metropolitan,2,3,Monday,off-peak,60,Cross Road,Straight road,Level,Dry,Not Raining,Night,Right Turn,Traffic Signals
2018-5-15/08/2019,2,1,Passenger,Female,22.0,Rear Seat Right Passenger,Not Thrown Out,NotFatal,NotWorn,Small,NoLicence,Right Turn,3.0,2 Metropolitan,2,3,Monday,off-peak,60,Cross Road,Straight road,Level,Dry,Not Raining,Night,Right Turn,Traffic Signals
2018-5-15/08/2019,2,2,Passenger,Female,22.0,Rear Seat Left Passenger,Not Thrown Out,NotFatal,NotWorn,Small,NoLicence,Right Turn,3.0,2 Metropolitan,2,3,Monday,off-peak,60,Cross Road,Straight road,Level,Dry,Not Raining,Night,Right Turn,Traffic Signals
2018-8-15/08/2019,1,1,Driver,Female,23.0,Driver,Not Thrown Out,NotFatal,Worn,Small,Provisional 2,Swerving,1.0,2 Metropolitan,2,1,Monday,off-peak,100,Not Divided,Straight road,Level,Dry,Not Raining,Daylight,Hit Fixed Object,No Control
2018-11-15/08/2019,1,1,Driver,Male,49.0,Driver,Not Thrown Out,NotFatal,Worn,Medium,Full,Stopped on Carriageway,4.0,1 City,2,2,Monday,off-peak,50,Cross Road,Straight road,Level,Dry,Unknown,Night,Rear End,Traffic Signals
2018-11-15/08/2019,1,2,Passenger,Female,21.0,Front Seat Left Passenger,Not Thrown Out,NotFatal,NotWorn,Medium,NoLicence,Stopped on Carriageway,4.0,1 City,2,2,Monday,off-peak,50,Cross Road,Straight road,Level,Dry,Unknown,Night,Rear End,Traffic Signals
2018-14-15/08/2019,1,1,Driver,Male,42.0,Driver,Not Thrown Out,NotFatal,Worn,Medium,Full,Right Turn,1.0,2 Metropolitan,2,2,Monday,peak,60,T-Junction,Straight road,Level,Dry,Not Raining,Daylight,Right Angle,Traffic Signals
2018-14-15/08/2019,2,1,Driver,Female,43.0,Driver,Not Thrown Out,NotFatal,Worn,Small,Provisional 2,Straight Ahead,1.0,2 Metropolitan,2,2,Monday,peak,60,T-Junction,Straight road,Level,Dry,Not Raining,Daylight,Right Angle,Traffic Signals
2018-17-15/08/2019,1,1,Rider,Male,21.0,NotApplicable,NotApplicable,NotFatal,NotWorn,MCycling,NoLicence,Straight Ahead,1.0,2 Metropolitan,2,1,Monday,off-peak,80,T-Junction,"CURVED, VIEW OPEN",Slope,Dry,Not Raining,Daylight,Hit Fixed Object,No Control
2018-18-15/08/2019,1,1,Driver,Female,40.0,Driver,Not Thrown Out,NotFatal,Worn,Utility,Full,Straight Ahead,1.0,3 Country,2,1,Monday,peak,110,Not Divided,Straight road,Slope,Dry,Not Raining,Daylight,Hit Fixed Object,No Control
2018-20-15/08/2019,1,1,Driver,Male,41.0,Driver,Not Thrown Out,NotFatal,Worn,Medium,Full,Right Turn,1.0,2 Metropolitan,2,1,Monday,off-peak,60,T-Junction,Straight road,Level,Dry,Not Raining,Daylight,Right Angle,Traffic Signals
2018-23-15/08/2019,1,1,Driver,Male,19.0,Driver,Not Thrown Out,NotFatal,NotWorn,Small,Provisional 2,Straight Ahead,1.0,2 Metropolitan,2,1,Monday,off-peak,60,Divided Road,Straight road,Level,Dry,Not Raining,Night,Hit Fixed Object,No Control
2018-24-15/08/2019,1,1,Rider,Male,53.0,NotApplicable,NotApplicable,NotFatal,NotWorn,MCycling,NoLicence,Straight Ahead,1.0,2 Metropolitan,2,1,Tuesday,off-peak,60,Cross Road,Straight road,Level,Dry,Not Raining,Night,Rear End,Traffic Signals
2018-27-15/08/2019,1,1,Driver,Female,24.0,Driver,Not Thrown Out,NotFatal,Worn,Medium,Full,Straight Ahead,1.0,3 Country,1,1,Tuesday,off-peak,100,Cross Road,Straight road,Level,Dry,Not Raining,Daylight,Roll Over,Give Way Sign
2018-29-15/08/2019,1,1,Driver,Female,49.0,Driver,Not Thrown Out,NotFatal,Worn,Small,Full,Straight Ahead,1.0,3 Country,2,1,Tuesday,peak,100,Not Divided,"CURVED, VIEW OBSCURED",Level,Wet,Raining,Daylight,Hit Fixed Object,No Control
2018-31-15/08/2019,1,1,Driver,Male,45.0,Driver,Not Thrown Out,NotFatal,Worn,Medium,Full,Straight Ahead,2.0,3 Country,4,1,Tuesday,off-peak,50,Not Divided,Straight road,Level,Dry,Not Raining,Daylight,Hit Parked Vehicle,No Control
2018-32-15/08/2019,1,1,Driver,Female,66.0,Driver,Not Thrown Out,NotFatal,Worn,Small,Full,Straight Ahead,1.0,2 Metropolitan,2,1,Tuesday,off-peak,90,Divided Road,Straight road,Level,Dry,Not Raining,Daylight,Right Angle,No Control
2018-36-15/08/2019,2,1,Driver,Female,41.0,Driver,Not Thrown Out,NotFatal,Worn,Medium,Full,Straight Ahead,1.0,2 Metropolitan,3,2,Tuesday,off-peak,60,Not Divided,Straight road,Level,Dry,Not Raining,Daylight,Hit Parked Vehicle,No Control
2018-36-15/08/2019,3,1,Pedestrian,Female,48.0,NotApplicable,NotApplicable,NotFatal,NotWorn,Pedestrian on Footpath/Carpark,NoLicence,Walking on Footpath,1.0,2 Metropolitan,3,2,Tuesday,off-peak,60,Not Divided,Straight road,Level,Dry,Not Raining,Daylight,Hit Parked Vehicle,No Control
2018-37-15/08/2019,1,1,Driver,Female,51.0,Driver,Not Thrown Out,NotFatal,Worn,Small,Full,Left Turn,1.0,2 Metropolitan,2,1,Tuesday,off-peak,60,T-Junction,Straight road,Level,Dry,Not Raining,Daylight,Right Angle,Give Way Sign
2018-41-15/08/2019,2,1,Passenger,Female,57.0,Front Seat Left Passenger,Not Thrown Out,NotFatal,NotWorn,Small,NoLicence,Straight Ahead,2.0,2 Metropolitan,2,1,Tuesday,off-peak,60,Cross Road,Straight road,Level,Dry,Not Raining,Night,Right Angle,Traffic Signals
2018-44-15/08/2019,2,1,Pedestrian,Male,21.0,NotApplicable,NotApplicable,NotFatal,NotWorn,Pedestrian on Road,NoLicence,Walking on Road,1.0,2 Metropolitan,2,1,Tuesday,off-peak,50,Not Divided,Straight road,Level,Dry,Not Raining,Night,Hit Pedestrian,No Control
2018-50-15/08/2019,1,1,Driver,Male,34.0,Driver,Not Thrown Out,NotFatal,Worn,Medium,Full,Straight Ahead,1.0,2 Metropolitan,2,1,Wednesday,off-peak,50,T-Junction,Straight road,Level,Dry,Not Raining,Daylight,Right Angle,No Control
2018-53-15/08/2019,1,1,Driver,Female,53.0,Driver,Not Thrown Out,NotFatal,Worn,Small,Full,Straight Ahead,1.0,2 Metropolitan,2,1,Tuesday,off-peak,60,Cross Road,Straight road,Level,Dry,Not Raining,Daylight,Rear End,Give Way Sign
2018-54-15/08/2019,2,1,Pedestrian,Male,67.0,NotApplicable,NotApplicable,NotFatal,NotWorn,Pedestrian on Road,NoLicence,Walking on Road,1.0,3 Country,2,1,Wednesday,off-peak,50,Not Divided,Straight road,Level,Dry,Not Raining,Daylight,Hit Pedestrian,No Control
2018-57-15/08/2019,1,1,Driver,Male,17.0,Driver,Not Thrown Out,NotFatal,Worn,Medium,Provisional 1 ,Straight Ahead,2.0,3 Country,2,2,Wednesday,off-peak,100,Not Divided,Straight road,Level,Dry,Not Raining,Daylight,Hit Fixed Object,No Control
2018-57-15/08/2019,1,2,Passenger,Male,15.0,Front Seat Left Passenger,Not Thrown Out,NotFatal,NotWorn,Medium,NoLicence,Straight Ahead,2.0,3 Country,2,2,Wednesday,off-peak,100,Not Divided,Straight road,Level,Dry,Not Raining,Daylight,Hit Fixed Object,No Control
2018-60-15/08/2019,1,1,Driver,Female,26.0,Driver,Not Thrown Out,NotFatal,Worn,Small,Full,Stopped on Carriageway,1.0,2 Metropolitan,3,1,Wednesday,off-peak,60,T-Junction,Straight road,Level,Dry,Not Raining,Daylight,Rear End,Traffic Signals
2018-61-15/08/2019,1,1,Driver,Male,33.0,Driver,Not Thrown Out,NotFatal,Worn,Small,Full,Entering Private Driveway,2.0,3 Country,2,2,Wednesday,off-peak,80,Cross Road,Straight road,Level,Dry,Not Raining,Night,Rear End,No Control
2018-61-15/08/2019,1,2,Passenger,Male,58.0,Front Seat Left Passenger,Not Thrown Out,NotFatal,NotWorn,Small,NoLicence,Entering Private Driveway,2.0,3 Country,2,2,Wednesday,off-peak,80,Cross Road,Straight road,Level,Dry,Not Raining,Night,Rear End,No Control
2018-65-15/08/2019,1,1,Driver,Male,43.0,Driver,Not Thrown Out,NotFatal,Worn,Small,Unlicenced,Straight Ahead,1.0,2 Metropolitan,2,1,Wednesday,off-peak,60,T-Junction,Straight road,Slope,Dry,Not Raining,Daylight,Right Angle,Traffic Signals
2018-66-15/08/2019,2,1,Rider,Male,63.0,NotApplicable,NotApplicable,NotFatal,NotWorn,PCycling,NoLicence,Straight Ahead,1.0,2 Metropolitan,2,1,Wednesday,off-peak,60,T-Junction,Straight road,Level,Dry,Not Raining,Daylight,Right Angle,No Control
2018-67-15/08/2019,2,1,Driver,Male,47.0,Driver,Not Thrown Out,NotFatal,Worn,Medium,Full,Stopped on Carriageway,1.0,2 Metropolitan,2,1,Tuesday,off-peak,60,T-Junction,Straight road,Level,Dry,Not Raining,Daylight,Rear End,No Control