REPORT_ID,UND_UNIT_NUMBER,CASUALTY_NUMBER,cas_type,cas_gender,cas_age,cas_pos_in_veh,thrown_out,fatality,seat_belt,unit_type,lic_type,unit_movement,n_occupants,stat_area,total_units,cas_total,day,time,area_speed,acc_pos,hor_align,ver_align,moist_cond,wea_cond,dayNight,crash_type,traf_ctrls
2018-252-15/08/2019,1,1,Driver,Male,45.0,Driver,Not Thrown Out,NotFatal,Worn,Small,Full,Straight Ahead,1.0,2 Metropolitan,2,1,Wednesday,off-peak,50,T-Junction,Straight road,Level,Dry,Not Raining,Daylight,Right Angle,No Control
2018-253-15/08/2019,1,1,Rider,Male,45.0,NotApplicable,NotApplicable,NotFatal,NotWorn,MCycling,NoLicence,Right Turn,1.0,2 Metropolitan,1,1,Thursday,peak,60,Cross Road,Straight road,Slope,Dry,Not Raining,Daylight,Roll Over,Roundabout
2018-254-15/08/2019,1,1,Rider,Female,62.0,NotApplicable,NotApplicable,NotFatal,NotWorn,PCycling,NoLicence,Straight Ahead,1.0,2 Metropolitan,2,1,Thursday,peak,60,Divided Road,Straight road,Level,Dry,Not Raining,Daylight,Hit Object on Road,No Control
2018-261-15/08/2019,1,1,Driver,Male,22.0,Driver,Not Thrown Out,NotFatal,Worn,Utility,Provisional 2,Swerving,1.0,3 Country,2,1,Monday,off-peak,110,Not Divided,"CURVED, VIEW OPEN",Level,Dry,Not Raining,Daylight,Hit Animal,No Control
2018-262-15/08/2019,1,1,Driver,Male,19.0,Driver,Not Thrown Out,NotFatal,Worn,Utility,Provisional 1 ,Straight Ahead,1.0,3 Country,2,1,Thursday,off-peak,50,Not Divided,"CURVED, VIEW OPEN",Level,Dry,Not Raining,Daylight,Hit Fixed Object,No Control
2018-269-15/08/2019,1,1,Driver,Female,65.0,Driver,Not Thrown Out,NotFatal,Worn,Small,Full,Stopped on Carriageway,1.0,2 Metropolitan,3,1,Thursday,peak,60,Divided Road,Straight road,Level,Dry,Not Raining,Daylight,Rear End,No Control
2018-272-15/08/2019,1,1,Driver,Female,71.0,Driver,Not Thrown Out,NotFatal,Worn,Small,Full,Leaving Private Driveway,2.0,2 Metropolitan,3,2,Thursday,peak,60,Cross Road,Straight road,Level,Dry,Not Raining,Daylight,Hit Parked Vehicle,Roundabout
2018-272-15/08/2019,1,2,Passenger,Male,46.0,Front Seat Left Passenger,Not Thrown Out,NotFatal,NotWorn,Small,NoLicence,Leaving Private Driveway,2.0,2 Metropolitan,3,2,Thursday,peak,60,Cross Road,Straight road,Level,Dry,Not Raining,Daylight,Hit Parked Vehicle,Roundabout
2018-274-15/08/2019,2,1,Driver,Male,20.0,Driver,Not Thrown Out,NotFatal,Worn,Small,Provisional 2,Stopped on Carriageway,1.0,2 Metropolitan,3,2,Thursday,off-peak,60,Divided Road,Straight road,Level,Dry,Not Raining,Daylight,Rear End,No Control
2018-274-15/08/2019,3,1,Driver,Male,64.0,Driver,Not Thrown Out,NotFatal,Worn,Small,Full,Stopped on Carriageway,2.0,2 Metropolitan,3,2,Thursday,off-peak,60,Divided Road,Straight road,Level,Dry,Not Raining,Daylight,Rear End,No Control
2018-281-15/08/2019,1,1,Driver,Female,29.0,Driver,Not Thrown Out,NotFatal,Worn,Medium,Full,Straight Ahead,4.0,2 Metropolitan,2,3,Thursday,off-peak,60,T-Junction,Straight road,Level,Dry,Not Raining,Night,Right Angle,No Control
2018-281-15/08/2019,1,2,Passenger,Male,31.0,Front Seat Left Passenger,Not Thrown Out,NotFatal,NotWorn,Medium,NoLicence,Straight Ahead,4.0,2 Metropolitan,2,3,Thursday,off-peak,60,T-Junction,Straight road,Level,Dry,Not Raining,Night,Right Angle,No Control
2018-281-15/08/2019,1,3,Passenger,Male,33.0,Rear Seat Right Passenger,Not Thrown Out,NotFatal,NotWorn,Medium,NoLicence,Straight Ahead,4.0,2 Metropolitan,2,3,Thursday,off-peak,60,T-Junction,Straight road,Level,Dry,Not Raining,Night,Right Angle,No Control
2018-282-15/08/2019,1,1,Driver,Female,26.0,Driver,Not Thrown Out,NotFatal,Worn,Small,Full,Left Turn,1.0,2 Metropolitan,2,1,Friday,off-peak,60,Cross Road,Straight road,Level,Wet,Raining,Daylight,Hit Fixed Object,Traffic Signals
2018-284-15/08/2019,1,1,Driver,Female,37.0,Driver,Not Thrown Out,NotFatal,Worn,Small,Full,Straight Ahead,1.0,2 Metropolitan,2,1,Friday,off-peak,60,Divided Road,Straight road,Level,Wet,Raining,Daylight,Hit Fixed Object,No Control
2018-293-15/08/2019,1,1,Driver,Female,72.0,Driver,Not Thrown Out,NotFatal,Worn,Small,Full,Straight Ahead,1.0,2 Metropolitan,3,1,Friday,off-peak,60,Divided Road,Straight road,Level,Dry,Not Raining,Daylight,Hit Fixed Object,No Control
2018-294-15/08/2019,2,1,Rider,Male,53.0,NotApplicable,NotApplicable,NotFatal,NotWorn,MCycling,NoLicence,Straight Ahead,1.0,2 Metropolitan,2,1,Friday,off-peak,60,T-Junction,"CURVED, VIEW OPEN",Slope,Dry,Not Raining,Daylight,Rear End,Give Way Sign
2018-300-15/08/2019,1,1,Driver,Male,53.0,Driver,Not Thrown Out,NotFatal,Worn,Small,Full,Straight Ahead,2.0,3 Country,1,2,Friday,peak,110,Divided Road,Straight road,Level,Dry,Not Raining,Daylight,Roll Over,No Control
2018-300-15/08/2019,1,2,Passenger,Male,26.0,Front Seat Left Passenger,Not Thrown Out,NotFatal,NotWorn,Small,NoLicence,Straight Ahead,2.0,3 Country,1,2,Friday,peak,110,Divided Road,Straight road,Level,Dry,Not Raining,Daylight,Roll Over,No Control
2018-301-15/08/2019,1,1,Driver,Female,18.0,Driver,Not Thrown Out,NotFatal,Worn,Small,Provisional 1 ,Straight Ahead,1.0,2 Metropolitan,2,1,Friday,off-peak,50,Cross Road,Straight road,Level,Dry,Not Raining,Daylight,Right Angle,Roundabout
2018-302-15/08/2019,1,1,Driver,Male,19.0,Driver,Not Thrown Out,Fatal,Worn,Small,Provisional 1 ,Straight Ahead,1.0,2 Metropolitan,2,1,Friday,peak,50,Not Divided,"CURVED, VIEW OPEN",Level,Dry,Not Raining,Daylight,Hit Fixed Object,No Control
2018-310-15/08/2019,1,1,Driver,Male,37.0,Driver,Not Thrown Out,NotFatal,Worn,Small,Full,Straight Ahead,1.0,3 Country,2,1,Friday,off-peak,110,Not Divided,Straight road,Level,Dry,Not Raining,Night,Hit Fixed Object,No Control
2018-312-15/08/2019,1,1,Driver,Female,61.0,Driver,Not Thrown Out,NotFatal,Worn,Small,Full,Right Turn,1.0,2 Metropolitan,2,1,Saturday,off-peak,60,T-Junction,Straight road,Level,Wet,Raining,Daylight,Right Angle,Stop Sign
2018-315-15/08/2019,2,1,Driver,Female,30.0,Driver,Not Thrown Out,NotFatal,Worn,Small,Full,Stopped on Carriageway,2.0,2 Metropolitan,5,1,Saturday,off-peak,60,T-Junction,Straight road,Level,Wet,Raining,Daylight,Rear End,No Control
2018-316-15/08/2019,1,1,Driver,Female,28.0,Driver,Not Thrown Out,NotFatal,NotWorn,Medium,Unlicenced,Straight Ahead,1.0,3 Country,2,1,Friday,off-peak,50,Not Divided,Straight road,Level,Wet,Raining,Daylight,Hit Fixed Object,No Control
2018-319-15/08/2019,1,1,Driver,Female,23.0,Driver,Not Thrown Out,NotFatal,Worn,Small,Full,Right Turn,1.0,2 Metropolitan,3,4,Saturday,off-peak,80,T-Junction,Straight road,Level,Dry,Not Raining,Daylight,Right Turn,No Control
2018-319-15/08/2019,2,1,Driver,Male,19.0,Driver,Not Thrown Out,NotFatal,Worn,Small,Provisional 2,Straight Ahead,2.0,2 Metropolitan,3,4,Saturday,off-peak,80,T-Junction,Straight road,Level,Dry,Not Raining,Daylight,Right Turn,No Control
2018-319-15/08/2019,2,2,Passenger,Female,19.0,Front Seat Left Passenger,Not Thrown Out,NotFatal,NotWorn,Small,NoLicence,Straight Ahead,2.0,2 Metropolitan,3,4,Saturday,off-peak,80,T-Junction,Straight road,Level,Dry,Not Raining,Daylight,Right Turn,No Control
2018-319-15/08/2019,3,1,Driver,Female,40.0,Driver,Not Thrown Out,NotFatal,Worn,Medium,Full,Stopped on Carriageway,1.0,2 Metropolitan,3,4,Saturday,off-peak,80,T-Junction,Straight road,Level,Dry,Not Raining,Daylight,Right Turn,No Control
2018-323-15/08/2019,1,1,Passenger,Male,14.0,Rear Seat Left Passenger,Not Thrown Out,NotFatal,NotWorn,Utility,NoLicence,Parked,5.0,3 Country,2,6,Saturday,off-peak,100,Not Divided,Straight road,Level,Dry,Not Raining,Daylight,Hit Parked Vehicle,No Control
2018-323-15/08/2019,1,2,Passenger,Male,14.0,Rear Seat Right Passenger,Not Thrown Out,NotFatal,NotWorn,Utility,NoLicence,Parked,5.0,3 Country,2,6,Saturday,off-peak,100,Not Divided,Straight road,Level,Dry,Not Raining,Daylight,Hit Parked Vehicle,No Control
2018-323-15/08/2019,2,1,Passenger,Female,14.0,Rear Seat Left Passenger,Not Thrown Out,NotFatal,NotWorn,Medium,NoLicence,Straight Ahead,9.0,3 Country,2,6,Saturday,off-peak,100,Not Divided,Straight road,Level,Dry,Not Raining,Daylight,Hit Parked Vehicle,No Control
2018-323-15/08/2019,2,2,Passenger,Male,14.0,Rear Seat Middle Passenger,Not Thrown Out,NotFatal,NotWorn,Medium,NoLicence,Straight Ahead,9.0,3 Country,2,6,Saturday,off-peak,100,Not Divided,Straight road,Level,Dry,Not Raining,Daylight,Hit Parked Vehicle,No Control
2018-323-15/08/2019,2,3,Passenger,Male,14.0,Front Seat Left Passenger,Not Thrown Out,NotFatal,NotWorn,Medium,NoLicence,Straight Ahead,9.0,3 Country,2,6,Saturday,off-peak,100,Not Divided,Straight road,Level,Dry,Not Raining,Daylight,Hit Parked Vehicle,No Control
2018-323-15/08/2019,2,4,Passenger,Female,16.0,Front Seat Middle Passenger,Not Thrown Out,NotFatal,NotWorn,Medium,NoLicence,Straight Ahead,9.0,3 Country,2,6,Saturday,off-peak,100,Not Divided,Straight road,Level,Dry,Not Raining,Daylight,Hit Parked Vehicle,No Control
2018-324-15/08/2019,1,1,Driver,Female,41.0,Driver,Not Thrown Out,NotFatal,Worn,Small,Full,Stopped on Carriageway,1.0,2 Metropolitan,2,1,Saturday,off-peak,60,Divided Road,Straight road,Level,Dry,Not Raining,Daylight,Rear End,No Control
2018-327-15/08/2019,2,1,Passenger,Female,46.0,Passenger of Motorcycle,Thrown Out,NotFatal,NotWorn,PCycling,NoLicence,Swerving,2.0,2 Metropolitan,2,1,Saturday,off-peak,60,Divided Road,Straight road,Level,Dry,Not Raining,Daylight,Side Swipe,No Control
2018-329-15/08/2019,2,1,Pedestrian,Male,42.0,NotApplicable,NotApplicable,NotFatal,NotWorn,Pedestrian on Road,NoLicence,Crossing without Control,1.0,2 Metropolitan,2,1,Saturday,off-peak,50,Not Divided,Straight road,Level,Dry,Not Raining,Night,Hit Pedestrian,No Control
2018-333-15/08/2019,1,1,Rider,Male,21.0,NotApplicable,NotApplicable,NotFatal,NotWorn,MCycling,NoLicence,Left Turn,1.0,2 Metropolitan,2,1,Sunday,off-peak,50,Cross Road,Straight road,Level,Dry,Not Raining,Night,Right Angle,Roundabout
2018-334-15/08/2019,1,1,Driver,Male,35.0,Driver,Not Thrown Out,NotFatal,Unknown,Medium,Full,Straight Ahead,1.0,2 Metropolitan,4,1,Sunday,off-peak,50,Not Divided,Straight road,Level,Dry,Not Raining,Night,Hit Fixed Object,No Control
2018-335-15/08/2019,1,1,Driver,Male,27.0,Driver,Not Thrown Out,NotFatal,Worn,Small,Unlicenced,Straight Ahead,1.0,2 Metropolitan,1,1,Sunday,off-peak,80,Not Divided,Straight road,Level,Dry,Not Raining,Night,Roll Over,No Control
2018-337-15/08/2019,2,1,Rider,Male,42.0,NotApplicable,NotApplicable,NotFatal,NotWorn,PCycling,NoLicence,Straight Ahead,1.0,2 Metropolitan,2,1,Saturday,off-peak,60,Not Divided,Straight road,Level,Dry,Not Raining,Daylight,Rear End,No Control
2018-341-15/08/2019,1,1,Passenger,Female,41.0,Front Seat Left Passenger,Not Thrown Out,NotFatal,NotWorn,Medium,NoLicence,Swerving,4.0,3 Country,1,1,Sunday,peak,100,Not Divided,"CURVED, VIEW OPEN",Level,Dry,Not Raining,Daylight,Roll Over,No Control
2018-343-15/08/2019,2,1,Driver,Male,86.0,Driver,Not Thrown Out,NotFatal,Worn,Small,Full,Stopped on Carriageway,4.0,2 Metropolitan,3,1,Sunday,peak,60,Divided Road,Straight road,Level,Dry,Not Raining,Daylight,Rear End,No Control
2018-346-15/08/2019,1,1,Rider,Male,66.0,NotApplicable,NotApplicable,NotFatal,NotWorn,PCycling,NoLicence,Straight Ahead,1.0,2 Metropolitan,2,1,Sunday,off-peak,60,Not Divided,"CURVED, VIEW OBSCURED",Slope,Dry,Not Raining,Daylight,Hit Fixed Object,No Control
2018-348-15/08/2019,1,1,Driver,Male,45.0,Driver,Not Thrown Out,NotFatal,Worn,Medium,Full,Straight Ahead,8.0,3 Country,2,3,Sunday,off-peak,50,Cross Road,Straight road,Level,Dry,Not Raining,Daylight,Right Angle,Stop Sign
2018-348-15/08/2019,1,2,Passenger,Female,10.0,Rear Seat Right Passenger,Not Thrown Out,NotFatal,NotWorn,Medium,NoLicence,Straight Ahead,8.0,3 Country,2,3,Sunday,off-peak,50,Cross Road,Straight road,Level,Dry,Not Raining,Daylight,Right Angle,Stop Sign
2018-348-15/08/2019,1,3,Passenger,Male,4.0,Front Seat Left Passenger,Not Thrown Out,NotFatal,NotWorn,Medium,NoLicence,Straight Ahead,8.0,3 Country,2,3,Sunday,off-peak,50,Cross Road,Straight road,Level,Dry,Not Raining,Daylight,Right Angle,Stop Sign
2018-352-15/08/2019,1,1,Rider,Male,31.0,NotApplicable,NotApplicable,NotFatal,NotWorn,MCycling,NoLicence,Straight Ahead,1.0,2 Metropolitan,2,1,Sunday,off-peak,80,Not Divided,"CURVED, VIEW OPEN",Slope,Dry,Not Raining,Daylight,Hit Fixed Object,No Control
2018-357-15/08/2019,1,1,Driver,Female,22.0,Driver,Not Thrown Out,NotFatal,Worn,Small,Provisional 2,Straight Ahead,1.0,2 Metropolitan,4,1,Sunday,peak,80,Freeway,"CURVED, VIEW OPEN",Slope,Dry,Not Raining,Daylight,Hit Fixed Object,No Control
2018-358-15/08/2019,2,1,Passenger,Female,83.0,Front Seat Left Passenger,Not Thrown Out,NotFatal,NotWorn,Small,NoLicence,Straight Ahead,2.0,2 Metropolitan,2,1,Sunday,off-peak,50,Not Divided,Straight road,Level,Dry,Not Raining,Daylight,Hit Parked Vehicle,No Control
2018-359-15/08/2019,1,1,Driver,Female,21.0,Driver,Not Thrown Out,NotFatal,Worn,Small,Full,Straight Ahead,1.0,2 Metropolitan,2,3,Sunday,off-peak,60,Cross Road,Straight road,Level,Dry,Not Raining,Night,Right Turn,Traffic Signals
2018-359-15/08/2019,2,1,Driver,Female,17.0,Driver,Not Thrown Out,NotFatal,Worn,Small,Provisional 1 ,Right Turn,2.0,2 Metropolitan,2,3,Sunday,off-peak,60,Cross Road,Straight road,Level,Dry,Not Raining,Night,Right Turn,Traffic Signals
2018-359-15/08/2019,2,2,Passenger,Female,17.0,Front Seat Left Passenger,Not Thrown Out,NotFatal,NotWorn,Small,NoLicence,Right Turn,2.0,2 Metropolitan,2,3,Sunday,off-peak,60,Cross Road,Straight road,Level,Dry,Not Raining,Night,Right Turn,Traffic Signals
2018-360-15/08/2019,1,1,Driver,Male,49.0,Driver,Not Thrown Out,Fatal,Worn,Utility,Full,Straight Ahead,1.0,3 Country,2,1,Sunday,off-peak,110,Not Divided,"CURVED, VIEW OPEN",Level,Dry,Not Raining,Night,Head On,No Control
2018-362-15/08/2019,2,1,Driver,Male,34.0,Driver,Not Thrown Out,NotFatal,Worn,Medium,Full,Right Turn,1.0,2 Metropolitan,2,1,Monday,off-peak,80,T-Junction,Straight road,Level,Dry,Not Raining,Night,Right Turn,Traffic Signals
2018-364-15/08/2019,1,1,Driver,Female,68.0,Driver,Not Thrown Out,NotFatal,Worn,Small,Full,Stopped on Carriageway,1.0,2 Metropolitan,3,1,Sunday,peak,40,Divided Road,Straight road,Level,Dry,Not Raining,Daylight,Rear End,No Control
2018-375-15/08/2019,1,1,Rider,Female,43.0,NotApplicable,NotApplicable,NotFatal,NotWorn,PCycling,NoLicence,Straight Ahead,1.0,2 Metropolitan,1,1,Monday,off-peak,80,Not Divided,"CURVED, VIEW OBSCURED",Slope,Dry,Not Raining,Daylight,Roll Over,No Control
2018-377-15/08/2019,1,1,Driver,Female,39.0,Driver,Not Thrown Out,NotFatal,Worn,Utility,Full,Right Turn,1.0,2 Metropolitan,2,1,Monday,off-peak,60,T-Junction,Straight road,Level,Dry,Not Raining,Daylight,Right Angle,Traffic Signals
2018-380-15/08/2019,1,1,Driver,Female,26.0,Driver,Not Thrown Out,NotFatal,Worn,Small,Learners,Straight Ahead,2.0,2 Metropolitan,2,1,Monday,peak,50,Not Divided,Straight road,Level,Dry,Not Raining,Daylight,Rear End,No Control
2018-382-15/08/2019,2,1,Rider,Male,25.0,NotApplicable,NotApplicable,NotFatal,NotWorn,MCycling,NoLicence,Straight Ahead,1.0,3 Country,2,1,Monday,peak,50,T-Junction,Straight road,Level,Dry,Not Raining,Daylight,Right Angle,Give Way Sign
2018-386-15/08/2019,1,1,Rider,Male,52.0,NotApplicable,NotApplicable,NotFatal,NotWorn,MCycling,NoLicence,Stopped on Carriageway,1.0,2 Metropolitan,2,1,Monday,peak,60,Cross Road,Straight road,Level,Dry,Not Raining,Daylight,Rear End,Roundabout
2018-388-15/08/2019,1,1,Driver,Male,83.0,Driver,Not Thrown Out,NotFatal,Worn,Small,Full,Straight Ahead,1.0,2 Metropolitan,2,1,Monday,off-peak,60,Divided Road,Straight road,Level,Dry,Not Raining,Daylight,Hit Parked Vehicle,No Control
2018-390-15/08/2019,1,1,Driver,Male,79.0,Driver,Not Thrown Out,NotFatal,Worn,Small,Full,Straight Ahead,2.0,2 Metropolitan,2,1,Monday,off-peak,60,Divided Road,Straight road,Level,Dry,Not Raining,Daylight,Rear End,No Control
2018-391-15/08/2019,1,1,Driver,Female,28.0,Driver,Not Thrown Out,NotFatal,Worn,Small,Full,Straight Ahead,1.0,2 Metropolitan,2,1,Monday,peak,60,Divided Road,Straight road,Level,Dry,Not Raining,Daylight,Rear End,No Control
2018-392-15/08/2019,2,1,Rider,Male,39.0,NotApplicable,NotApplicable,NotFatal,NotWorn,PCycling,NoLicence,Straight Ahead,1.0,2 Metropolitan,2,1,Sunday,off-peak,60,Not Divided,"CURVED, VIEW OBSCURED",Slope,Dry,Not Raining,Daylight,Head On,No Control
2018-395-15/08/2019,1,1,Driver,Male,28.0,Driver,Not Thrown Out,NotFatal,Worn,Small,Full,Straight Ahead,1.0,2 Metropolitan,2,1,Monday,off-peak,80,Divided Road,Straight road,Level,Dry,Not Raining,Night,Hit Fixed Object,No Control
2018-399-15/08/2019,1,1,Driver,Male,53.0,Driver,Not Thrown Out,NotFatal,Worn,Utility,Full,Straight Ahead,1.0,3 Country,2,1,Monday,peak,100,Cross Road,Straight road,Level,Dry,Not Raining,Daylight,Right Angle,Give Way Sign
2018-401-15/08/2019,1,1,Rider,Male,23.0,NotApplicable,NotApplicable,NotFatal,NotWorn,PCycling,NoLicence,Leaving Private Driveway,1.0,2 Metropolitan,2,1,Monday,off-peak,50,Not Divided,"CURVED, VIEW OPEN",Slope,Dry,Not Raining,Daylight,Right Angle,No Control
2018-402-15/08/2019,1,1,Driver,Male,21.0,Driver,Not Thrown Out,NotFatal,Worn,Small,Provisional 1 ,Straight Ahead,1.0,3 Country,2,1,Tuesday,off-peak,80,Cross Road,Straight road,Level,Dry,Not Raining,Daylight,Right Angle,Stop Sign
2018-404-15/08/2019,1,1,Driver,Male,85.0,Driver,Not Thrown Out,NotFatal,Worn,Small,Full,Leaving Private Driveway,1.0,2 Metropolitan,3,1,Tuesday,off-peak,60,Divided Road,Straight road,Level,Dry,Not Raining,Daylight,Right Angle,No Control
2018-405-15/08/2019,2,1,Rider,Male,39.0,NotApplicable,NotApplicable,NotFatal,NotWorn,PCycling,NoLicence,Straight Ahead,1.0,2 Metropolitan,2,1,Tuesday,off-peak,50,Cross Road,Straight road,Level,Dry,Not Raining,Daylight,Right Angle,Roundabout
2018-406-15/08/2019,2,1,Rider,Male,52.0,NotApplicable,NotApplicable,NotFatal,NotWorn,PCycling,NoLicence,Straight Ahead,1.0,2 Metropolitan,2,1,Tuesday,peak,60,T-Junction,Straight road,Level,Dry,Not Raining,Daylight,Right Turn,Stop Sign
2018-407-15/08/2019,1,1,Driver,Male,27.0,Driver,Not Thrown Out,NotFatal,Unknown,Utility,Full,Straight Ahead,1.0,3 Country,3,1,Tuesday,peak,110,Divided Road,Straight road,Level,Dry,Not Raining,Daylight,Rear End,No Control
2018-412-15/08/2019,2,1,Rider,Male,42.0,NotApplicable,NotApplicable,NotFatal,NotWorn,PCycling,NoLicence,Straight Ahead,1.0,2 Metropolitan,3,2,Tuesday,off-peak,80,T-Junction,"CURVED, VIEW OPEN",Slope,Dry,Not Raining,Daylight,Right Angle,No Control
2018-412-15/08/2019,3,1,Rider,Male,40.0,NotApplicable,NotApplicable,NotFatal,NotWorn,PCycling,NoLicence,Straight Ahead,1.0,2 Metropolitan,3,2,Tuesday,off-peak,80,T-Junction,"CURVED, VIEW OPEN",Slope,Dry,Not Raining,Daylight,Right Angle,No Control
2018-418-15/08/2019,2,1,Driver,Female,77.0,Driver,Not Thrown Out,NotFatal,Worn,Small,Full,Straight Ahead,2.0,2 Metropolitan,2,2,Tuesday,off-peak,60,T-Junction,Straight road,Level,Dry,Not Raining,Daylight,Right Turn,Traffic Signals
2018-418-15/08/2019,2,2,Passenger,Male,39.88915925490854,Front Seat Left Passenger,Not Thrown Out,NotFatal,NotWorn,Small,NoLicence,Straight Ahead,2.0,2 Metropolitan,2,2,Tuesday,off-peak,60,T-Junction,Straight road,Level,Dry,Not Raining,Daylight,Right Turn,Traffic Signals
2018-421-15/08/2019,2,1,Rider,Male,18.0,NotApplicable,NotApplicable,NotFatal,NotWorn,PCycling,NoLicence,Straight Ahead,1.0,2 Metropolitan,2,1,Tuesday,off-peak,60,T-Junction,"CURVED, VIEW OPEN",Level,Dry,Not Raining,Daylight,Right Angle,Roundabout
2018-429-15/08/2019,1,1,Driver,Female,34.0,Driver,Not Thrown Out,NotFatal,Worn,Small,Full,Straight Ahead,1.0,2 Metropolitan,2,1,Tuesday,off-peak,60,Divided Road,Straight road,Slope,Dry,Not Raining,Daylight,Rear End,No Control
2018-431-15/08/2019,2,1,Rider,Male,23.0,NotApplicable,NotApplicable,NotFatal,NotWorn,MCycling,NoLicence,Straight Ahead,1.0,2 Metropolitan,2,1,Tuesday,peak,60,Cross Road,Straight road,Level,Dry,Not Raining,Daylight,Right Turn,Stop Sign
2018-433-15/08/2019,1,1,Driver,Female,30.0,Driver,Not Thrown Out,NotFatal,Worn,Small,Full,Straight Ahead,1.0,2 Metropolitan,2,1,Tuesday,peak,60,Pedestrian Crossing,Straight road,Level,Dry,Not Raining,Daylight,Rear End,Traffic Signals
2018-437-15/08/2019,2,1,Driver,Female,30.0,Driver,Not Thrown Out,NotFatal,Worn,Medium,Provisional 2,Right Turn,1.0,3 Country,2,1,Tuesday,off-peak,60,T-Junction,"CURVED, VIEW OPEN",Crest of Hill,Dry,Not Raining,Daylight,Right Turn,No Control
2018-440-15/08/2019,2,1,Pedestrian,Female,36.0,NotApplicable,NotApplicable,NotFatal,NotWorn,Pedestrian on Road,NoLicence,Crossing with Traffic Signals,1.0,2 Metropolitan,3,1,Tuesday,peak,60,Pedestrian Crossing,Straight road,Level,Dry,Not Raining,Daylight,Hit Pedestrian,Traffic Signals
2018-443-15/08/2019,1,1,Driver,Male,17.0,Driver,Not Thrown Out,NotFatal,Worn,Small,Provisional 1 ,Straight Ahead,1.0,2 Metropolitan,2,1,Tuesday,off-peak,80,Divided Road,Straight road,Level,Dry,Not Raining,Night,Hit Fixed Object,No Control
2018-444-15/08/2019,1,1,Driver,Male,74.0,Driver,Not Thrown Out,NotFatal,Worn,Utility,Full,Overtaking - on Right,1.0,2 Metropolitan,2,1,Thursday,peak,80,Not Divided,"CURVED, VIEW OBSCURED",Level,Dry,Not Raining,Daylight,Head On,No Control
2018-448-15/08/2019,1,1,Driver,Female,17.0,Driver,Not Thrown Out,NotFatal,Worn,Small,Provisional 1 ,Straight Ahead,1.0,2 Metropolitan,2,1,Tuesday,peak,100,Not Divided,"CURVED, VIEW OBSCURED",Level,Dry,Not Raining,Daylight,Hit Fixed Object,No Control
2018-450-15/08/2019,1,1,Driver,Female,33.0,Driver,Not Thrown Out,NotFatal,Worn,Small,Full,Straight Ahead,1.0,2 Metropolitan,3,2,Tuesday,peak,60,Divided Road,Straight road,Level,Dry,Not Raining,Daylight,Rear End,No Control
2018-450-15/08/2019,3,1,Passenger,Female,27.0,Front Seat Left Passenger,Not Thrown Out,NotFatal,NotWorn,Medium,NoLicence,Straight Ahead,2.0,2 Metropolitan,3,2,Tuesday,peak,60,Divided Road,Straight road,Level,Dry,Not Raining,Daylight,Rear End,No Control
2018-453-15/08/2019,1,1,Driver,Female,40.0,Driver,Not Thrown Out,NotFatal,Worn,Small,Full,Stopped on Carriageway,1.0,2 Metropolitan,2,1,Tuesday,off-peak,60,Cross Road,Straight road,Level,Dry,Not Raining,Daylight,Rear End,Traffic Signals
2018-455-15/08/2019,1,1,Driver,Male,56.0,Driver,Not Thrown Out,NotFatal,NotWorn,Large,Unknown,Straight Ahead,1.0,3 Country,1,1,Monday,off-peak,110,Not Divided,"CURVED, VIEW OPEN",Crest of Hill,Dry,Not Raining,Night,Roll Over,No Control
2018-462-15/08/2019,1,1,Driver,Female,52.0,Driver,Not Thrown Out,NotFatal,Worn,Small,Full,Stopped on Carriageway,1.0,2 Metropolitan,2,1,Tuesday,peak,50,T-Junction,Straight road,Level,Dry,Not Raining,Daylight,Rear End,Give Way Sign
2018-467-15/08/2019,1,1,Rider,Female,22.0,NotApplicable,NotApplicable,NotFatal,NotWorn,PCycling,NoLicence,Straight Ahead,1.0,2 Metropolitan,1,1,Wednesday,peak,50,Not Divided,Straight road,Level,Dry,Not Raining,Daylight,Roll Over,No Control
2018-470-15/08/2019,1,1,Driver,Male,23.0,Driver,Not Thrown Out,NotFatal,Worn,Small,Provisional 1 ,Straight Ahead,1.0,1 City,2,1,Wednesday,peak,50,T-Junction,Straight road,Level,Dry,Not Raining,Daylight,Hit Fixed Object,Give Way Sign
2018-472-15/08/2019,2,1,Driver,Male,86.0,Driver,Not Thrown Out,NotFatal,Worn,Small,Full,Straight Ahead,1.0,3 Country,2,1,Wednesday,peak,80,Not Divided,"CURVED, VIEW OBSCURED",Bottom of Hill,Dry,Not Raining,Daylight,Other,No Control
2018-480-15/08/2019,1,1,Rider,Male,56.0,NotApplicable,NotApplicable,NotFatal,NotWorn,PCycling,NoLicence,Straight Ahead,1.0,2 Metropolitan,2,1,Wednesday,peak,60,T-Junction,Straight road,Level,Dry,Not Raining,Daylight,Right Angle,No Control
2018-481-15/08/2019,2,1,Driver,Male,41.0,Driver,Not Thrown Out,NotFatal,Worn,Small,Full,Right Turn,1.0,2 Metropolitan,2,1,Wednesday,peak,60,Cross Road,Straight road,Level,Dry,Not Raining,Daylight,Right Turn,Traffic Signals
2018-484-15/08/2019,1,1,Passenger,Male,46.0,Front Seat Left Passenger,Not Thrown Out,NotFatal,NotWorn,Medium,NoLicence,Stopped on Carriageway,2.0,1 City,2,1,Wednesday,peak,50,Cross Road,Straight road,Level,Dry,Not Raining,Daylight,Rear End,Traffic Signals
2018-486-15/08/2019,1,1,Driver,Male,30.0,Driver,Not Thrown Out,NotFatal,Worn,Utility,Full,Straight Ahead,1.0,3 Country,2,1,Thursday,off-peak,110,Not Divided,Straight road,Level,Dry,Not Raining,Night,Roll Over,No Control