REPORT_ID,UND_UNIT_NUMBER,CASUALTY_NUMBER,cas_type,cas_gender,cas_age,cas_pos_in_veh,thrown_out,fatality,seat_belt,unit_type,lic_type,unit_movement,n_occupants,stat_area,total_units,cas_total,day,time,area_speed,acc_pos,hor_align,ver_align,moist_cond,wea_cond,dayNight,crash_type,traf_ctrls
2018-1758-15/08/2019,1,1,Driver,Female,53.0,Driver,Not Thrown Out,NotFatal,Worn,Small,Full,Stopped on Carriageway,1.0,2 Metropolitan,2,1,Wednesday,peak,50,Cross Road,Straight road,Level,Dry,Not Raining,Daylight,Rear End,Traffic Signals
2018-1761-15/08/2019,1,1,Driver,Female,32.0,Driver,Not Thrown Out,NotFatal,Worn,Medium,Full,Left Turn,1.0,2 Metropolitan,2,1,Thursday,off-peak,60,T-Junction,Straight road,Level,Dry,Not Raining,Daylight,Rear End,Traffic Signals
2018-1765-15/08/2019,1,1,Driver,Female,41.0,Driver,Not Thrown Out,NotFatal,Worn,Small,Full,Stopped on Carriageway,1.0,2 Metropolitan,2,1,Friday,off-peak,60,Cross Road,"CURVED, VIEW OPEN",Crest of Hill,Dry,Not Raining,Daylight,Rear End,Traffic Signals
2018-1766-15/08/2019,1,1,Driver,Male,46.0,Driver,Not Thrown Out,NotFatal,Worn,Small,Full,Leaving Private Driveway,1.0,2 Metropolitan,2,1,Friday,off-peak,60,Not Divided,Straight road,Level,Dry,Not Raining,Daylight,Right Angle,No Control
2018-1767-15/08/2019,1,1,Passenger,Female,63.0,Front Seat Left Passenger,Not Thrown Out,NotFatal,NotWorn,Small,NoLicence,Straight Ahead,2.0,2 Metropolitan,3,1,Friday,off-peak,70,Divided Road,Straight road,Level,Dry,Not Raining,Daylight,Side Swipe,No Control
2018-1768-15/08/2019,1,1,Driver,Female,32.0,Driver,Not Thrown Out,NotFatal,Worn,Medium,Full,Stopped on Carriageway,3.0,2 Metropolitan,2,1,Friday,peak,60,Not Divided,Straight road,Level,Dry,Not Raining,Daylight,Rear End,No Control
2018-1771-15/08/2019,1,1,Driver,Male,23.0,Driver,Not Thrown Out,NotFatal,Worn,MCycling,Full,Stopped on Carriageway,1.0,2 Metropolitan,2,1,Thursday,peak,60,Cross Road,Straight road,Level,Wet,Not Raining,Daylight,Rear End,Traffic Signals
2018-1774-15/08/2019,3,1,Passenger,Female,32.0,Front Seat Left Passenger,Not Thrown Out,NotFatal,NotWorn,Medium,NoLicence,Stopped on Carriageway,2.0,2 Metropolitan,4,1,Friday,off-peak,110,Freeway,Straight road,Level,Dry,Not Raining,Daylight,Side Swipe,No Control
2018-1775-15/08/2019,1,1,Driver,Female,54.0,Driver,Not Thrown Out,NotFatal,Worn,Small,Full,Straight Ahead,1.0,2 Metropolitan,2,1,Friday,off-peak,60,Divided Road,Straight road,Level,Dry,Not Raining,Daylight,Rear End,No Control
2018-1778-15/08/2019,2,1,Rider,Male,24.0,NotApplicable,NotApplicable,NotFatal,NotWorn,PCycling,NoLicence,Straight Ahead,1.0,2 Metropolitan,2,1,Friday,off-peak,40,Cross Road,Straight road,Level,Dry,Not Raining,Daylight,Side Swipe,Stop Sign
2018-1780-15/08/2019,2,1,Rider,Female,27.0,NotApplicable,NotApplicable,NotFatal,NotWorn,PCycling,NoLicence,Straight Ahead,1.0,2 Metropolitan,2,1,Thursday,off-peak,50,Cross Road,Straight road,Slope,Wet,Raining,Daylight,Right Angle,Roundabout
2018-1781-15/08/2019,1,1,Rider,Male,73.0,NotApplicable,NotApplicable,NotFatal,NotWorn,MCycling,NoLicence,Straight Ahead,1.0,3 Country,2,1,Tuesday,off-peak,110,Not Divided,Straight road,Level,Dry,Not Raining,Night,Hit Animal,No Control
2018-1786-15/08/2019,1,1,Driver,Male,18.0,Driver,Not Thrown Out,NotFatal,Worn,Small,Provisional 2,Straight Ahead,1.0,2 Metropolitan,2,1,Thursday,off-peak,80,Not Divided,"CURVED, VIEW OBSCURED",Slope,Wet,Not Raining,Night,Hit Fixed Object,No Control
2018-1787-15/08/2019,1,1,Driver,Male,17.0,Driver,Not Thrown Out,NotFatal,Worn,Small,Provisional 1 ,Stopped on Carriageway,1.0,3 Country,2,3,Friday,off-peak,50,T-Junction,Straight road,Slope,Dry,Not Raining,Daylight,Rear End,No Control
2018-1787-15/08/2019,2,1,Driver,Female,17.0,Driver,Not Thrown Out,NotFatal,Worn,Small,Provisional 1 ,Straight Ahead,2.0,3 Country,2,3,Friday,off-peak,50,T-Junction,Straight road,Slope,Dry,Not Raining,Daylight,Rear End,No Control
2018-1787-15/08/2019,2,2,Passenger,Male,17.0,Front Seat Left Passenger,Not Thrown Out,NotFatal,NotWorn,Small,NoLicence,Straight Ahead,2.0,3 Country,2,3,Friday,off-peak,50,T-Junction,Straight road,Slope,Dry,Not Raining,Daylight,Rear End,No Control
2018-1788-15/08/2019,1,1,Driver,Male,37.0,Driver,Not Thrown Out,NotFatal,Worn,Small,Learners,Right Turn,1.0,2 Metropolitan,2,1,Friday,off-peak,60,T-Junction,Straight road,Slope,Dry,Not Raining,Daylight,Hit Fixed Object,Traffic Signals
2018-1793-15/08/2019,2,1,Pedestrian,Male,23.0,NotApplicable,NotApplicable,NotFatal,NotWorn,Pedestrian on Road,NoLicence,Crossing with Traffic Signals,1.0,2 Metropolitan,2,1,Friday,off-peak,50,Cross Road,Straight road,Level,Dry,Not Raining,Daylight,Hit Pedestrian,Traffic Signals
2018-1794-15/08/2019,1,1,Driver,Female,16.0,Driver,Not Thrown Out,NotFatal,Worn,Small,Learners,Left Turn,3.0,2 Metropolitan,2,2,Friday,off-peak,60,T-Junction,Straight road,Level,Dry,Not Raining,Daylight,Rear End,Traffic Signals
2018-1794-15/08/2019,1,2,Passenger,Female,42.0,Front Seat Left Passenger,Not Thrown Out,NotFatal,NotWorn,Small,NoLicence,Left Turn,3.0,2 Metropolitan,2,2,Friday,off-peak,60,T-Junction,Straight road,Level,Dry,Not Raining,Daylight,Rear End,Traffic Signals
2018-1799-15/08/2019,1,1,Driver,Male,91.0,Driver,Not Thrown Out,NotFatal,Worn,Large,Full,Left Turn,1.0,3 Country,2,1,Friday,peak,110,T-Junction,Straight road,Level,Wet,Raining,Daylight,Hit Fixed Object,No Control
2018-1805-15/08/2019,2,1,Driver,Female,61.0,Driver,Not Thrown Out,NotFatal,Worn,Small,Full,Straight Ahead,1.0,3 Country,3,1,Friday,off-peak,50,Cross Road,Straight road,Level,Dry,Not Raining,Night,Right Angle,Give Way Sign
2018-1813-15/08/2019,1,1,Driver,Female,21.0,Driver,Not Thrown Out,NotFatal,Worn,Small,Provisional 2,Stopped on Carriageway,1.0,3 Country,2,1,Saturday,peak,50,Cross Road,Straight road,Level,Dry,Not Raining,Daylight,Rear End,Roundabout
2018-1815-15/08/2019,2,1,Rider,Male,58.0,NotApplicable,NotApplicable,NotFatal,NotWorn,MCycling,NoLicence,Straight Ahead,1.0,2 Metropolitan,2,1,Saturday,off-peak,60,T-Junction,Straight road,Level,Dry,Not Raining,Daylight,Rear End,Traffic Signals
2018-1818-15/08/2019,1,1,Rider,Male,70.0,NotApplicable,NotApplicable,NotFatal,NotWorn,PCycling,NoLicence,Straight Ahead,1.0,2 Metropolitan,1,1,Saturday,off-peak,60,Not Divided,"CURVED, VIEW OPEN",Crest of Hill,Dry,Not Raining,Daylight,Roll Over,No Control
2018-1819-15/08/2019,2,1,Driver,Male,56.0,Driver,Not Thrown Out,NotFatal,Worn,Utility,Full,Straight Ahead,1.0,2 Metropolitan,3,2,Saturday,off-peak,60,Divided Road,Straight road,Level,Dry,Not Raining,Daylight,Rear End,No Control
2018-1819-15/08/2019,3,1,Passenger,Female,7.0,Rear Seat Right Passenger,Not Thrown Out,NotFatal,NotWorn,Medium,NoLicence,Straight Ahead,4.0,2 Metropolitan,3,2,Saturday,off-peak,60,Divided Road,Straight road,Level,Dry,Not Raining,Daylight,Rear End,No Control
2018-1821-15/08/2019,1,1,Driver,Male,69.0,Driver,Not Thrown Out,NotFatal,Worn,Small,Full,Straight Ahead,1.0,2 Metropolitan,2,1,Saturday,off-peak,50,T-Junction,"CURVED, VIEW OPEN",Level,Dry,Not Raining,Daylight,Hit Fixed Object,No Control
2018-1824-15/08/2019,1,1,Passenger,Female,71.0,Front Seat Left Passenger,Not Thrown Out,NotFatal,NotWorn,Utility,NoLicence,Stopped on Carriageway,2.0,2 Metropolitan,2,1,Saturday,peak,50,T-Junction,Straight road,Level,Dry,Not Raining,Daylight,Rear End,No Control
2018-1830-15/08/2019,1,1,Rider,Male,17.0,NotApplicable,NotApplicable,NotFatal,NotWorn,MCycling,NoLicence,Straight Ahead,1.0,3 Country,1,1,Wednesday,peak,100,Not Divided,"CURVED, VIEW OPEN",Level,Dry,Not Raining,Daylight,Other,No Control
2018-1832-15/08/2019,2,1,Driver,Female,53.0,Driver,Not Thrown Out,NotFatal,Worn,Medium,Full,Straight Ahead,2.0,2 Metropolitan,2,1,Sunday,off-peak,60,T-Junction,Straight road,Level,Dry,Not Raining,Night,Right Turn,Traffic Signals
2018-1835-15/08/2019,1,1,Driver,Male,66.0,Driver,Not Thrown Out,NotFatal,Worn,Small,Full,Straight Ahead,1.0,3 Country,2,2,Sunday,off-peak,50,Not Divided,Straight road,Level,Dry,Not Raining,Night,Hit Pedestrian,No Control
2018-1835-15/08/2019,2,1,Pedestrian,Male,39.88915925490854,NotApplicable,NotApplicable,NotFatal,NotWorn,Pedestrian on Road,NoLicence,Walking on Road,1.0,3 Country,2,2,Sunday,off-peak,50,Not Divided,Straight road,Level,Dry,Not Raining,Night,Hit Pedestrian,No Control
2018-1836-15/08/2019,1,1,Driver,Female,39.88915925490854,Driver,Not Thrown Out,NotFatal,Worn,Medium,Unknown,Straight Ahead,2.0,3 Country,2,2,Sunday,off-peak,50,Cross Road,Straight road,Level,Dry,Not Raining,Night,Hit Fixed Object,Roundabout
2018-1836-15/08/2019,1,2,Passenger,Male,29.0,Front Seat Left Passenger,Not Thrown Out,NotFatal,NotWorn,Medium,NoLicence,Straight Ahead,2.0,3 Country,2,2,Sunday,off-peak,50,Cross Road,Straight road,Level,Dry,Not Raining,Night,Hit Fixed Object,Roundabout
2018-1840-15/08/2019,1,1,Driver,Female,49.0,Driver,Not Thrown Out,NotFatal,Worn,Small,Full,Straight Ahead,1.0,2 Metropolitan,2,1,Saturday,off-peak,50,Cross Road,Straight road,Level,Dry,Not Raining,Daylight,Right Angle,Give Way Sign
2018-1841-15/08/2019,2,1,Driver,Female,90.0,Driver,Not Thrown Out,NotFatal,Worn,Small,Full,Right Turn,2.0,3 Country,2,2,Saturday,off-peak,100,Cross Road,Straight road,Crest of Hill,Dry,Not Raining,Daylight,Right Turn,Give Way Sign
2018-1841-15/08/2019,2,2,Passenger,Male,82.0,Front Seat Left Passenger,Not Thrown Out,NotFatal,NotWorn,Small,NoLicence,Right Turn,2.0,3 Country,2,2,Saturday,off-peak,100,Cross Road,Straight road,Crest of Hill,Dry,Not Raining,Daylight,Right Turn,Give Way Sign
2018-1846-15/08/2019,1,1,Driver,Female,58.0,Driver,Not Thrown Out,NotFatal,Worn,Small,Full,Straight Ahead,3.0,2 Metropolitan,2,4,Sunday,off-peak,80,Not Divided,Straight road,Crest of Hill,Dry,Not Raining,Daylight,Head On,No Control
2018-1846-15/08/2019,1,2,Passenger,Female,63.0,Front Seat Left Passenger,Not Thrown Out,NotFatal,NotWorn,Small,NoLicence,Straight Ahead,3.0,2 Metropolitan,2,4,Sunday,off-peak,80,Not Divided,Straight road,Crest of Hill,Dry,Not Raining,Daylight,Head On,No Control
2018-1846-15/08/2019,1,3,Passenger,Male,38.0,Rear Seat Left Passenger,Not Thrown Out,NotFatal,NotWorn,Small,NoLicence,Straight Ahead,3.0,2 Metropolitan,2,4,Sunday,off-peak,80,Not Divided,Straight road,Crest of Hill,Dry,Not Raining,Daylight,Head On,No Control
2018-1846-15/08/2019,2,1,Driver,Female,26.0,Driver,Not Thrown Out,NotFatal,Worn,Medium,Full,Straight Ahead,1.0,2 Metropolitan,2,4,Sunday,off-peak,80,Not Divided,Straight road,Crest of Hill,Dry,Not Raining,Daylight,Head On,No Control
2018-1848-15/08/2019,2,1,Passenger,Female,28.0,Rear Seat Middle Passenger,Not Thrown Out,NotFatal,NotWorn,Small,NoLicence,Stopped on Carriageway,4.0,2 Metropolitan,2,1,Sunday,off-peak,60,Cross Road,Straight road,Level,Dry,Not Raining,Daylight,Rear End,Traffic Signals
2018-1849-15/08/2019,1,1,Driver,Male,24.0,Driver,Not Thrown Out,NotFatal,Worn,Medium,Provisional 2,Swerving,2.0,2 Metropolitan,2,2,Sunday,off-peak,60,T-Junction,Straight road,Level,Dry,Not Raining,Daylight,Hit Fixed Object,No Control
2018-1849-15/08/2019,1,2,Passenger,Female,50.0,Front Seat Left Passenger,Not Thrown Out,NotFatal,NotWorn,Medium,NoLicence,Swerving,2.0,2 Metropolitan,2,2,Sunday,off-peak,60,T-Junction,Straight road,Level,Dry,Not Raining,Daylight,Hit Fixed Object,No Control
2018-1851-15/08/2019,1,1,Passenger,Female,24.0,Front Seat Left Passenger,Not Thrown Out,NotFatal,NotWorn,Small,NoLicence,Straight Ahead,2.0,2 Metropolitan,2,1,Saturday,peak,50,T-Junction,Straight road,Level,Dry,Not Raining,Daylight,Hit Fixed Object,No Control
2018-1854-15/08/2019,2,1,Driver,Male,63.0,Driver,Not Thrown Out,NotFatal,Worn,Medium,Full,Straight Ahead,1.0,2 Metropolitan,2,1,Sunday,off-peak,80,Cross Road,"CURVED, VIEW OPEN",Slope,Dry,Not Raining,Daylight,Right Turn,Stop Sign
2018-1856-15/08/2019,1,1,Rider,Male,19.0,NotApplicable,NotApplicable,NotFatal,NotWorn,MCycling,NoLicence,Straight Ahead,1.0,2 Metropolitan,2,1,Sunday,off-peak,80,Not Divided,"CURVED, VIEW OPEN",Level,Dry,Not Raining,Daylight,Hit Fixed Object,No Control
2018-1859-15/08/2019,2,1,Driver,Female,39.88915925490854,Driver,Not Thrown Out,NotFatal,Worn,Small,Full,Right Turn,1.0,2 Metropolitan,2,1,Sunday,peak,60,Cross Road,Straight road,Level,Dry,Not Raining,Daylight,Right Angle,Stop Sign
2018-1860-15/08/2019,3,1,Passenger,Female,2.0,Rear Seat Middle Passenger,Not Thrown Out,NotFatal,NotWorn,Small,NoLicence,Swerving,1.0,3 Country,3,1,Sunday,peak,80,Not Divided,"CURVED, VIEW OPEN",Slope,Dry,Not Raining,Daylight,Hit Fixed Object,No Control
2018-1861-15/08/2019,1,1,Driver,Female,26.0,Driver,Not Thrown Out,NotFatal,Worn,Small,Learners,Straight Ahead,1.0,2 Metropolitan,2,1,Sunday,peak,60,Divided Road,Straight road,Level,Dry,Not Raining,Daylight,Hit Fixed Object,No Control
2018-1862-15/08/2019,2,1,Driver,Female,49.0,Driver,Not Thrown Out,NotFatal,Worn,Small,Full,Right Turn,2.0,2 Metropolitan,2,2,Sunday,off-peak,60,T-Junction,"CURVED, VIEW OPEN",Level,Dry,Not Raining,Daylight,Right Angle,Traffic Signals
2018-1862-15/08/2019,2,2,Passenger,Female,14.0,Front Seat Left Passenger,Not Thrown Out,NotFatal,NotWorn,Small,NoLicence,Right Turn,2.0,2 Metropolitan,2,2,Sunday,off-peak,60,T-Junction,"CURVED, VIEW OPEN",Level,Dry,Not Raining,Daylight,Right Angle,Traffic Signals
2018-1867-15/08/2019,2,1,Rider,Male,47.0,NotApplicable,NotApplicable,NotFatal,NotWorn,PCycling,NoLicence,Straight Ahead,1.0,2 Metropolitan,2,1,Monday,off-peak,50,T-Junction,Straight road,Level,Dry,Not Raining,Daylight,Right Turn,Give Way Sign
2018-1869-15/08/2019,1,1,Driver,Male,24.0,Driver,Not Thrown Out,NotFatal,Worn,Small,Provisional 1 ,Straight Ahead,1.0,3 Country,1,1,Monday,off-peak,110,Not Divided,"CURVED, VIEW OPEN",Level,Dry,Not Raining,Night,Roll Over,No Control
2018-1874-15/08/2019,1,1,Driver,Female,22.0,Driver,Not Thrown Out,NotFatal,Worn,Small,Provisional 2,Straight Ahead,1.0,2 Metropolitan,2,1,Sunday,off-peak,60,Not Divided,Straight road,Level,Dry,Not Raining,Night,Hit Fixed Object,No Control
2018-1877-15/08/2019,1,1,Driver,Female,26.0,Driver,Not Thrown Out,NotFatal,Worn,Utility,Full,Straight Ahead,1.0,3 Country,2,1,Sunday,off-peak,100,Not Divided,Straight road,Level,Dry,Not Raining,Daylight,Hit Fixed Object,No Control
2018-1878-15/08/2019,2,1,Pedestrian,Male,38.0,NotApplicable,NotApplicable,NotFatal,NotWorn,Pedestrian on Road,NoLicence,Pushing or Working on Vehicle,1.0,3 Country,3,1,Monday,off-peak,100,Not Divided,Straight road,Slope,Dry,Not Raining,Daylight,Hit Pedestrian,No Control
2018-1883-15/08/2019,1,1,Driver,Female,26.0,Driver,Not Thrown Out,NotFatal,Worn,Small,Full,Stopped on Carriageway,1.0,2 Metropolitan,2,1,Monday,peak,70,Cross Road,Straight road,Slope,Dry,Not Raining,Daylight,Rear End,Traffic Signals
2018-1884-15/08/2019,1,1,Driver,Male,51.0,Driver,Not Thrown Out,NotFatal,Worn,Small,Full,Straight Ahead,1.0,2 Metropolitan,2,1,Sunday,peak,90,Divided Road,Straight road,Level,Dry,Not Raining,Daylight,Side Swipe,No Control
2018-1885-15/08/2019,2,1,Driver,Male,63.0,Driver,Not Thrown Out,NotFatal,Worn,Small,Full,Right Turn,1.0,2 Metropolitan,2,1,Monday,off-peak,60,Cross Road,Straight road,Slope,Dry,Not Raining,Night,Right Turn,Traffic Signals
2018-1887-15/08/2019,2,1,Rider,Female,50.0,NotApplicable,NotApplicable,NotFatal,NotWorn,PCycling,NoLicence,Straight Ahead,1.0,2 Metropolitan,2,1,Monday,off-peak,60,T-Junction,Straight road,Slope,Dry,Not Raining,Daylight,Right Angle,No Control
2018-1889-15/08/2019,1,1,Driver,Male,64.0,Driver,Not Thrown Out,NotFatal,Worn,Small,Unlicenced,Straight Ahead,1.0,3 Country,2,1,Monday,off-peak,110,Not Divided,"CURVED, VIEW OPEN",Level,Dry,Not Raining,Daylight,Hit Fixed Object,No Control
2018-1891-15/08/2019,1,1,Rider,Female,39.88915925490854,NotApplicable,NotApplicable,NotFatal,NotWorn,PCycling,NoLicence,Straight Ahead,1.0,2 Metropolitan,2,1,Monday,off-peak,60,T-Junction,Straight road,Level,Dry,Not Raining,Daylight,Right Turn,Stop Sign
2018-1895-15/08/2019,1,1,Driver,Female,32.0,Driver,Not Thrown Out,NotFatal,Worn,Small,Full,U Turn,2.0,3 Country,2,1,Monday,off-peak,100,Not Divided,"CURVED, VIEW OPEN",Slope,Dry,Not Raining,Daylight,Rear End,No Control
2018-1896-15/08/2019,1,1,Driver,Female,33.0,Driver,Not Thrown Out,NotFatal,Worn,Small,Full,Straight Ahead,2.0,2 Metropolitan,2,2,Monday,peak,100,Not Divided,Straight road,Level,Dry,Not Raining,Daylight,Hit Fixed Object,No Control
2018-1896-15/08/2019,1,2,Passenger,Male,7.0,Rear Seat Right Passenger,Not Thrown Out,NotFatal,NotWorn,Small,NoLicence,Straight Ahead,2.0,2 Metropolitan,2,2,Monday,peak,100,Not Divided,Straight road,Level,Dry,Not Raining,Daylight,Hit Fixed Object,No Control
2018-1901-15/08/2019,1,1,Rider,Male,22.0,NotApplicable,NotApplicable,NotFatal,NotWorn,PCycling,NoLicence,Straight Ahead,1.0,1 City,2,1,Monday,off-peak,50,Divided Road,Straight road,Level,Dry,Not Raining,Daylight,Right Angle,No Control
2018-1902-15/08/2019,2,1,Driver,Male,25.0,Driver,Not Thrown Out,NotFatal,Worn,Small,Full,Stopped on Carriageway,1.0,2 Metropolitan,3,1,Monday,off-peak,80,T-Junction,Straight road,Level,Dry,Not Raining,Daylight,Rear End,Traffic Signals
2018-1909-15/08/2019,1,1,Driver,Female,31.0,Driver,Not Thrown Out,NotFatal,Worn,Utility,Provisional 2,Straight Ahead,3.0,2 Metropolitan,2,1,Monday,off-peak,60,Not Divided,Straight road,Level,Dry,Not Raining,Night,Head On,No Control
2018-1911-15/08/2019,2,1,Driver,Female,60.0,Driver,Not Thrown Out,NotFatal,Worn,Medium,Full,Right Turn,1.0,2 Metropolitan,2,1,Monday,off-peak,90,T-Junction,"CURVED, VIEW OBSCURED",Level,Dry,Not Raining,Night,Rear End,Traffic Signals
2018-1912-15/08/2019,3,1,Pedestrian,Female,28.0,NotApplicable,NotApplicable,NotFatal,NotWorn,Pedestrian on Road,NoLicence,Walking on Road,1.0,1 City,4,2,Monday,off-peak,25,T-Junction,Straight road,Level,Dry,Not Raining,Night,Hit Object on Road,Traffic Signals
2018-1912-15/08/2019,4,1,Pedestrian,Female,34.0,NotApplicable,NotApplicable,NotFatal,NotWorn,Pedestrian on Road,NoLicence,Walking on Road,1.0,1 City,4,2,Monday,off-peak,25,T-Junction,Straight road,Level,Dry,Not Raining,Night,Hit Object on Road,Traffic Signals
2018-1917-15/08/2019,1,1,Driver,Male,33.0,Driver,Not Thrown Out,NotFatal,Worn,Medium,Full,Straight Ahead,1.0,2 Metropolitan,2,1,Tuesday,off-peak,90,Divided Road,Straight road,Crest of Hill,Dry,Not Raining,Daylight,Rear End,No Control
2018-1918-15/08/2019,2,1,Passenger,Male,4.0,Rear Seat Right Passenger,Not Thrown Out,NotFatal,NotWorn,Medium,NoLicence,Straight Ahead,2.0,2 Metropolitan,2,1,Tuesday,peak,60,Divided Road,Straight road,Level,Dry,Not Raining,Daylight,Rear End,No Control
2018-1920-15/08/2019,2,1,Rider,Male,32.0,NotApplicable,NotApplicable,NotFatal,NotWorn,PCycling,NoLicence,Right Turn,1.0,2 Metropolitan,2,1,Tuesday,off-peak,60,T-Junction,Straight road,Bottom of Hill,Dry,Not Raining,Daylight,Right Angle,No Control
2018-1921-15/08/2019,2,1,Passenger,Female,1.0,Rear Seat Left Passenger,Not Thrown Out,NotFatal,NotWorn,Small,NoLicence,Straight Ahead,2.0,3 Country,2,1,Tuesday,peak,100,T-Junction,Straight road,Level,Dry,Not Raining,Daylight,Right Angle,No Control
2018-1922-15/08/2019,1,1,Driver,Female,44.0,Driver,Not Thrown Out,NotFatal,Worn,Small,Full,Stopped on Carriageway,1.0,2 Metropolitan,2,1,Monday,off-peak,60,Not Divided,Straight road,Level,Dry,Not Raining,Daylight,Rear End,No Control
2018-1923-15/08/2019,2,1,Rider,Male,39.88915925490854,NotApplicable,NotApplicable,NotFatal,NotWorn,PCycling,NoLicence,Straight Ahead,1.0,2 Metropolitan,2,1,Tuesday,peak,50,Not Divided,Straight road,Level,Dry,Not Raining,Daylight,Hit Parked Vehicle,No Control
2018-1924-15/08/2019,1,1,Driver,Male,51.0,Driver,Not Thrown Out,NotFatal,Worn,Small,Full,Stopped on Carriageway,1.0,2 Metropolitan,2,1,Tuesday,off-peak,80,Cross Road,Straight road,Level,Dry,Not Raining,Daylight,Rear End,Traffic Signals
2018-1927-15/08/2019,1,1,Driver,Male,76.0,Driver,Not Thrown Out,NotFatal,Worn,Medium,Full,U Turn,2.0,2 Metropolitan,2,1,Tuesday,peak,50,Not Divided,Straight road,Level,Dry,Not Raining,Daylight,Right Turn,No Control
2018-1928-15/08/2019,1,1,Driver,Male,53.0,Driver,Not Thrown Out,NotFatal,Worn,Medium,Full,Straight Ahead,1.0,3 Country,1,1,Tuesday,peak,80,Not Divided,"CURVED, VIEW OPEN",Level,Dry,Not Raining,Daylight,Roll Over,No Control
2018-1929-15/08/2019,1,1,Driver,Female,27.0,Driver,Not Thrown Out,NotFatal,Worn,Small,Full,Right Turn,1.0,2 Metropolitan,2,2,Tuesday,off-peak,80,T-Junction,Straight road,Level,Dry,Not Raining,Daylight,Right Angle,Stop Sign
2018-1929-15/08/2019,2,1,Passenger,Female,23.0,Front Seat Left Passenger,Not Thrown Out,NotFatal,NotWorn,Small,NoLicence,Straight Ahead,2.0,2 Metropolitan,2,2,Tuesday,off-peak,80,T-Junction,Straight road,Level,Dry,Not Raining,Daylight,Right Angle,Stop Sign
2018-1931-15/08/2019,1,1,Driver,Female,41.0,Driver,Not Thrown Out,NotFatal,Worn,Small,Full,Straight Ahead,2.0,2 Metropolitan,2,2,Tuesday,off-peak,80,Divided Road,Straight road,Level,Dry,Not Raining,Daylight,Rear End,No Control
2018-1931-15/08/2019,1,2,Passenger,Female,17.0,Front Seat Left Passenger,Not Thrown Out,NotFatal,NotWorn,Small,NoLicence,Straight Ahead,2.0,2 Metropolitan,2,2,Tuesday,off-peak,80,Divided Road,Straight road,Level,Dry,Not Raining,Daylight,Rear End,No Control
2018-1935-15/08/2019,1,1,Driver,Female,22.0,Driver,Not Thrown Out,NotFatal,Worn,Small,Full,Stopped on Carriageway,1.0,2 Metropolitan,2,1,Tuesday,off-peak,70,Other,Straight road,Level,Dry,Not Raining,Daylight,Rear End,Other
2018-1936-15/08/2019,1,1,Driver,Female,32.0,Driver,Not Thrown Out,NotFatal,Worn,Medium,Full,Stopped on Carriageway,1.0,2 Metropolitan,2,1,Tuesday,off-peak,60,Divided Road,Straight road,Bottom of Hill,Dry,Not Raining,Daylight,Rear End,No Control
2018-1947-15/08/2019,1,1,Driver,Male,41.0,Driver,Not Thrown Out,NotFatal,Worn,Medium,Full,Straight Ahead,1.0,1 City,6,2,Tuesday,peak,60,Cross Road,Straight road,Level,Dry,Not Raining,Daylight,Right Angle,Traffic Signals
2018-1947-15/08/2019,2,1,Driver,Male,54.0,Driver,Not Thrown Out,NotFatal,Worn,Small,Full,Right Turn,1.0,1 City,6,2,Tuesday,peak,60,Cross Road,Straight road,Level,Dry,Not Raining,Daylight,Right Angle,Traffic Signals
2018-1950-15/08/2019,3,1,Driver,Female,57.0,Driver,Not Thrown Out,NotFatal,Worn,Small,Full,Stopped on Carriageway,1.0,2 Metropolitan,3,1,Tuesday,peak,60,Not Divided,Straight road,Level,Dry,Not Raining,Daylight,Rear End,No Control
2018-1953-15/08/2019,2,1,Driver,Female,19.0,Driver,Not Thrown Out,NotFatal,Worn,Small,Provisional 2,Straight Ahead,1.0,2 Metropolitan,2,1,Tuesday,off-peak,80,Divided Road,Straight road,Level,Dry,Not Raining,Night,Rear End,No Control
2018-1954-15/08/2019,1,1,Driver,Female,29.0,Driver,Not Thrown Out,NotFatal,Worn,Small,Full,Swerving,2.0,2 Metropolitan,2,2,Wednesday,off-peak,60,Not Divided,Straight road,Level,Dry,Not Raining,Night,Hit Fixed Object,No Control
2018-1954-15/08/2019,1,2,Passenger,Female,35.0,Front Seat Left Passenger,Not Thrown Out,NotFatal,NotWorn,Small,NoLicence,Swerving,2.0,2 Metropolitan,2,2,Wednesday,off-peak,60,Not Divided,Straight road,Level,Dry,Not Raining,Night,Hit Fixed Object,No Control
2018-1956-15/08/2019,1,1,Driver,Male,19.0,Driver,Not Thrown Out,NotFatal,Worn,Small,Provisional 2,Straight Ahead,1.0,2 Metropolitan,3,2,Tuesday,peak,60,Divided Road,Straight road,Level,Dry,Not Raining,Daylight,Rear End,No Control
2018-1956-15/08/2019,2,1,Driver,Female,49.0,Driver,Not Thrown Out,NotFatal,Worn,Medium,Full,Straight Ahead,1.0,2 Metropolitan,3,2,Tuesday,peak,60,Divided Road,Straight road,Level,Dry,Not Raining,Daylight,Rear End,No Control
2018-1963-15/08/2019,2,1,Driver,Female,43.0,Driver,Not Thrown Out,NotFatal,Unknown,Medium,Full,Parked,1.0,3 Country,3,1,Wednesday,off-peak,50,Not Divided,Straight road,Slope,Dry,Not Raining,Daylight,Hit Parked Vehicle,No Control
2018-1964-15/08/2019,3,1,Driver,Female,47.0,Driver,Not Thrown Out,NotFatal,Worn,Small,Full,Stopped on Carriageway,1.0,2 Metropolitan,3,1,Tuesday,off-peak,60,Cross Road,Straight road,Level,Dry,Not Raining,Daylight,Right Angle,Traffic Signals