REPORT_ID,UND_UNIT_NUMBER,CASUALTY_NUMBER,cas_type,cas_gender,cas_age,cas_pos_in_veh,thrown_out,fatality,seat_belt,unit_type,lic_type,unit_movement,n_occupants,stat_area,total_units,cas_total,day,time,area_speed,acc_pos,hor_align,ver_align,moist_cond,wea_cond,dayNight,crash_type,traf_ctrls
2018-4547-15/08/2019,1,1,Driver,Female,27.0,Driver,Not Thrown Out,NotFatal,Worn,Medium,Provisional 2,Swerving,2.0,2 Metropolitan,2,2,Sunday,off-peak,50,Not Divided,Straight road,Level,Dry,Not Raining,Night,Hit Fixed Object,No Control
2018-4547-15/08/2019,1,2,Passenger,Male,27.0,Front Seat Left Passenger,Not Thrown Out,NotFatal,NotWorn,Medium,NoLicence,Swerving,2.0,2 Metropolitan,2,2,Sunday,off-peak,50,Not Divided,Straight road,Level,Dry,Not Raining,Night,Hit Fixed Object,No Control
2018-4549-15/08/2019,1,1,Driver,Female,22.0,Driver,Not Thrown Out,NotFatal,Worn,Small,Provisional 1 ,Straight Ahead,1.0,2 Metropolitan,2,1,Sunday,off-peak,60,Not Divided,Straight road,Crest of Hill,Dry,Not Raining,Night,Hit Fixed Object,No Control
2018-4552-15/08/2019,1,1,Driver,Male,23.0,Driver,Not Thrown Out,NotFatal,Worn,Medium,Full,Straight Ahead,1.0,3 Country,1,1,Sunday,off-peak,100,Not Divided,Straight road,Level,Dry,Not Raining,Daylight,Roll Over,No Control
2018-4558-15/08/2019,1,1,Rider,Male,68.0,NotApplicable,NotApplicable,NotFatal,NotWorn,MCycling,NoLicence,Straight Ahead,1.0,2 Metropolitan,2,1,Sunday,off-peak,60,T-Junction,Straight road,Level,Dry,Not Raining,Daylight,Right Angle,Stop Sign
2018-4559-15/08/2019,1,1,Driver,Male,31.0,Driver,Not Thrown Out,NotFatal,Worn,Utility,Full,Swerving,1.0,3 Country,2,1,Saturday,off-peak,100,T-Junction,Straight road,Level,Dry,Not Raining,Daylight,Hit Fixed Object,No Control
2018-4570-15/08/2019,1,1,Driver,Female,20.0,Driver,Not Thrown Out,NotFatal,Worn,Medium,Unknown,Straight Ahead,1.0,2 Metropolitan,3,1,Sunday,off-peak,60,Divided Road,Straight road,Level,Dry,Not Raining,Night,Right Angle,No Control
2018-4575-15/08/2019,1,1,Passenger,Female,45.0,Front Seat Left Passenger,Not Thrown Out,NotFatal,NotWorn,Small,NoLicence,Right Turn,2.0,2 Metropolitan,2,1,Monday,peak,60,Cross Road,Straight road,Level,Dry,Not Raining,Daylight,Side Swipe,Traffic Signals
2018-4579-15/08/2019,2,1,Rider,Female,62.0,NotApplicable,NotApplicable,NotFatal,NotWorn,PCycling,NoLicence,Straight Ahead,1.0,2 Metropolitan,2,1,Monday,peak,60,T-Junction,Straight road,Level,Dry,Not Raining,Daylight,Right Angle,No Control
2018-4581-15/08/2019,2,1,Driver,Female,18.0,Driver,Not Thrown Out,NotFatal,Worn,Small,Provisional 2,Straight Ahead,2.0,2 Metropolitan,2,2,Monday,off-peak,50,Not Divided,Straight road,Level,Dry,Not Raining,Daylight,Rear End,No Control
2018-4581-15/08/2019,2,2,Passenger,Female,39.88915925490854,Front Seat Left Passenger,Not Thrown Out,NotFatal,NotWorn,Small,NoLicence,Straight Ahead,2.0,2 Metropolitan,2,2,Monday,off-peak,50,Not Divided,Straight road,Level,Dry,Not Raining,Daylight,Rear End,No Control
2018-4583-15/08/2019,1,1,Rider,Male,52.0,NotApplicable,NotApplicable,NotFatal,NotWorn,MCycling,NoLicence,Straight Ahead,2.0,3 Country,1,2,Monday,off-peak,100,Not Divided,Straight road,Level,Dry,Not Raining,Daylight,Roll Over,No Control
2018-4583-15/08/2019,1,2,Passenger,Female,59.0,Other,Thrown Out,NotFatal,NotWorn,MCycling,NoLicence,Straight Ahead,2.0,3 Country,1,2,Monday,off-peak,100,Not Divided,Straight road,Level,Dry,Not Raining,Daylight,Roll Over,No Control
2018-4585-15/08/2019,1,1,Driver,Male,55.0,Driver,Not Thrown Out,NotFatal,Worn,Small,Full,Straight Ahead,1.0,2 Metropolitan,2,1,Monday,off-peak,60,Cross Road,Straight road,Level,Dry,Not Raining,Daylight,Rear End,Traffic Signals
2018-4586-15/08/2019,2,1,Driver,Male,23.0,Driver,Not Thrown Out,NotFatal,Worn,Small,Full,Straight Ahead,2.0,2 Metropolitan,2,2,Monday,off-peak,80,T-Junction,Straight road,Level,Dry,Not Raining,Daylight,Rear End,Traffic Signals
2018-4586-15/08/2019,2,2,Passenger,Female,19.0,Front Seat Left Passenger,Not Thrown Out,NotFatal,NotWorn,Small,NoLicence,Straight Ahead,2.0,2 Metropolitan,2,2,Monday,off-peak,80,T-Junction,Straight road,Level,Dry,Not Raining,Daylight,Rear End,Traffic Signals
2018-4587-15/08/2019,1,1,Driver,Male,25.0,Driver,Not Thrown Out,NotFatal,Worn,Utility,Full,Stopped on Carriageway,2.0,2 Metropolitan,2,1,Monday,off-peak,60,Cross Road,Straight road,Level,Wet,Raining,Daylight,Rear End,Traffic Signals
2018-4589-15/08/2019,1,1,Driver,Female,34.0,Driver,Not Thrown Out,NotFatal,Unknown,Small,Full,Straight Ahead,1.0,2 Metropolitan,2,1,Friday,off-peak,60,T-Junction,Straight road,Level,Dry,Not Raining,Night,Right Turn,Traffic Signals
2018-4590-15/08/2019,2,1,Driver,Female,78.0,Driver,Not Thrown Out,NotFatal,Worn,Small,Full,Straight Ahead,1.0,2 Metropolitan,3,1,Monday,off-peak,80,Not Divided,Straight road,Level,Dry,Not Raining,Daylight,Rear End,No Control
2018-4591-15/08/2019,1,1,Driver,Female,60.0,Driver,Not Thrown Out,NotFatal,Unknown,Small,Full,Straight Ahead,1.0,3 Country,2,2,Friday,off-peak,100,Not Divided,Straight road,Level,Dry,Not Raining,Daylight,Head On,No Control
2018-4591-15/08/2019,2,1,Driver,Female,52.0,Driver,Not Thrown Out,NotFatal,Worn,Medium,Full,Straight Ahead,1.0,3 Country,2,2,Friday,off-peak,100,Not Divided,Straight road,Level,Dry,Not Raining,Daylight,Head On,No Control
2018-4595-15/08/2019,1,1,Driver,Male,50.0,Driver,Not Thrown Out,NotFatal,Worn,Medium,Full,Right Turn,1.0,2 Metropolitan,3,4,Monday,peak,60,T-Junction,Straight road,Level,Wet,Raining,Daylight,Right Turn,Traffic Signals
2018-4595-15/08/2019,2,1,Driver,Male,35.0,Driver,Not Thrown Out,NotFatal,Worn,Small,Unlicenced,Straight Ahead,3.0,2 Metropolitan,3,4,Monday,peak,60,T-Junction,Straight road,Level,Wet,Raining,Daylight,Right Turn,Traffic Signals
2018-4595-15/08/2019,2,2,Passenger,Female,41.0,Front Seat Left Passenger,Not Thrown Out,NotFatal,NotWorn,Small,NoLicence,Straight Ahead,3.0,2 Metropolitan,3,4,Monday,peak,60,T-Junction,Straight road,Level,Wet,Raining,Daylight,Right Turn,Traffic Signals
2018-4595-15/08/2019,2,3,Passenger,Female,11.0,Rear Seat Left Passenger,Not Thrown Out,NotFatal,NotWorn,Small,NoLicence,Straight Ahead,3.0,2 Metropolitan,3,4,Monday,peak,60,T-Junction,Straight road,Level,Wet,Raining,Daylight,Right Turn,Traffic Signals
2018-4596-15/08/2019,1,1,Driver,Female,85.0,Driver,Not Thrown Out,NotFatal,Worn,Small,Full,Straight Ahead,1.0,3 Country,2,1,Monday,peak,80,T-Junction,"CURVED, VIEW OPEN",Level,Wet,Raining,Daylight,Hit Fixed Object,Give Way Sign
2018-4598-15/08/2019,1,1,Passenger,Male,9.0,Rear Seat Left Passenger,Not Thrown Out,NotFatal,NotWorn,Medium,NoLicence,Straight Ahead,3.0,1 City,2,1,Monday,off-peak,50,Not Divided,"CURVED, VIEW OPEN",Level,Dry,Not Raining,Daylight,Side Swipe,No Control
2018-4600-15/08/2019,2,1,Pedestrian,Male,8.0,NotApplicable,NotApplicable,Fatal,NotWorn,Pedestrian on Road,NoLicence,Crossing without Control,1.0,3 Country,2,1,Monday,off-peak,60,Divided Road,Straight road,Level,Dry,Not Raining,Night,Hit Pedestrian,No Control
2018-4601-15/08/2019,2,1,Rider,Male,15.0,NotApplicable,NotApplicable,NotFatal,NotWorn,PCycling,NoLicence,Straight Ahead,1.0,2 Metropolitan,2,1,Monday,off-peak,50,Not Divided,Straight road,Level,Dry,Not Raining,Night,Side Swipe,No Control
2018-4603-15/08/2019,2,1,Rider,Male,29.0,NotApplicable,NotApplicable,NotFatal,NotWorn,MCycling,NoLicence,Straight Ahead,1.0,3 Country,2,1,Monday,peak,50,T-Junction,Straight road,Level,Wet,Raining,Daylight,Right Turn,Give Way Sign
2018-4613-15/08/2019,1,1,Driver,Female,55.0,Driver,Not Thrown Out,NotFatal,Worn,Small,Full,Stopped on Carriageway,1.0,2 Metropolitan,2,1,Tuesday,off-peak,60,T-Junction,Straight road,Level,Dry,Not Raining,Daylight,Rear End,No Control
2018-4615-15/08/2019,1,1,Driver,Male,87.0,Driver,Not Thrown Out,NotFatal,Worn,Small,Full,Straight Ahead,1.0,3 Country,2,2,Tuesday,off-peak,100,Not Divided,Straight road,Level,Wet,Not Raining,Night,Head On,No Control
2018-4615-15/08/2019,2,1,Driver,Male,71.0,Driver,Not Thrown Out,NotFatal,Worn,Medium,Full,Straight Ahead,1.0,3 Country,2,2,Tuesday,off-peak,100,Not Divided,Straight road,Level,Wet,Not Raining,Night,Head On,No Control
2018-4618-15/08/2019,1,1,Driver,Male,49.0,Driver,Not Thrown Out,NotFatal,Worn,Small,Full,Stopped on Carriageway,1.0,2 Metropolitan,2,1,Tuesday,peak,60,Divided Road,Straight road,Level,Dry,Not Raining,Daylight,Rear End,No Control
2018-4619-15/08/2019,2,1,Driver,Female,63.0,Driver,Not Thrown Out,NotFatal,Worn,Medium,Full,Straight Ahead,1.0,2 Metropolitan,2,1,Tuesday,off-peak,70,Cross Road,Straight road,Level,Dry,Not Raining,Daylight,Rear End,Traffic Signals
2018-4621-15/08/2019,1,1,Driver,Female,26.0,Driver,Not Thrown Out,NotFatal,Worn,Small,Full,Straight Ahead,1.0,2 Metropolitan,3,1,Tuesday,off-peak,40,Not Divided,Straight road,Level,Dry,Not Raining,Daylight,Hit Fixed Object,No Control
2018-4623-15/08/2019,1,1,Driver,Female,21.0,Driver,Not Thrown Out,NotFatal,Worn,Medium,Full,Stopped on Carriageway,1.0,2 Metropolitan,2,1,Tuesday,off-peak,60,Cross Road,Straight road,Level,Dry,Not Raining,Daylight,Rear End,Traffic Signals
2018-4626-15/08/2019,2,1,Pedestrian,Female,14.0,NotApplicable,NotApplicable,NotFatal,NotWorn,Pedestrian on Road,NoLicence,Crossing without Control,1.0,2 Metropolitan,2,1,Tuesday,off-peak,60,T-Junction,Straight road,Slope,Dry,Not Raining,Daylight,Hit Pedestrian,No Control
2018-4627-15/08/2019,2,1,Pedestrian,Female,81.0,NotApplicable,NotApplicable,NotFatal,NotWorn,Pedestrian on Road,NoLicence,Crossing without Control,1.0,2 Metropolitan,2,1,Tuesday,off-peak,60,Not Divided,Straight road,Level,Dry,Not Raining,Daylight,Hit Pedestrian,No Control
2018-4628-15/08/2019,2,1,Rider,Male,40.0,NotApplicable,NotApplicable,NotFatal,NotWorn,PCycling,NoLicence,Straight Ahead,1.0,2 Metropolitan,2,1,Tuesday,peak,60,T-Junction,Straight road,Level,Dry,Not Raining,Daylight,Right Angle,No Control
2018-4630-15/08/2019,1,1,Driver,Male,39.88915925490854,Driver,Not Thrown Out,NotFatal,Worn,Utility,Full,Straight Ahead,1.0,2 Metropolitan,2,1,Monday,peak,60,Cross Road,Straight road,Level,Wet,Raining,Night,Rear End,Traffic Signals
2018-4633-15/08/2019,1,1,Driver,Female,60.0,Driver,Not Thrown Out,NotFatal,Worn,Medium,Full,Right Turn,1.0,2 Metropolitan,2,1,Tuesday,peak,60,T-Junction,Straight road,Level,Dry,Not Raining,Daylight,Right Angle,No Control
2018-4636-15/08/2019,2,1,Driver,Female,71.0,Driver,Not Thrown Out,NotFatal,Worn,Small,Full,Straight Ahead,1.0,2 Metropolitan,2,1,Tuesday,peak,70,Cross Road,Straight road,Level,Dry,Not Raining,Daylight,Rear End,Traffic Signals
2018-4637-15/08/2019,1,1,Driver,Male,23.0,Driver,Not Thrown Out,NotFatal,Worn,Utility,Unlicenced,Straight Ahead,2.0,2 Metropolitan,2,2,Tuesday,off-peak,60,Cross Road,Straight road,Level,Dry,Not Raining,Night,Right Angle,Roundabout
2018-4637-15/08/2019,1,2,Passenger,Male,17.0,Front Seat Left Passenger,Not Thrown Out,NotFatal,NotWorn,Utility,NoLicence,Straight Ahead,2.0,2 Metropolitan,2,2,Tuesday,off-peak,60,Cross Road,Straight road,Level,Dry,Not Raining,Night,Right Angle,Roundabout
2018-4647-15/08/2019,1,1,Driver,Female,51.0,Driver,Not Thrown Out,NotFatal,Worn,Small,Full,Stopped on Carriageway,1.0,2 Metropolitan,2,1,Wednesday,peak,40,Cross Road,Straight road,Level,Dry,Not Raining,Daylight,Rear End,Stop Sign
2018-4649-15/08/2019,2,1,Rider,Male,17.0,NotApplicable,NotApplicable,NotFatal,NotWorn,MCycling,NoLicence,Straight Ahead,1.0,2 Metropolitan,2,1,Wednesday,peak,50,Cross Road,Straight road,Level,Dry,Not Raining,Daylight,Right Angle,Stop Sign
2018-4651-15/08/2019,1,1,Driver,Male,18.0,Driver,Not Thrown Out,NotFatal,Worn,Utility,Provisional 2,Straight Ahead,1.0,2 Metropolitan,2,2,Wednesday,off-peak,50,Not Divided,"CURVED, VIEW OPEN",Slope,Dry,Not Raining,Daylight,Head On,No Control
2018-4651-15/08/2019,2,1,Driver,Male,61.0,Driver,Not Thrown Out,NotFatal,Worn,Utility,Full,Straight Ahead,1.0,2 Metropolitan,2,2,Wednesday,off-peak,50,Not Divided,"CURVED, VIEW OPEN",Slope,Dry,Not Raining,Daylight,Head On,No Control
2018-4652-15/08/2019,1,1,Pedestrian,Male,31.0,NotApplicable,NotApplicable,NotFatal,NotWorn,Pedestrian on Footpath/Carpark,NoLicence,Walking on Footpath,1.0,3 Country,2,1,Tuesday,off-peak,50,Not Divided,"CURVED, VIEW OPEN",Level,Dry,Not Raining,Night,Hit Pedestrian,No Control
2018-4655-15/08/2019,2,1,Driver,Male,39.88915925490854,Driver,Not Thrown Out,NotFatal,Worn,Small,Full,Straight Ahead,1.0,3 Country,2,1,Wednesday,off-peak,60,Divided Road,Straight road,Level,Dry,Not Raining,Daylight,Rear End,No Control
2018-4657-15/08/2019,1,1,Rider,Male,76.0,NotApplicable,NotApplicable,NotFatal,NotWorn,PCycling,NoLicence,Straight Ahead,1.0,3 Country,2,1,Wednesday,off-peak,50,Not Divided,Straight road,Level,Dry,Not Raining,Daylight,Hit Animal,No Control
2018-4658-15/08/2019,2,1,Driver,Female,43.0,Driver,Not Thrown Out,NotFatal,Worn,Utility,Full,Straight Ahead,1.0,3 Country,2,1,Wednesday,off-peak,50,Cross Road,Straight road,Level,Dry,Not Raining,Daylight,Right Turn,Give Way Sign
2018-4663-15/08/2019,2,1,Passenger,Female,42.0,Front Seat Left Passenger,Not Thrown Out,NotFatal,NotWorn,Small,NoLicence,Straight Ahead,3.0,2 Metropolitan,2,2,Wednesday,peak,80,Divided Road,Straight road,Level,Dry,Not Raining,Daylight,Side Swipe,No Control
2018-4663-15/08/2019,2,2,Passenger,Female,11.0,Rear Seat Right Passenger,Not Thrown Out,NotFatal,NotWorn,Small,NoLicence,Straight Ahead,3.0,2 Metropolitan,2,2,Wednesday,peak,80,Divided Road,Straight road,Level,Dry,Not Raining,Daylight,Side Swipe,No Control
2018-4665-15/08/2019,1,1,Driver,Male,54.0,Driver,Not Thrown Out,NotFatal,Worn,Medium,Full,Stopped on Carriageway,1.0,2 Metropolitan,2,1,Wednesday,peak,60,Divided Road,Straight road,Level,Dry,Not Raining,Daylight,Rear End,No Control
2018-4667-15/08/2019,2,1,Driver,Female,61.0,Driver,Not Thrown Out,NotFatal,Worn,Medium,Full,Stopped on Carriageway,1.0,1 City,3,1,Wednesday,peak,50,Cross Road,Straight road,Level,Dry,Not Raining,Night,Rear End,Traffic Signals
2018-4669-15/08/2019,1,1,Rider,Male,70.0,NotApplicable,NotApplicable,NotFatal,NotWorn,MCycling,NoLicence,Straight Ahead,1.0,3 Country,1,1,Wednesday,off-peak,110,Not Divided,Straight road,Level,Dry,Not Raining,Daylight,Roll Over,No Control
2018-4676-15/08/2019,1,1,Driver,Female,48.0,Driver,Not Thrown Out,NotFatal,Worn,Medium,Full,Straight Ahead,1.0,2 Metropolitan,2,1,Wednesday,off-peak,60,Divided Road,Straight road,Level,Dry,Not Raining,Night,Rear End,No Control
2018-4683-15/08/2019,2,1,Pedestrian,Male,52.0,NotApplicable,NotApplicable,NotFatal,NotWorn,Pedestrian on Road,NoLicence,Crossing without Control,1.0,1 City,2,1,Thursday,peak,50,T-Junction,Straight road,Level,Wet,Raining,Daylight,Hit Pedestrian,No Control
2018-4688-15/08/2019,1,1,Driver,Male,39.88915925490854,Driver,Not Thrown Out,NotFatal,Worn,Utility,Full,Straight Ahead,1.0,2 Metropolitan,2,1,Thursday,off-peak,80,Not Divided,"CURVED, VIEW OPEN",Level,Wet,Raining,Daylight,Hit Fixed Object,No Control
2018-4692-15/08/2019,1,1,Rider,Female,41.0,NotApplicable,NotApplicable,NotFatal,NotWorn,PCycling,NoLicence,Straight Ahead,1.0,2 Metropolitan,2,1,Tuesday,off-peak,60,T-Junction,Straight road,Level,Dry,Not Raining,Daylight,Right Angle,Stop Sign
2018-4698-15/08/2019,1,1,Rider,Female,25.0,NotApplicable,NotApplicable,NotFatal,NotWorn,PCycling,NoLicence,Swerving,1.0,1 City,1,1,Thursday,off-peak,50,Divided Road,Straight road,Slope,Wet,Not Raining,Daylight,Roll Over,No Control
2018-4703-15/08/2019,2,1,Driver,Female,36.0,Driver,Not Thrown Out,NotFatal,Worn,Small,Full,Straight Ahead,1.0,2 Metropolitan,2,1,Thursday,off-peak,60,T-Junction,Straight road,Level,Wet,Raining,Daylight,Right Angle,Give Way Sign
2018-4704-15/08/2019,3,1,Driver,Female,45.0,Driver,Not Thrown Out,NotFatal,Worn,Medium,Full,Stopped on Carriageway,1.0,2 Metropolitan,3,1,Thursday,off-peak,80,Cross Road,Straight road,Level,Wet,Raining,Daylight,Rear End,Traffic Signals
2018-4707-15/08/2019,1,1,Driver,Female,54.0,Driver,Not Thrown Out,NotFatal,Worn,Medium,Full,Stopped on Carriageway,1.0,2 Metropolitan,3,1,Thursday,peak,60,Divided Road,Straight road,Level,Wet,Raining,Daylight,Rear End,No Control
2018-4711-15/08/2019,1,1,Driver,Female,58.0,Driver,Not Thrown Out,NotFatal,Worn,Small,Full,Stopped on Carriageway,1.0,2 Metropolitan,2,1,Tuesday,peak,80,Cross Road,Straight road,Level,Dry,Not Raining,Daylight,Rear End,Traffic Signals
2018-4717-15/08/2019,1,1,Driver,Female,69.0,Driver,Not Thrown Out,NotFatal,Worn,Small,Full,Stopped on Carriageway,1.0,1 City,2,1,Wednesday,peak,50,Cross Road,"CURVED, VIEW OPEN",Level,Dry,Not Raining,Daylight,Rear End,Traffic Signals
2018-4719-15/08/2019,1,1,Rider,Male,48.0,NotApplicable,NotApplicable,NotFatal,NotWorn,MCycling,NoLicence,Straight Ahead,1.0,2 Metropolitan,2,1,Thursday,peak,60,T-Junction,Straight road,Level,Wet,Raining,Daylight,Right Turn,Traffic Signals
2018-4724-15/08/2019,1,1,Driver,Male,51.0,Driver,Not Thrown Out,NotFatal,Worn,Medium,Full,Straight Ahead,3.0,2 Metropolitan,4,2,Thursday,peak,60,Divided Road,Straight road,Level,Wet,Raining,Night,Side Swipe,No Control
2018-4724-15/08/2019,4,1,Driver,Male,55.0,Driver,Not Thrown Out,NotFatal,Worn,Small,Full,Straight Ahead,1.0,2 Metropolitan,4,2,Thursday,peak,60,Divided Road,Straight road,Level,Wet,Raining,Night,Side Swipe,No Control
2018-4725-15/08/2019,2,1,Rider,Male,30.0,NotApplicable,NotApplicable,NotFatal,NotWorn,PCycling,NoLicence,Straight Ahead,1.0,2 Metropolitan,2,1,Thursday,off-peak,60,Divided Road,Straight road,Level,Wet,Unknown,Night,Hit Parked Vehicle,No Control
2018-4727-15/08/2019,1,1,Passenger,Female,8.0,Rear Seat Right Passenger,Not Thrown Out,NotFatal,NotWorn,Small,NoLicence,Stopped on Carriageway,2.0,1 City,2,1,Wednesday,off-peak,50,Cross Road,Straight road,Level,Wet,Raining,Night,Rear End,Traffic Signals
2018-4729-15/08/2019,1,1,Driver,Female,64.0,Driver,Not Thrown Out,NotFatal,Worn,Small,Full,Straight Ahead,1.0,2 Metropolitan,2,1,Thursday,off-peak,50,Not Divided,Straight road,Slope,Wet,Raining,Night,Hit Parked Vehicle,No Control
2018-4730-15/08/2019,1,1,Driver,Male,23.0,Driver,Not Thrown Out,NotFatal,Worn,Small,Full,Straight Ahead,1.0,2 Metropolitan,1,1,Thursday,off-peak,80,Not Divided,"CURVED, VIEW OBSCURED",Slope,Wet,Unknown,Night,Roll Over,No Control
2018-4731-15/08/2019,1,1,Driver,Male,26.0,Driver,Not Thrown Out,NotFatal,Worn,Small,Full,Straight Ahead,1.0,2 Metropolitan,3,1,Friday,off-peak,70,Not Divided,"CURVED, VIEW OPEN",Level,Wet,Raining,Night,Hit Fixed Object,No Control
2018-4733-15/08/2019,2,1,Driver,Male,29.0,Driver,Not Thrown Out,NotFatal,Worn,Small,Full,Straight Ahead,1.0,2 Metropolitan,2,1,Friday,peak,50,T-Junction,Straight road,Slope,Wet,Not Raining,Daylight,Right Turn,Give Way Sign
2018-4735-15/08/2019,2,1,Driver,Male,18.0,Driver,Not Thrown Out,NotFatal,Worn,Small,Provisional 2,Right Turn,1.0,2 Metropolitan,2,1,Friday,off-peak,70,T-Junction,Straight road,Level,Wet,Raining,Daylight,Right Angle,No Control
2018-4737-15/08/2019,2,1,Driver,Female,71.0,Driver,Not Thrown Out,NotFatal,Worn,Small,Full,Straight Ahead,2.0,2 Metropolitan,2,1,Friday,off-peak,70,T-Junction,Straight road,Level,Wet,Raining,Daylight,Right Angle,No Control
2018-4738-15/08/2019,2,1,Pedestrian,Female,16.0,NotApplicable,NotApplicable,NotFatal,NotWorn,Pedestrian on Road,NoLicence,Crossing without Control,1.0,2 Metropolitan,2,1,Thursday,off-peak,60,Divided Road,Straight road,Level,Wet,Raining,Daylight,Hit Pedestrian,No Control
2018-4739-15/08/2019,2,1,Driver,Female,31.0,Driver,Not Thrown Out,NotFatal,Worn,Small,Full,Straight Ahead,1.0,2 Metropolitan,2,1,Friday,off-peak,60,T-Junction,Straight road,Level,Wet,Raining,Daylight,Right Turn,Give Way Sign
2018-4742-15/08/2019,1,1,Driver,Male,28.0,Driver,Not Thrown Out,NotFatal,Worn,Small,Full,Straight Ahead,1.0,2 Metropolitan,2,1,Friday,off-peak,60,Divided Road,Straight road,Level,Dry,Not Raining,Daylight,Rear End,No Control
2018-4743-15/08/2019,2,1,Passenger,Female,33.0,Front Seat Left Passenger,Not Thrown Out,NotFatal,NotWorn,Small,NoLicence,U Turn,2.0,3 Country,2,1,Thursday,off-peak,50,Not Divided,Straight road,Level,Dry,Not Raining,Daylight,Side Swipe,No Control
2018-4745-15/08/2019,2,1,Pedestrian,Female,29.0,NotApplicable,NotApplicable,NotFatal,NotWorn,Pedestrian on Road,NoLicence,Crossing without Control,1.0,2 Metropolitan,2,1,Friday,off-peak,80,Divided Road,Straight road,Level,Dry,Not Raining,Daylight,Hit Pedestrian,No Control
2018-4748-15/08/2019,1,1,Driver,Female,43.0,Driver,Not Thrown Out,NotFatal,Worn,Medium,Full,Stopped on Carriageway,1.0,1 City,2,1,Thursday,peak,50,Cross Road,Straight road,Level,Wet,Raining,Daylight,Rear End,Traffic Signals
2018-4749-15/08/2019,1,1,Driver,Male,30.0,Driver,Not Thrown Out,NotFatal,Worn,Medium,Full,Overtaking - on Left,1.0,2 Metropolitan,2,1,Friday,off-peak,80,Not Divided,"CURVED, VIEW OBSCURED",Slope,Wet,Not Raining,Daylight,Hit Fixed Object,No Control
2018-4751-15/08/2019,1,1,Driver,Female,68.0,Driver,Not Thrown Out,NotFatal,Worn,Small,Full,Straight Ahead,2.0,2 Metropolitan,2,1,Friday,off-peak,60,Divided Road,Straight road,Level,Dry,Not Raining,Daylight,Rear End,No Control
2018-4752-15/08/2019,1,1,Passenger,Female,67.0,Front Seat Left Passenger,Not Thrown Out,NotFatal,NotWorn,Small,NoLicence,Straight Ahead,2.0,2 Metropolitan,2,2,Friday,off-peak,80,Cross Road,Straight road,Level,Wet,Raining,Daylight,Right Angle,Traffic Signals
2018-4752-15/08/2019,2,1,Driver,Male,29.0,Driver,Not Thrown Out,NotFatal,Worn,Small,Full,Straight Ahead,1.0,2 Metropolitan,2,2,Friday,off-peak,80,Cross Road,Straight road,Level,Wet,Raining,Daylight,Right Angle,Traffic Signals
2018-4756-15/08/2019,2,1,Driver,Female,31.0,Driver,Not Thrown Out,NotFatal,Worn,Medium,Full,Right Turn,3.0,3 Country,2,1,Friday,off-peak,60,T-Junction,Straight road,Level,Dry,Not Raining,Daylight,Right Angle,No Control
2018-4763-15/08/2019,1,1,Driver,Female,49.0,Driver,Not Thrown Out,NotFatal,Worn,Small,Full,Stopped on Carriageway,1.0,2 Metropolitan,2,1,Thursday,off-peak,60,Cross Road,Straight road,Level,Wet,Not Raining,Night,Rear End,Stop Sign
2018-4765-15/08/2019,1,1,Driver,Male,21.0,Driver,Not Thrown Out,NotFatal,Worn,Small,Full,Straight Ahead,4.0,2 Metropolitan,2,2,Friday,off-peak,60,Divided Road,Straight road,Level,Dry,Not Raining,Daylight,Right Turn,No Control
2018-4765-15/08/2019,1,2,Passenger,Male,17.0,Front Seat Left Passenger,Not Thrown Out,NotFatal,NotWorn,Small,NoLicence,Straight Ahead,4.0,2 Metropolitan,2,2,Friday,off-peak,60,Divided Road,Straight road,Level,Dry,Not Raining,Daylight,Right Turn,No Control
2018-4766-15/08/2019,1,1,Driver,Male,48.0,Driver,Not Thrown Out,NotFatal,Worn,Medium,Full,Stopped on Carriageway,1.0,2 Metropolitan,3,1,Friday,peak,60,T-Junction,Straight road,Level,Wet,Not Raining,Daylight,Rear End,Stop Sign
2018-4767-15/08/2019,1,1,Driver,Female,18.0,Driver,Not Thrown Out,NotFatal,Worn,Small,Provisional 2,Leaving Private Driveway,1.0,2 Metropolitan,2,2,Friday,peak,60,Not Divided,Straight road,Level,Dry,Not Raining,Daylight,Right Angle,No Control
2018-4767-15/08/2019,2,1,Driver,Male,43.0,Driver,Not Thrown Out,NotFatal,Worn,Small,Full,Straight Ahead,1.0,2 Metropolitan,2,2,Friday,peak,60,Not Divided,Straight road,Level,Dry,Not Raining,Daylight,Right Angle,No Control
2018-4768-15/08/2019,1,1,Rider,Male,22.0,NotApplicable,NotApplicable,NotFatal,NotWorn,MCycling,NoLicence,Straight Ahead,1.0,2 Metropolitan,1,1,Friday,off-peak,50,T-Junction,"CURVED, VIEW OPEN",Level,Dry,Not Raining,Night,Left Road - Out of Control,No Control
2018-4770-15/08/2019,2,1,Driver,Female,44.0,Driver,Not Thrown Out,NotFatal,Worn,Small,Full,Straight Ahead,1.0,2 Metropolitan,2,1,Friday,off-peak,40,Cross Road,Straight road,Level,Dry,Not Raining,Night,Right Angle,Stop Sign
2018-4771-15/08/2019,1,1,Driver,Male,25.0,Driver,Not Thrown Out,NotFatal,Worn,Small,Provisional 1 ,Left Turn,1.0,2 Metropolitan,2,1,Friday,off-peak,60,T-Junction,Straight road,Level,Dry,Not Raining,Daylight,Rear End,No Control