REPORT_ID,UND_UNIT_NUMBER,CASUALTY_NUMBER,cas_type,cas_gender,cas_age,cas_pos_in_veh,thrown_out,fatality,seat_belt,unit_type,lic_type,unit_movement,n_occupants,stat_area,total_units,cas_total,day,time,area_speed,acc_pos,hor_align,ver_align,moist_cond,wea_cond,dayNight,crash_type,traf_ctrls
2018-6474-15/08/2019,1,1,Driver,Male,29.0,Driver,Not Thrown Out,NotFatal,Worn,Small,Full,Straight Ahead,1.0,2 Metropolitan,2,1,Tuesday,off-peak,60,Cross Road,Straight road,Level,Dry,Not Raining,Night,Rear End,Traffic Signals
2018-6475-15/08/2019,2,1,Rider,Female,32.0,NotApplicable,NotApplicable,NotFatal,NotWorn,PCycling,NoLicence,Straight Ahead,1.0,2 Metropolitan,2,1,Tuesday,off-peak,60,T-Junction,Straight road,Level,Dry,Not Raining,Daylight,Right Angle,No Control
2018-6477-15/08/2019,1,1,Driver,Male,79.0,Driver,Not Thrown Out,NotFatal,Worn,Small,Full,Leaving Private Driveway,1.0,2 Metropolitan,2,1,Tuesday,off-peak,60,Not Divided,Straight road,Level,Dry,Not Raining,Daylight,Hit Fixed Object,No Control
2018-6479-15/08/2019,1,1,Driver,Female,44.0,Driver,Not Thrown Out,NotFatal,Worn,Small,Full,Stopped on Carriageway,1.0,2 Metropolitan,2,1,Tuesday,off-peak,60,Divided Road,Straight road,Crest of Hill,Dry,Not Raining,Daylight,Rear End,No Control
2018-6480-15/08/2019,1,1,Driver,Female,49.0,Driver,Not Thrown Out,NotFatal,Worn,Small,Full,Right Turn,1.0,2 Metropolitan,2,1,Tuesday,off-peak,60,T-Junction,Straight road,Level,Dry,Not Raining,Daylight,Right Angle,Give Way Sign
2018-6486-15/08/2019,1,1,Driver,Female,20.0,Driver,Not Thrown Out,NotFatal,Worn,Small,Full,Stopped on Carriageway,1.0,2 Metropolitan,2,1,Monday,off-peak,60,Divided Road,Straight road,Level,Dry,Not Raining,Daylight,Rear End,No Control
2018-6487-15/08/2019,2,1,Driver,Male,54.0,Driver,Not Thrown Out,NotFatal,Worn,Medium,Unlicenced,Straight Ahead,1.0,2 Metropolitan,2,1,Tuesday,off-peak,100,Other,Straight road,Slope,Dry,Not Raining,Daylight,Right Angle,Stop Sign
2018-6490-15/08/2019,1,1,Driver,Male,51.0,Driver,Not Thrown Out,NotFatal,Worn,Large,Full,Straight Ahead,1.0,2 Metropolitan,2,2,Tuesday,off-peak,60,Cross Road,Straight road,Level,Dry,Not Raining,Daylight,Right Angle,Traffic Signals
2018-6490-15/08/2019,2,1,Driver,Female,52.0,Driver,Not Thrown Out,NotFatal,Worn,Medium,Full,Straight Ahead,1.0,2 Metropolitan,2,2,Tuesday,off-peak,60,Cross Road,Straight road,Level,Dry,Not Raining,Daylight,Right Angle,Traffic Signals
2018-6491-15/08/2019,1,1,Driver,Female,36.0,Driver,Not Thrown Out,NotFatal,Worn,Large,Full,Straight Ahead,1.0,3 Country,3,1,Tuesday,off-peak,50,Not Divided,Straight road,Level,Dry,Not Raining,Daylight,Hit Fixed Object,No Control
2018-6493-15/08/2019,1,1,Driver,Female,47.0,Driver,Not Thrown Out,NotFatal,Worn,Small,Full,Stopped on Carriageway,1.0,2 Metropolitan,2,1,Monday,peak,60,T-Junction,Straight road,Level,Dry,Not Raining,Night,Rear End,Stop Sign
2018-6494-15/08/2019,2,1,Passenger,Female,27.0,Front Seat Left Passenger,Not Thrown Out,NotFatal,NotWorn,Small,NoLicence,Straight Ahead,3.0,2 Metropolitan,2,1,Tuesday,off-peak,80,Divided Road,Straight road,Level,Dry,Not Raining,Night,Rear End,No Control
2018-6495-15/08/2019,1,1,Driver,Male,25.0,Driver,Not Thrown Out,NotFatal,Worn,Small,Full,Straight Ahead,1.0,2 Metropolitan,2,1,Tuesday,peak,60,T-Junction,Straight road,Level,Dry,Not Raining,Night,Right Angle,No Control
2018-6496-15/08/2019,1,1,Passenger,Female,67.0,Front Seat Left Passenger,Not Thrown Out,NotFatal,NotWorn,Medium,NoLicence,Straight Ahead,3.0,2 Metropolitan,2,1,Tuesday,off-peak,60,Not Divided,Straight road,Level,Dry,Not Raining,Daylight,Rear End,No Control
2018-6497-15/08/2019,2,1,Rider,Male,20.0,NotApplicable,NotApplicable,NotFatal,NotWorn,MCycling,NoLicence,Straight Ahead,1.0,2 Metropolitan,2,1,Tuesday,peak,50,T-Junction,Straight road,Slope,Dry,Not Raining,Night,Right Turn,No Control
2018-6498-15/08/2019,2,1,Rider,Female,36.0,NotApplicable,NotApplicable,NotFatal,NotWorn,PCycling,NoLicence,Straight Ahead,1.0,2 Metropolitan,2,1,Tuesday,peak,60,Divided Road,Straight road,Level,Dry,Not Raining,Night,Side Swipe,No Control
2018-6499-15/08/2019,1,1,Rider,Male,19.0,NotApplicable,NotApplicable,NotFatal,NotWorn,MCycling,NoLicence,Swerving,1.0,2 Metropolitan,2,1,Tuesday,peak,60,Cross Road,"CURVED, VIEW OPEN",Slope,Dry,Not Raining,Daylight,Right Angle,Roundabout
2018-6508-15/08/2019,1,1,Driver,Female,25.0,Driver,Not Thrown Out,NotFatal,Worn,Small,Provisional 1 ,Straight Ahead,1.0,2 Metropolitan,2,1,Tuesday,off-peak,100,Freeway,"CURVED, VIEW OPEN",Slope,Dry,Not Raining,Night,Rear End,No Control
2018-6509-15/08/2019,1,1,Driver,Male,61.0,Driver,Not Thrown Out,NotFatal,Worn,Medium,Full,U Turn,2.0,3 Country,2,1,Tuesday,off-peak,60,Cross Road,Straight road,Level,Dry,Not Raining,Night,Right Angle,Give Way Sign
2018-6510-15/08/2019,2,1,Driver,Male,39.0,Driver,Not Thrown Out,NotFatal,Worn,Large,Full,Straight Ahead,1.0,2 Metropolitan,3,1,Wednesday,off-peak,110,Freeway,Straight road,Level,Dry,Not Raining,Night,Rear End,No Control
2018-6511-15/08/2019,1,1,Driver,Female,31.0,Driver,Not Thrown Out,NotFatal,Worn,Small,Full,Straight Ahead,1.0,2 Metropolitan,3,1,Tuesday,off-peak,50,Not Divided,Straight road,Slope,Dry,Not Raining,Daylight,Hit Parked Vehicle,No Control
2018-6516-15/08/2019,1,1,Driver,Male,39.0,Driver,Not Thrown Out,NotFatal,Worn,Small,Full,Stopped on Carriageway,1.0,2 Metropolitan,3,1,Tuesday,off-peak,60,Cross Road,Straight road,Level,Dry,Not Raining,Night,Rear End,Traffic Signals
2018-6517-15/08/2019,1,1,Driver,Female,41.0,Driver,Not Thrown Out,NotFatal,Unknown,Small,Full,Straight Ahead,2.0,2 Metropolitan,3,1,Wednesday,peak,60,Not Divided,"CURVED, VIEW OPEN",Slope,Dry,Not Raining,Daylight,Rear End,No Control
2018-6518-15/08/2019,2,1,Rider,Male,22.0,NotApplicable,NotApplicable,NotFatal,NotWorn,MCycling,NoLicence,Straight Ahead,1.0,2 Metropolitan,2,1,Wednesday,off-peak,60,Divided Road,Straight road,Level,Dry,Not Raining,Daylight,Rear End,No Control
2018-6519-15/08/2019,1,1,Driver,Female,28.0,Driver,Not Thrown Out,NotFatal,Worn,Small,Full,Straight Ahead,1.0,2 Metropolitan,2,4,Wednesday,peak,60,Cross Road,Straight road,Level,Dry,Not Raining,Daylight,Right Turn,Traffic Signals
2018-6519-15/08/2019,2,1,Driver,Female,34.0,Driver,Not Thrown Out,NotFatal,Worn,Medium,Full,Right Turn,3.0,2 Metropolitan,2,4,Wednesday,peak,60,Cross Road,Straight road,Level,Dry,Not Raining,Daylight,Right Turn,Traffic Signals
2018-6519-15/08/2019,2,2,Passenger,Male,2.0,Rear Seat Right Passenger,Not Thrown Out,NotFatal,NotWorn,Medium,NoLicence,Right Turn,3.0,2 Metropolitan,2,4,Wednesday,peak,60,Cross Road,Straight road,Level,Dry,Not Raining,Daylight,Right Turn,Traffic Signals
2018-6519-15/08/2019,2,3,Passenger,Male,4.0,Rear Seat Left Passenger,Not Thrown Out,NotFatal,NotWorn,Medium,NoLicence,Right Turn,3.0,2 Metropolitan,2,4,Wednesday,peak,60,Cross Road,Straight road,Level,Dry,Not Raining,Daylight,Right Turn,Traffic Signals
2018-6520-15/08/2019,1,1,Driver,Male,35.0,Driver,Not Thrown Out,NotFatal,Worn,Small,Full,Stopped on Carriageway,1.0,2 Metropolitan,2,1,Wednesday,peak,60,Divided Road,Straight road,Level,Dry,Not Raining,Daylight,Rear End,No Control
2018-6521-15/08/2019,2,1,Rider,Female,58.0,NotApplicable,NotApplicable,NotFatal,NotWorn,PCycling,NoLicence,Straight Ahead,1.0,2 Metropolitan,2,1,Wednesday,off-peak,50,Cross Road,Straight road,Slope,Dry,Not Raining,Daylight,Right Angle,Roundabout
2018-6522-15/08/2019,1,1,Driver,Male,27.0,Driver,Not Thrown Out,NotFatal,Worn,Utility,Provisional 2,Straight Ahead,1.0,2 Metropolitan,2,1,Tuesday,off-peak,60,Cross Road,"CURVED, VIEW OPEN",Level,Dry,Not Raining,Daylight,Right Angle,Roundabout
2018-6524-15/08/2019,1,1,Passenger,Female,22.0,Front Seat Left Passenger,Not Thrown Out,NotFatal,NotWorn,Small,NoLicence,Stopped on Carriageway,2.0,2 Metropolitan,2,1,Friday,off-peak,60,Cross Road,Straight road,Level,Dry,Not Raining,Night,Rear End,Roundabout
2018-6525-15/08/2019,1,1,Driver,Male,68.0,Driver,Not Thrown Out,NotFatal,Worn,Small,Full,Right Turn,1.0,3 Country,2,1,Wednesday,off-peak,50,T-Junction,Straight road,Level,Dry,Not Raining,Daylight,Right Angle,No Control
2018-6526-15/08/2019,2,1,Driver,Female,51.0,Driver,Not Thrown Out,NotFatal,Worn,Small,Full,Stopped on Carriageway,1.0,2 Metropolitan,3,1,Wednesday,off-peak,60,T-Junction,Straight road,Level,Dry,Not Raining,Daylight,Rear End,Traffic Signals
2018-6531-15/08/2019,1,1,Driver,Female,20.0,Driver,Not Thrown Out,NotFatal,Worn,MCycling,Provisional 2,Straight Ahead,1.0,3 Country,2,1,Wednesday,off-peak,110,Not Divided,Straight road,Level,Dry,Not Raining,Daylight,Hit Fixed Object,No Control
2018-6532-15/08/2019,3,1,Passenger,Female,78.0,Front Seat Left Passenger,Not Thrown Out,NotFatal,NotWorn,Small,NoLicence,Stopped on Carriageway,2.0,2 Metropolitan,4,1,Wednesday,off-peak,60,T-Junction,Straight road,Level,Dry,Not Raining,Daylight,Right Angle,Stop Sign
2018-6541-15/08/2019,2,1,Driver,Female,63.0,Driver,Not Thrown Out,NotFatal,Worn,Small,Full,U Turn,1.0,2 Metropolitan,3,1,Wednesday,off-peak,50,Not Divided,Straight road,Level,Dry,Not Raining,Daylight,Side Swipe,No Control
2018-6542-15/08/2019,1,1,Driver,Female,44.0,Driver,Not Thrown Out,NotFatal,Worn,Utility,Full,Right Turn,1.0,2 Metropolitan,2,1,Wednesday,off-peak,50,T-Junction,Straight road,Level,Dry,Not Raining,Daylight,Hit Fixed Object,No Control
2018-6544-15/08/2019,1,1,Rider,Male,18.0,NotApplicable,NotApplicable,NotFatal,NotWorn,MCycling,NoLicence,Straight Ahead,1.0,2 Metropolitan,2,1,Wednesday,off-peak,50,T-Junction,Straight road,Level,Dry,Not Raining,Daylight,Right Turn,No Control
2018-6545-15/08/2019,1,1,Driver,Female,25.0,Driver,Not Thrown Out,NotFatal,Worn,Small,Full,Stopped on Carriageway,1.0,2 Metropolitan,2,1,Thursday,off-peak,60,Divided Road,Straight road,Level,Dry,Not Raining,Daylight,Rear End,No Control
2018-6549-15/08/2019,1,1,Driver,Female,23.0,Driver,Not Thrown Out,NotFatal,Worn,Medium,Full,Straight Ahead,5.0,2 Metropolitan,2,4,Wednesday,peak,80,Cross Road,Straight road,Level,Dry,Not Raining,Daylight,Right Angle,Give Way Sign
2018-6549-15/08/2019,1,2,Passenger,Male,21.0,Rear Seat Middle Passenger,Not Thrown Out,NotFatal,NotWorn,Medium,NoLicence,Straight Ahead,5.0,2 Metropolitan,2,4,Wednesday,peak,80,Cross Road,Straight road,Level,Dry,Not Raining,Daylight,Right Angle,Give Way Sign
2018-6549-15/08/2019,1,3,Passenger,Male,1.0,Rear Seat Right Passenger,Not Thrown Out,NotFatal,NotWorn,Medium,NoLicence,Straight Ahead,5.0,2 Metropolitan,2,4,Wednesday,peak,80,Cross Road,Straight road,Level,Dry,Not Raining,Daylight,Right Angle,Give Way Sign
2018-6549-15/08/2019,1,4,Passenger,Male,4.0,Other,Not Thrown Out,NotFatal,NotWorn,Medium,NoLicence,Straight Ahead,5.0,2 Metropolitan,2,4,Wednesday,peak,80,Cross Road,Straight road,Level,Dry,Not Raining,Daylight,Right Angle,Give Way Sign
2018-6553-15/08/2019,1,1,Driver,Female,35.0,Driver,Not Thrown Out,NotFatal,Worn,Medium,Full,Stopped on Carriageway,3.0,2 Metropolitan,2,2,Tuesday,off-peak,60,Cross Road,Straight road,Level,Dry,Not Raining,Daylight,Rear End,Traffic Signals
2018-6553-15/08/2019,1,2,Passenger,Female,65.0,Front Seat Left Passenger,Not Thrown Out,NotFatal,NotWorn,Medium,NoLicence,Stopped on Carriageway,3.0,2 Metropolitan,2,2,Tuesday,off-peak,60,Cross Road,Straight road,Level,Dry,Not Raining,Daylight,Rear End,Traffic Signals
2018-6559-15/08/2019,3,1,Driver,Male,51.0,Driver,Not Thrown Out,NotFatal,Worn,Small,Full,Stopped on Carriageway,1.0,2 Metropolitan,4,2,Wednesday,peak,80,Divided Road,Straight road,Level,Dry,Not Raining,Night,Rear End,No Control
2018-6559-15/08/2019,4,1,Driver,Female,51.0,Driver,Not Thrown Out,NotFatal,Worn,Utility,Full,Stopped on Carriageway,1.0,2 Metropolitan,4,2,Wednesday,peak,80,Divided Road,Straight road,Level,Dry,Not Raining,Night,Rear End,No Control
2018-6561-15/08/2019,3,1,Driver,Female,25.0,Driver,Not Thrown Out,NotFatal,Worn,Small,Provisional 1 ,Stopped on Carriageway,1.0,2 Metropolitan,4,2,Wednesday,off-peak,60,Not Divided,Straight road,Level,Dry,Not Raining,Night,Rear End,No Control
2018-6561-15/08/2019,4,1,Driver,Female,34.0,Driver,Not Thrown Out,NotFatal,Worn,Small,Full,Stopped on Carriageway,1.0,2 Metropolitan,4,2,Wednesday,off-peak,60,Not Divided,Straight road,Level,Dry,Not Raining,Night,Rear End,No Control
2018-6567-15/08/2019,1,1,Rider,Male,41.0,NotApplicable,NotApplicable,NotFatal,NotWorn,MCycling,NoLicence,Left Turn,1.0,2 Metropolitan,1,1,Thursday,off-peak,60,Cross Road,Straight road,Level,Dry,Not Raining,Night,Roll Over,Roundabout
2018-6570-15/08/2019,1,1,Driver,Male,17.0,Driver,Not Thrown Out,NotFatal,Worn,Small,Provisional 1 ,Straight Ahead,2.0,2 Metropolitan,2,2,Thursday,off-peak,50,Not Divided,Straight road,Level,Dry,Not Raining,Night,Hit Fixed Object,No Control
2018-6570-15/08/2019,1,2,Passenger,Female,17.0,Front Seat Left Passenger,Not Thrown Out,NotFatal,NotWorn,Small,NoLicence,Straight Ahead,2.0,2 Metropolitan,2,2,Thursday,off-peak,50,Not Divided,Straight road,Level,Dry,Not Raining,Night,Hit Fixed Object,No Control
2018-6571-15/08/2019,1,1,Passenger,Male,18.0,Other,Not Thrown Out,NotFatal,NotWorn,Small,NoLicence,Swerving,2.0,2 Metropolitan,2,1,Wednesday,off-peak,50,Not Divided,Straight road,Slope,Wet,Raining,Night,Hit Fixed Object,No Control
2018-6577-15/08/2019,1,1,Driver,Female,27.0,Driver,Not Thrown Out,NotFatal,Worn,Small,Full,Overtaking - on Right,1.0,2 Metropolitan,2,1,Wednesday,off-peak,50,Not Divided,Straight road,Level,Dry,Not Raining,Night,Side Swipe,No Control
2018-6579-15/08/2019,2,1,Driver,Male,51.0,Driver,Not Thrown Out,NotFatal,Worn,Medium,Full,Stopped on Carriageway,1.0,2 Metropolitan,3,1,Thursday,peak,80,Divided Road,Straight road,Level,Dry,Not Raining,Daylight,Rear End,No Control
2018-6580-15/08/2019,2,1,Driver,Male,43.0,Driver,Not Thrown Out,NotFatal,Unknown,Small,Full,Straight Ahead,1.0,2 Metropolitan,2,1,Thursday,off-peak,60,Divided Road,Straight road,Level,Dry,Not Raining,Daylight,Rear End,No Control
2018-6581-15/08/2019,1,1,Driver,Female,32.0,Driver,Not Thrown Out,NotFatal,Worn,Small,Provisional 1 ,Overtaking - on Right,1.0,2 Metropolitan,2,2,Thursday,off-peak,50,T-Junction,Straight road,Level,Dry,Not Raining,Daylight,Side Swipe,No Control
2018-6581-15/08/2019,2,1,Driver,Female,57.0,Driver,Not Thrown Out,NotFatal,Worn,Small,Full,Right Turn,1.0,2 Metropolitan,2,2,Thursday,off-peak,50,T-Junction,Straight road,Level,Dry,Not Raining,Daylight,Side Swipe,No Control
2018-6582-15/08/2019,2,1,Driver,Female,39.0,Driver,Not Thrown Out,NotFatal,Worn,Small,Full,Stopped on Carriageway,1.0,2 Metropolitan,3,2,Thursday,peak,60,Divided Road,Straight road,Level,Dry,Not Raining,Daylight,Rear End,No Control
2018-6582-15/08/2019,3,1,Driver,Female,51.0,Driver,Not Thrown Out,NotFatal,Worn,Small,Full,Stopped on Carriageway,2.0,2 Metropolitan,3,2,Thursday,peak,60,Divided Road,Straight road,Level,Dry,Not Raining,Daylight,Rear End,No Control
2018-6583-15/08/2019,1,1,Driver,Female,59.0,Driver,Not Thrown Out,NotFatal,Worn,Small,Full,Straight Ahead,1.0,2 Metropolitan,2,2,Thursday,off-peak,60,T-Junction,Straight road,Level,Dry,Not Raining,Daylight,Right Turn,Traffic Signals
2018-6583-15/08/2019,2,1,Driver,Female,62.0,Driver,Not Thrown Out,NotFatal,Worn,Small,Full,Right Turn,1.0,2 Metropolitan,2,2,Thursday,off-peak,60,T-Junction,Straight road,Level,Dry,Not Raining,Daylight,Right Turn,Traffic Signals
2018-6587-15/08/2019,3,1,Driver,Male,44.0,Driver,Not Thrown Out,NotFatal,Worn,Medium,Full,Stopped on Carriageway,2.0,2 Metropolitan,3,1,Thursday,off-peak,60,Divided Road,Straight road,Level,Dry,Not Raining,Daylight,Rear End,No Control
2018-6594-15/08/2019,3,1,Rider,Female,51.0,NotApplicable,NotApplicable,NotFatal,NotWorn,MCycling,NoLicence,Straight Ahead,1.0,2 Metropolitan,3,1,Thursday,off-peak,60,T-Junction,Straight road,Level,Dry,Not Raining,Daylight,Right Angle,No Control
2018-6595-15/08/2019,1,1,Passenger,Female,54.0,Front Seat Left Passenger,Not Thrown Out,NotFatal,NotWorn,Small,NoLicence,Straight Ahead,2.0,2 Metropolitan,2,1,Thursday,peak,60,Cross Road,Straight road,Level,Dry,Not Raining,Daylight,Rear End,Traffic Signals
2018-6597-15/08/2019,2,1,Rider,Female,38.0,NotApplicable,NotApplicable,NotFatal,NotWorn,MCycling,NoLicence,Straight Ahead,1.0,2 Metropolitan,2,1,Thursday,peak,50,T-Junction,Straight road,Level,Dry,Not Raining,Daylight,Right Angle,No Control
2018-6598-15/08/2019,2,1,Passenger,Female,71.0,Front Seat Left Passenger,Not Thrown Out,NotFatal,NotWorn,Small,NoLicence,Stopped on Carriageway,3.0,2 Metropolitan,4,2,Thursday,peak,60,Divided Road,Straight road,Level,Dry,Not Raining,Night,Rear End,No Control
2018-6598-15/08/2019,2,2,Passenger,Male,15.0,Rear Seat Left Passenger,Not Thrown Out,NotFatal,NotWorn,Small,NoLicence,Stopped on Carriageway,3.0,2 Metropolitan,4,2,Thursday,peak,60,Divided Road,Straight road,Level,Dry,Not Raining,Night,Rear End,No Control
2018-6602-15/08/2019,2,1,Pedestrian,Female,16.0,NotApplicable,NotApplicable,NotFatal,NotWorn,Pedestrian on Road,NoLicence,Crossing with Traffic Signals,1.0,1 City,2,1,Thursday,off-peak,50,Pedestrian Crossing,Straight road,Level,Dry,Not Raining,Night,Hit Pedestrian,Traffic Signals
2018-6604-15/08/2019,1,1,Driver,Male,28.0,Driver,Not Thrown Out,NotFatal,Unknown,Utility,Full,Straight Ahead,2.0,3 Country,2,2,Friday,off-peak,100,Not Divided,"CURVED, VIEW OBSCURED",Level,Dry,Not Raining,Night,Hit Fixed Object,No Control
2018-6604-15/08/2019,1,2,Passenger,Male,27.0,Front Seat Left Passenger,Not Thrown Out,NotFatal,NotWorn,Utility,NoLicence,Straight Ahead,2.0,3 Country,2,2,Friday,off-peak,100,Not Divided,"CURVED, VIEW OBSCURED",Level,Dry,Not Raining,Night,Hit Fixed Object,No Control
2018-6605-15/08/2019,1,1,Driver,Male,25.0,Driver,Not Thrown Out,NotFatal,Worn,Small,Full,Swerving,1.0,2 Metropolitan,2,1,Friday,off-peak,90,T-Junction,Straight road,Level,Dry,Not Raining,Night,Hit Fixed Object,Traffic Signals
2018-6607-15/08/2019,2,1,Driver,Female,49.0,Driver,Not Thrown Out,NotFatal,Worn,Small,Full,Straight Ahead,1.0,2 Metropolitan,2,1,Friday,off-peak,70,Cross Road,Straight road,Level,Dry,Not Raining,Night,Right Turn,Traffic Signals
2018-6608-15/08/2019,1,1,Driver,Female,19.0,Driver,Not Thrown Out,NotFatal,Worn,Medium,Provisional 2,Straight Ahead,1.0,2 Metropolitan,2,1,Friday,off-peak,80,Multiple,Straight road,Level,Dry,Not Raining,Daylight,Hit Fixed Object,Roundabout
2018-6612-15/08/2019,1,1,Driver,Male,83.0,Driver,Not Thrown Out,NotFatal,Worn,Small,Full,Stopped on Carriageway,2.0,2 Metropolitan,2,2,Monday,off-peak,60,Divided Road,Straight road,Level,Dry,Not Raining,Daylight,Rear End,No Control
2018-6612-15/08/2019,1,2,Passenger,Female,79.0,Front Seat Left Passenger,Not Thrown Out,NotFatal,NotWorn,Small,NoLicence,Stopped on Carriageway,2.0,2 Metropolitan,2,2,Monday,off-peak,60,Divided Road,Straight road,Level,Dry,Not Raining,Daylight,Rear End,No Control
2018-6614-15/08/2019,1,1,Rider,Male,39.0,NotApplicable,NotApplicable,NotFatal,NotWorn,MCycling,NoLicence,Straight Ahead,1.0,2 Metropolitan,2,1,Friday,off-peak,60,Cross Road,Straight road,Level,Dry,Not Raining,Daylight,Rear End,Traffic Signals
2018-6616-15/08/2019,1,1,Driver,Male,50.0,Driver,Not Thrown Out,NotFatal,Worn,Medium,Full,Stopped on Carriageway,1.0,2 Metropolitan,2,1,Tuesday,off-peak,80,Cross Road,Straight road,Level,Wet,Not Raining,Daylight,Rear End,Traffic Signals
2018-6617-15/08/2019,1,1,Driver,Female,44.0,Driver,Not Thrown Out,NotFatal,Worn,Small,Full,Straight Ahead,1.0,2 Metropolitan,2,1,Thursday,off-peak,60,Not Divided,Straight road,Level,Dry,Not Raining,Daylight,Rear End,No Control
2018-6620-15/08/2019,2,1,Passenger,Male,30.0,Rear Seat Right Passenger,Not Thrown Out,NotFatal,NotWorn,Medium,NoLicence,Straight Ahead,3.0,3 Country,2,2,Friday,off-peak,50,Cross Road,Straight road,Level,Dry,Not Raining,Daylight,Right Angle,Roundabout
2018-6620-15/08/2019,2,2,Passenger,Female,34.0,Front Seat Left Passenger,Not Thrown Out,NotFatal,NotWorn,Medium,NoLicence,Straight Ahead,3.0,3 Country,2,2,Friday,off-peak,50,Cross Road,Straight road,Level,Dry,Not Raining,Daylight,Right Angle,Roundabout
2018-6622-15/08/2019,1,1,Passenger,Female,57.0,Rear Seat Left Passenger,Not Thrown Out,NotFatal,NotWorn,Medium,NoLicence,Straight Ahead,3.0,2 Metropolitan,3,1,Friday,off-peak,90,Other,"CURVED, VIEW OPEN",Level,Dry,Not Raining,Daylight,Rear End,No Control
2018-6627-15/08/2019,1,1,Driver,Male,35.0,Driver,Not Thrown Out,NotFatal,Worn,Utility,Full,Stopped on Carriageway,1.0,2 Metropolitan,2,1,Thursday,peak,60,Divided Road,Straight road,Level,Dry,Not Raining,Night,Rear End,No Control
2018-6634-15/08/2019,1,1,Driver,Female,57.0,Driver,Not Thrown Out,NotFatal,Worn,Small,Full,Straight Ahead,1.0,2 Metropolitan,2,1,Friday,peak,60,T-Junction,Straight road,Level,Dry,Not Raining,Daylight,Right Turn,No Control
2018-6640-15/08/2019,1,1,Driver,Male,63.0,Driver,Not Thrown Out,NotFatal,Worn,Medium,Full,Straight Ahead,1.0,3 Country,2,1,Friday,off-peak,100,Cross Road,Straight road,Level,Wet,Raining,Night,Right Angle,Stop Sign
2018-6643-15/08/2019,1,1,Driver,Male,68.0,Driver,Not Thrown Out,NotFatal,NotWorn,Utility,Unlicenced,Straight Ahead,1.0,2 Metropolitan,5,3,Friday,off-peak,60,Divided Road,Straight road,Level,Dry,Not Raining,Night,Rear End,No Control
2018-6643-15/08/2019,2,1,Driver,Female,35.0,Driver,Not Thrown Out,NotFatal,Worn,Medium,Probationary,Entering Private Driveway,2.0,2 Metropolitan,5,3,Friday,off-peak,60,Divided Road,Straight road,Level,Dry,Not Raining,Night,Rear End,No Control
2018-6643-15/08/2019,3,1,Driver,Male,60.0,Driver,Not Thrown Out,NotFatal,Worn,Small,Full,Straight Ahead,1.0,2 Metropolitan,5,3,Friday,off-peak,60,Divided Road,Straight road,Level,Dry,Not Raining,Night,Rear End,No Control
2018-6644-15/08/2019,3,1,Passenger,Female,50.0,Front Seat Left Passenger,Not Thrown Out,NotFatal,NotWorn,Utility,NoLicence,Stopped on Carriageway,2.0,2 Metropolitan,4,1,Friday,off-peak,60,Not Divided,Straight road,Level,Wet,Raining,Daylight,Side Swipe,No Control
2018-6645-15/08/2019,1,1,Driver,Male,28.0,Driver,Not Thrown Out,NotFatal,Unknown,Small,Full,Straight Ahead,1.0,2 Metropolitan,2,1,Friday,off-peak,80,Not Divided,"CURVED, VIEW OPEN",Slope,Wet,Raining,Night,Hit Fixed Object,No Control
2018-6649-15/08/2019,2,1,Pedestrian,Male,30.0,NotApplicable,NotApplicable,NotFatal,NotWorn,Pedestrian on Road,NoLicence,Walking on Road,1.0,1 City,2,1,Saturday,off-peak,50,Not Divided,Straight road,Level,Dry,Not Raining,Night,Hit Pedestrian,No Control
2018-6652-15/08/2019,1,1,Rider,Male,55.0,NotApplicable,NotApplicable,NotFatal,NotWorn,PCycling,NoLicence,Straight Ahead,1.0,2 Metropolitan,1,1,Saturday,peak,60,Divided Road,Straight road,Level,Dry,Not Raining,Daylight,Other,No Control
2018-6654-15/08/2019,1,1,Driver,Male,39.0,Driver,Not Thrown Out,NotFatal,Worn,Small,Full,Straight Ahead,2.0,2 Metropolitan,2,2,Saturday,off-peak,60,T-Junction,Straight road,Level,Dry,Not Raining,Daylight,Right Angle,No Control
2018-6654-15/08/2019,1,2,Passenger,Female,10.0,Front Seat Left Passenger,Not Thrown Out,NotFatal,NotWorn,Small,NoLicence,Straight Ahead,2.0,2 Metropolitan,2,2,Saturday,off-peak,60,T-Junction,Straight road,Level,Dry,Not Raining,Daylight,Right Angle,No Control
2018-6657-15/08/2019,1,1,Driver,Male,42.0,Driver,Not Thrown Out,NotFatal,Worn,Utility,Probationary,Stopped on Carriageway,1.0,2 Metropolitan,2,1,Friday,peak,50,Not Divided,Straight road,Level,Dry,Not Raining,Daylight,Rear End,No Control
2018-6662-15/08/2019,1,1,Driver,Female,69.0,Driver,Not Thrown Out,NotFatal,Worn,Small,Full,Straight Ahead,1.0,2 Metropolitan,2,1,Saturday,off-peak,60,Divided Road,Straight road,Level,Dry,Not Raining,Daylight,Rear End,No Control
2018-6664-15/08/2019,1,1,Driver,Male,68.0,Driver,Not Thrown Out,NotFatal,Worn,Utility,Full,Straight Ahead,1.0,3 Country,2,1,Saturday,off-peak,110,Not Divided,Straight road,Level,Dry,Not Raining,Daylight,Hit Fixed Object,No Control
2018-6665-15/08/2019,1,1,Driver,Female,28.0,Driver,Not Thrown Out,NotFatal,Worn,Small,Provisional 2,Right Turn,4.0,2 Metropolitan,3,3,Saturday,off-peak,60,Cross Road,Straight road,Level,Dry,Not Raining,Daylight,Right Turn,Traffic Signals