REPORT_ID,UND_UNIT_NUMBER,CASUALTY_NUMBER,cas_type,cas_gender,cas_age,cas_pos_in_veh,thrown_out,fatality,seat_belt,unit_type,lic_type,unit_movement,n_occupants,stat_area,total_units,cas_total,day,time,area_speed,acc_pos,hor_align,ver_align,moist_cond,wea_cond,dayNight,crash_type,traf_ctrls
2018-7090-15/08/2019,1,2,Passenger,Female,5.0,Rear Seat Left Passenger,Not Thrown Out,NotFatal,NotWorn,Small,NoLicence,Straight Ahead,3.0,2 Metropolitan,2,4,Friday,peak,60,T-Junction,Straight road,Level,Wet,Not Raining,Daylight,Right Angle,No Control
2018-7090-15/08/2019,2,1,Passenger,Male,4.0,Rear Seat Right Passenger,Not Thrown Out,NotFatal,NotWorn,Medium,NoLicence,Right Turn,3.0,2 Metropolitan,2,4,Friday,peak,60,T-Junction,Straight road,Level,Wet,Not Raining,Daylight,Right Angle,No Control
2018-7090-15/08/2019,2,2,Passenger,Male,3.0,Rear Seat Left Passenger,Not Thrown Out,NotFatal,NotWorn,Medium,NoLicence,Right Turn,3.0,2 Metropolitan,2,4,Friday,peak,60,T-Junction,Straight road,Level,Wet,Not Raining,Daylight,Right Angle,No Control
2018-7093-15/08/2019,1,1,Driver,Male,63.0,Driver,Not Thrown Out,NotFatal,Worn,Small,Full,Straight Ahead,1.0,2 Metropolitan,2,1,Friday,off-peak,60,T-Junction,Straight road,Level,Dry,Not Raining,Daylight,Right Angle,No Control
2018-7094-15/08/2019,1,1,Rider,Male,50.0,NotApplicable,NotApplicable,NotFatal,NotWorn,MCycling,NoLicence,Left Turn,1.0,2 Metropolitan,2,1,Friday,off-peak,60,Cross Road,Straight road,Level,Dry,Not Raining,Daylight,Hit Fixed Object,Traffic Signals
2018-7095-15/08/2019,1,1,Driver,Female,39.0,Driver,Not Thrown Out,NotFatal,Worn,Small,Full,Straight Ahead,1.0,2 Metropolitan,2,2,Friday,off-peak,60,T-Junction,Straight road,Level,Dry,Not Raining,Daylight,Right Angle,Roundabout
2018-7095-15/08/2019,2,1,Driver,Male,23.0,Driver,Not Thrown Out,NotFatal,Worn,Small,Full,Right Turn,1.0,2 Metropolitan,2,2,Friday,off-peak,60,T-Junction,Straight road,Level,Dry,Not Raining,Daylight,Right Angle,Roundabout
2018-7103-15/08/2019,1,1,Passenger,Male,67.0,Rear Seat Left Passenger,Not Thrown Out,NotFatal,NotWorn,Medium,NoLicence,Straight Ahead,4.0,3 Country,2,2,Friday,off-peak,80,Cross Road,Straight road,Level,Dry,Not Raining,Daylight,Right Angle,Stop Sign
2018-7103-15/08/2019,1,2,Passenger,Female,62.0,Front Seat Left Passenger,Not Thrown Out,NotFatal,NotWorn,Medium,NoLicence,Straight Ahead,4.0,3 Country,2,2,Friday,off-peak,80,Cross Road,Straight road,Level,Dry,Not Raining,Daylight,Right Angle,Stop Sign
2018-7105-15/08/2019,2,1,Driver,Male,51.0,Driver,Not Thrown Out,NotFatal,Worn,Small,Full,U Turn,1.0,2 Metropolitan,2,1,Friday,off-peak,60,Not Divided,Straight road,Level,Dry,Not Raining,Daylight,Side Swipe,No Control
2018-7108-15/08/2019,1,1,Driver,Male,68.0,Driver,Not Thrown Out,NotFatal,Worn,Medium,Full,Straight Ahead,1.0,3 Country,1,1,Friday,off-peak,100,Not Divided,Straight road,Level,Dry,Not Raining,Daylight,Roll Over,No Control
2018-7109-15/08/2019,1,1,Driver,Male,17.0,Driver,Not Thrown Out,NotFatal,Worn,Small,Provisional 1 ,Straight Ahead,1.0,2 Metropolitan,2,1,Friday,off-peak,60,Divided Road,Straight road,Level,Dry,Not Raining,Night,Hit Fixed Object,No Control
2018-7110-15/08/2019,1,1,Driver,Female,65.0,Driver,Not Thrown Out,NotFatal,Worn,Medium,Full,Straight Ahead,1.0,2 Metropolitan,2,1,Friday,off-peak,80,Not Divided,"CURVED, VIEW OBSCURED",Level,Dry,Not Raining,Daylight,Hit Fixed Object,No Control
2018-7117-15/08/2019,2,1,Rider,Male,27.0,NotApplicable,NotApplicable,NotFatal,NotWorn,MCycling,NoLicence,Straight Ahead,1.0,2 Metropolitan,2,1,Friday,off-peak,25,Divided Road,Straight road,Level,Dry,Not Raining,Night,Side Swipe,No Control
2018-7118-15/08/2019,3,1,Driver,Male,31.0,Driver,Not Thrown Out,NotFatal,Worn,Small,Full,Straight Ahead,2.0,2 Metropolitan,3,2,Friday,off-peak,50,Not Divided,Straight road,Level,Dry,Not Raining,Night,Right Angle,No Control
2018-7118-15/08/2019,3,2,Passenger,Female,22.0,Front Seat Left Passenger,Not Thrown Out,NotFatal,NotWorn,Small,NoLicence,Straight Ahead,2.0,2 Metropolitan,3,2,Friday,off-peak,50,Not Divided,Straight road,Level,Dry,Not Raining,Night,Right Angle,No Control
2018-7119-15/08/2019,1,1,Driver,Male,45.0,Driver,Not Thrown Out,NotFatal,Worn,Small,Full,Right Turn,1.0,2 Metropolitan,2,1,Saturday,off-peak,60,T-Junction,Straight road,Level,Dry,Not Raining,Night,Hit Fixed Object,No Control
2018-7120-15/08/2019,2,1,Pedestrian,Male,41.0,NotApplicable,NotApplicable,NotFatal,NotWorn,Pedestrian on Road,NoLicence,Alighted from Parked Vehicle,1.0,2 Metropolitan,2,1,Saturday,off-peak,60,Divided Road,Straight road,Level,Dry,Not Raining,Night,Hit Pedestrian,No Control
2018-7124-15/08/2019,2,1,Rider,Male,70.0,NotApplicable,NotApplicable,NotFatal,NotWorn,PCycling,NoLicence,Straight Ahead,1.0,2 Metropolitan,2,1,Saturday,off-peak,110,T-Junction,Straight road,Level,Dry,Not Raining,Daylight,Right Angle,Roundabout
2018-7132-15/08/2019,2,1,Pedestrian,Male,12.0,NotApplicable,NotApplicable,NotFatal,NotWorn,Pedestrian on Road,NoLicence,Crossing without Control,1.0,2 Metropolitan,2,1,Saturday,off-peak,50,Not Divided,Straight road,Level,Dry,Not Raining,Daylight,Hit Pedestrian,No Control
2018-7135-15/08/2019,1,1,Driver,Female,25.0,Driver,Not Thrown Out,NotFatal,Worn,Small,Full,Straight Ahead,1.0,3 Country,2,1,Saturday,off-peak,100,Not Divided,"CURVED, VIEW OPEN",Level,Dry,Not Raining,Daylight,Hit Fixed Object,No Control
2018-7136-15/08/2019,1,1,Rider,Male,57.0,NotApplicable,NotApplicable,Fatal,NotWorn,MCycling,NoLicence,Overtaking - on Right,1.0,2 Metropolitan,2,1,Saturday,off-peak,60,Not Divided,"CURVED, VIEW OBSCURED",Slope,Dry,Not Raining,Daylight,Head On,No Control
2018-7142-15/08/2019,1,1,Driver,Female,22.0,Driver,Not Thrown Out,NotFatal,Worn,Small,Full,Straight Ahead,1.0,2 Metropolitan,2,1,Saturday,peak,80,Cross Road,Straight road,Level,Dry,Not Raining,Daylight,Right Angle,Traffic Signals
2018-7145-15/08/2019,2,1,Driver,Male,37.0,Driver,Not Thrown Out,NotFatal,Worn,Small,Unknown,Straight Ahead,1.0,2 Metropolitan,2,1,Saturday,off-peak,70,T-Junction,"CURVED, VIEW OPEN",Level,Dry,Not Raining,Night,Right Angle,No Control
2018-7147-15/08/2019,3,1,Passenger,Male,4.0,Rear Seat Right Passenger,Not Thrown Out,NotFatal,NotWorn,Small,NoLicence,Straight Ahead,3.0,2 Metropolitan,5,2,Saturday,off-peak,80,Divided Road,Straight road,Level,Dry,Not Raining,Daylight,Rear End,No Control
2018-7147-15/08/2019,3,2,Passenger,Female,5.0,Rear Seat Left Passenger,Not Thrown Out,NotFatal,NotWorn,Small,NoLicence,Straight Ahead,3.0,2 Metropolitan,5,2,Saturday,off-peak,80,Divided Road,Straight road,Level,Dry,Not Raining,Daylight,Rear End,No Control
2018-7148-15/08/2019,1,1,Driver,Female,37.0,Driver,Not Thrown Out,NotFatal,Worn,Small,Full,Straight Ahead,1.0,2 Metropolitan,3,1,Saturday,peak,60,T-Junction,Straight road,Level,Dry,Not Raining,Daylight,Rear End,No Control
2018-7156-15/08/2019,1,1,Driver,Male,20.0,Driver,Not Thrown Out,NotFatal,Worn,Small,Full,Straight Ahead,1.0,2 Metropolitan,3,2,Saturday,off-peak,60,Cross Road,Straight road,Level,Dry,Not Raining,Daylight,Rear End,Traffic Signals
2018-7156-15/08/2019,2,1,Driver,Female,24.0,Driver,Not Thrown Out,NotFatal,Worn,Small,Full,Stopped on Carriageway,1.0,2 Metropolitan,3,2,Saturday,off-peak,60,Cross Road,Straight road,Level,Dry,Not Raining,Daylight,Rear End,Traffic Signals
2018-7161-15/08/2019,1,1,Rider,Male,27.0,NotApplicable,NotApplicable,NotFatal,NotWorn,MCycling,NoLicence,Left Turn,1.0,2 Metropolitan,1,1,Thursday,peak,60,T-Junction,"CURVED, VIEW OPEN",Level,Dry,Not Raining,Daylight,Roll Over,Traffic Signals
2018-7171-15/08/2019,1,1,Passenger,Male,39.88915925490854,Rear Seat Left Passenger,Not Thrown Out,NotFatal,NotWorn,Medium,NoLicence,Stopped on Carriageway,3.0,2 Metropolitan,2,1,Sunday,peak,60,Cross Road,Straight road,Level,Dry,Not Raining,Night,Rear End,Give Way Sign
2018-7172-15/08/2019,1,1,Driver,Male,18.0,Driver,Not Thrown Out,NotFatal,Worn,Small,Provisional 1 ,Straight Ahead,2.0,2 Metropolitan,2,1,Sunday,off-peak,70,Not Divided,"CURVED, VIEW OBSCURED",Slope,Dry,Not Raining,Daylight,Roll Over,No Control
2018-7174-15/08/2019,1,1,Driver,Male,21.0,Driver,Not Thrown Out,NotFatal,Worn,Medium,Full,Straight Ahead,1.0,2 Metropolitan,2,1,Sunday,off-peak,90,T-Junction,"CURVED, VIEW OPEN",Slope,Dry,Not Raining,Daylight,Head On,Give Way Sign
2018-7175-15/08/2019,1,1,Driver,Male,20.0,Driver,Not Thrown Out,NotFatal,Unknown,Utility,Provisional 2,Straight Ahead,1.0,3 Country,1,1,Sunday,off-peak,110,Not Divided,Straight road,Level,Unknown,Unknown,Night,Roll Over,No Control
2018-7176-15/08/2019,2,1,Driver,Male,54.0,Driver,Not Thrown Out,NotFatal,Worn,Medium,Full,Straight Ahead,1.0,2 Metropolitan,2,1,Sunday,peak,60,Cross Road,Straight road,Level,Dry,Not Raining,Night,Right Angle,Stop Sign
2018-7177-15/08/2019,1,1,Driver,Female,38.0,Driver,Not Thrown Out,NotFatal,Worn,Utility,Full,Straight Ahead,3.0,3 Country,1,3,Sunday,off-peak,100,Not Divided,Straight road,Slope,Dry,Not Raining,Daylight,Roll Over,No Control
2018-7177-15/08/2019,1,2,Passenger,Male,39.0,Front Seat Left Passenger,Not Thrown Out,NotFatal,NotWorn,Utility,NoLicence,Straight Ahead,3.0,3 Country,1,3,Sunday,off-peak,100,Not Divided,Straight road,Slope,Dry,Not Raining,Daylight,Roll Over,No Control
2018-7177-15/08/2019,1,3,Passenger,Male,1.0,Rear Seat Left Passenger,Not Thrown Out,NotFatal,NotWorn,Utility,NoLicence,Straight Ahead,3.0,3 Country,1,3,Sunday,off-peak,100,Not Divided,Straight road,Slope,Dry,Not Raining,Daylight,Roll Over,No Control
2018-7185-15/08/2019,1,1,Driver,Female,42.0,Driver,Not Thrown Out,NotFatal,Worn,Small,Full,Straight Ahead,1.0,2 Metropolitan,1,1,Sunday,off-peak,60,Not Divided,"CURVED, VIEW OPEN",Level,Dry,Not Raining,Daylight,Roll Over,No Control
2018-7190-15/08/2019,1,1,Passenger,Female,19.0,Front Seat Left Passenger,Not Thrown Out,NotFatal,NotWorn,Medium,NoLicence,Straight Ahead,2.0,2 Metropolitan,3,1,Sunday,off-peak,80,Not Divided,"CURVED, VIEW OBSCURED",Slope,Dry,Not Raining,Daylight,Hit Fixed Object,No Control
2018-7191-15/08/2019,1,1,Driver,Female,21.0,Driver,Not Thrown Out,NotFatal,Worn,Small,Full,Swerving,1.0,3 Country,2,1,Sunday,off-peak,80,Not Divided,Straight road,Level,Dry,Not Raining,Night,Roll Over,No Control
2018-7193-15/08/2019,3,1,Driver,Female,37.0,Driver,Not Thrown Out,NotFatal,Worn,Small,Full,Stopped on Carriageway,1.0,1 City,3,1,Monday,peak,50,T-Junction,"CURVED, VIEW OPEN",Level,Dry,Not Raining,Daylight,Rear End,Give Way Sign
2018-7195-15/08/2019,1,1,Driver,Female,30.0,Driver,Not Thrown Out,NotFatal,Worn,Small,Full,Straight Ahead,1.0,3 Country,2,2,Monday,off-peak,80,T-Junction,Straight road,Level,Dry,Not Raining,Daylight,Rear End,No Control
2018-7195-15/08/2019,2,1,Driver,Female,50.0,Driver,Not Thrown Out,NotFatal,Worn,Small,Full,Stopped on Carriageway,1.0,3 Country,2,2,Monday,off-peak,80,T-Junction,Straight road,Level,Dry,Not Raining,Daylight,Rear End,No Control
2018-7197-15/08/2019,2,1,Rider,Male,15.0,NotApplicable,NotApplicable,NotFatal,NotWorn,PCycling,NoLicence,Leaving Private Driveway,1.0,3 Country,2,1,Monday,off-peak,100,Not Divided,Straight road,Level,Dry,Not Raining,Daylight,Right Angle,No Control
2018-7199-15/08/2019,2,1,Pedestrian,Female,39.88915925490854,NotApplicable,NotApplicable,NotFatal,NotWorn,Pedestrian on Road,NoLicence,Crossing with Traffic Signals,1.0,2 Metropolitan,2,1,Monday,peak,60,T-Junction,Straight road,Level,Dry,Not Raining,Daylight,Hit Pedestrian,Traffic Signals
2018-7203-15/08/2019,1,1,Rider,Male,55.0,NotApplicable,NotApplicable,NotFatal,NotWorn,MCycling,NoLicence,Straight Ahead,1.0,2 Metropolitan,2,1,Monday,peak,60,T-Junction,Straight road,Level,Dry,Not Raining,Night,Right Turn,Give Way Sign
2018-7204-15/08/2019,1,1,Passenger,Female,54.0,Passenger of Motorcycle,Not Thrown Out,NotFatal,NotWorn,MCycling,NoLicence,Stopped on Carriageway,2.0,2 Metropolitan,2,1,Sunday,off-peak,80,T-Junction,Straight road,Slope,Dry,Not Raining,Daylight,Rear End,Stop Sign
2018-7205-15/08/2019,1,1,Rider,Male,23.0,NotApplicable,NotApplicable,NotFatal,NotWorn,MCycling,NoLicence,Straight Ahead,1.0,2 Metropolitan,2,1,Monday,off-peak,60,T-Junction,Straight road,Level,Dry,Not Raining,Night,Right Angle,No Control
2018-7207-15/08/2019,2,1,Driver,Male,81.0,Driver,Not Thrown Out,Fatal,Worn,Small,Full,Right Turn,1.0,2 Metropolitan,2,1,Monday,peak,60,Cross Road,Straight road,Level,Dry,Not Raining,Daylight,Right Turn,Traffic Signals
2018-7210-15/08/2019,1,1,Driver,Male,34.0,Driver,Not Thrown Out,NotFatal,Worn,Small,Full,Stopped on Carriageway,1.0,2 Metropolitan,2,2,Monday,off-peak,60,Not Divided,Straight road,Level,Dry,Not Raining,Night,Rear End,No Control
2018-7210-15/08/2019,2,1,Driver,Female,50.0,Driver,Not Thrown Out,NotFatal,Worn,Utility,Full,Straight Ahead,1.0,2 Metropolitan,2,2,Monday,off-peak,60,Not Divided,Straight road,Level,Dry,Not Raining,Night,Rear End,No Control
2018-7214-15/08/2019,2,1,Pedestrian,Female,29.0,NotApplicable,NotApplicable,NotFatal,NotWorn,Pedestrian on Road,NoLicence,Crossing with Traffic Signals,1.0,1 City,2,1,Monday,off-peak,50,Cross Road,Straight road,Level,Dry,Not Raining,Daylight,Hit Pedestrian,Traffic Signals
2018-7216-15/08/2019,2,1,Rider,Male,39.88915925490854,NotApplicable,NotApplicable,NotFatal,NotWorn,PCycling,NoLicence,Straight Ahead,1.0,1 City,2,1,Monday,peak,50,T-Junction,Straight road,Level,Dry,Not Raining,Night,Right Angle,No Control
2018-7217-15/08/2019,3,1,Driver,Male,44.0,Driver,Not Thrown Out,NotFatal,Worn,Small,Full,Stopped on Carriageway,1.0,2 Metropolitan,4,1,Tuesday,off-peak,90,Divided Road,Straight road,Level,Dry,Not Raining,Night,Rear End,No Control
2018-7219-15/08/2019,1,1,Driver,Female,92.0,Driver,Not Thrown Out,NotFatal,Worn,Small,Full,Right Turn,1.0,2 Metropolitan,2,1,Tuesday,off-peak,60,Cross Road,Straight road,Level,Wet,Raining,Daylight,Right Turn,Traffic Signals
2018-7220-15/08/2019,2,1,Pedestrian,Female,39.88915925490854,NotApplicable,NotApplicable,NotFatal,NotWorn,Pedestrian on Road,NoLicence,Walking on Road,1.0,2 Metropolitan,2,1,Tuesday,off-peak,60,Cross Road,"CURVED, VIEW OPEN",Level,Wet,Not Raining,Daylight,Hit Pedestrian,Roundabout
2018-7223-15/08/2019,2,1,Driver,Female,73.0,Driver,Not Thrown Out,NotFatal,Worn,Small,Full,Straight Ahead,1.0,2 Metropolitan,2,1,Tuesday,peak,70,Cross Road,Straight road,Level,Dry,Not Raining,Daylight,Right Turn,Traffic Signals
2018-7224-15/08/2019,2,1,Driver,Female,20.0,Driver,Not Thrown Out,NotFatal,Worn,Medium,Full,Stopped on Carriageway,1.0,2 Metropolitan,3,1,Tuesday,off-peak,60,Pedestrian Crossing,Straight road,Level,Wet,Not Raining,Daylight,Rear End,Traffic Signals
2018-7226-15/08/2019,2,1,Driver,Female,64.0,Driver,Not Thrown Out,NotFatal,Worn,Medium,Full,Stopped on Carriageway,3.0,2 Metropolitan,3,2,Tuesday,off-peak,60,Divided Road,Straight road,Level,Dry,Not Raining,Daylight,Rear End,No Control
2018-7226-15/08/2019,2,2,Passenger,Female,46.0,Front Seat Left Passenger,Not Thrown Out,NotFatal,NotWorn,Medium,NoLicence,Stopped on Carriageway,3.0,2 Metropolitan,3,2,Tuesday,off-peak,60,Divided Road,Straight road,Level,Dry,Not Raining,Daylight,Rear End,No Control
2018-7229-15/08/2019,1,1,Driver,Female,28.0,Driver,Not Thrown Out,NotFatal,Worn,Medium,Full,Straight Ahead,1.0,2 Metropolitan,3,2,Tuesday,off-peak,80,Divided Road,Straight road,Level,Wet,Raining,Daylight,Rear End,No Control
2018-7229-15/08/2019,3,1,Driver,Male,74.0,Driver,Not Thrown Out,NotFatal,Worn,Medium,Full,Stopped on Carriageway,1.0,2 Metropolitan,3,2,Tuesday,off-peak,80,Divided Road,Straight road,Level,Wet,Raining,Daylight,Rear End,No Control
2018-7233-15/08/2019,1,1,Passenger,Female,52.0,Front Seat Left Passenger,Not Thrown Out,NotFatal,NotWorn,Medium,NoLicence,Straight Ahead,2.0,2 Metropolitan,2,1,Tuesday,peak,60,Cross Road,Straight road,Level,Dry,Not Raining,Daylight,Right Turn,Traffic Signals
2018-7237-15/08/2019,1,1,Driver,Female,18.0,Driver,Not Thrown Out,NotFatal,Worn,Small,Provisional 2,Straight Ahead,1.0,2 Metropolitan,2,1,Tuesday,off-peak,60,Divided Road,Straight road,Slope,Dry,Not Raining,Night,Hit Fixed Object,No Control
2018-7240-15/08/2019,1,1,Passenger,Female,48.0,Front Seat Left Passenger,Not Thrown Out,NotFatal,NotWorn,Small,NoLicence,Right Turn,2.0,2 Metropolitan,2,1,Tuesday,off-peak,50,Cross Road,"CURVED, VIEW OPEN",Level,Wet,Not Raining,Night,Right Angle,Roundabout
2018-7243-15/08/2019,2,1,Driver,Male,35.0,Driver,Not Thrown Out,NotFatal,Worn,Utility,Full,Straight Ahead,4.0,3 Country,2,1,Tuesday,peak,100,Not Divided,Straight road,Level,Dry,Not Raining,Night,Head On,No Control
2018-7246-15/08/2019,2,1,Pedestrian,Male,28.0,NotApplicable,NotApplicable,NotFatal,NotWorn,Pedestrian on Road,NoLicence,Crossing without Control,1.0,2 Metropolitan,2,1,Tuesday,off-peak,60,Not Divided,Straight road,Slope,Dry,Not Raining,Night,Hit Pedestrian,No Control
2018-7247-15/08/2019,3,1,Driver,Female,47.0,Driver,Not Thrown Out,NotFatal,Worn,Small,Full,Stopped on Carriageway,1.0,2 Metropolitan,4,1,Tuesday,peak,60,Cross Road,"CURVED, VIEW OPEN",Level,Dry,Not Raining,Night,Right Angle,Roundabout
2018-7251-15/08/2019,2,1,Passenger,Female,6.0,Rear Seat Left Passenger,Not Thrown Out,NotFatal,NotWorn,Small,NoLicence,Right Turn,2.0,2 Metropolitan,2,1,Tuesday,off-peak,60,Cross Road,Straight road,Level,Dry,Not Raining,Night,Right Angle,Traffic Signals
2018-7256-15/08/2019,1,1,Driver,Male,32.0,Driver,Not Thrown Out,NotFatal,Worn,Small,Full,Straight Ahead,1.0,3 Country,2,1,Wednesday,off-peak,100,T-Junction,Straight road,Level,Dry,Not Raining,Night,Head On,No Control
2018-7258-15/08/2019,1,1,Driver,Female,55.0,Driver,Not Thrown Out,NotFatal,Worn,Small,Full,Straight Ahead,1.0,2 Metropolitan,2,1,Wednesday,peak,70,Divided Road,Straight road,Level,Dry,Not Raining,Daylight,Side Swipe,No Control
2018-7266-15/08/2019,1,1,Driver,Female,32.0,Driver,Not Thrown Out,NotFatal,Worn,Small,Full,Straight Ahead,1.0,2 Metropolitan,2,2,Wednesday,off-peak,50,Not Divided,Straight road,Level,Dry,Not Raining,Daylight,Rear End,No Control
2018-7266-15/08/2019,2,1,Driver,Male,53.0,Driver,Not Thrown Out,NotFatal,Unknown,Utility,Full,Straight Ahead,1.0,2 Metropolitan,2,2,Wednesday,off-peak,50,Not Divided,Straight road,Level,Dry,Not Raining,Daylight,Rear End,No Control
2018-7267-15/08/2019,2,1,Driver,Female,18.0,Driver,Not Thrown Out,NotFatal,Worn,Medium,Provisional 2,Right Turn,1.0,2 Metropolitan,2,1,Wednesday,off-peak,60,T-Junction,Straight road,Level,Dry,Not Raining,Daylight,Rear End,Traffic Signals
2018-7269-15/08/2019,2,1,Rider,Female,54.0,NotApplicable,NotApplicable,NotFatal,NotWorn,PCycling,NoLicence,Straight Ahead,1.0,2 Metropolitan,2,1,Tuesday,peak,60,T-Junction,Straight road,Level,Dry,Not Raining,Night,Right Angle,Traffic Signals
2018-7271-15/08/2019,2,1,Driver,Female,39.0,Driver,Not Thrown Out,NotFatal,Worn,Medium,Full,Straight Ahead,1.0,2 Metropolitan,2,1,Wednesday,off-peak,60,Cross Road,Straight road,Level,Dry,Not Raining,Daylight,Right Angle,Stop Sign
2018-7273-15/08/2019,1,1,Passenger,Female,51.0,Front Seat Left Passenger,Not Thrown Out,NotFatal,NotWorn,Small,NoLicence,Swerving,2.0,2 Metropolitan,2,1,Wednesday,peak,60,Not Divided,Straight road,Level,Dry,Not Raining,Daylight,Hit Fixed Object,No Control
2018-7275-15/08/2019,1,1,Driver,Male,25.0,Driver,Not Thrown Out,NotFatal,Worn,Small,Full,Straight Ahead,1.0,3 Country,2,1,Wednesday,off-peak,100,Not Divided,Straight road,Level,Dry,Not Raining,Daylight,Hit Fixed Object,No Control
2018-7276-15/08/2019,1,1,Driver,Female,45.0,Driver,Not Thrown Out,NotFatal,Worn,Medium,Full,Stopped on Carriageway,1.0,3 Country,2,1,Monday,off-peak,60,Cross Road,Straight road,Level,Dry,Not Raining,Daylight,Rear End,Roundabout
2018-7278-15/08/2019,2,1,Driver,Female,54.0,Driver,Not Thrown Out,NotFatal,Worn,Medium,Full,Straight Ahead,1.0,2 Metropolitan,3,1,Wednesday,peak,90,Divided Road,Straight road,Level,Dry,Not Raining,Daylight,Rear End,No Control
2018-7282-15/08/2019,1,1,Rider,Male,52.0,NotApplicable,NotApplicable,NotFatal,NotWorn,MCycling,NoLicence,Straight Ahead,1.0,1 City,2,1,Wednesday,peak,50,Cross Road,Straight road,Level,Dry,Not Raining,Night,Right Turn,Traffic Signals
2018-7284-15/08/2019,2,1,Rider,Male,77.0,NotApplicable,NotApplicable,NotFatal,NotWorn,MCycling,NoLicence,Right Turn,2.0,3 Country,2,2,Wednesday,off-peak,50,T-Junction,Straight road,Level,Dry,Not Raining,Daylight,Right Turn,No Control
2018-7284-15/08/2019,2,2,Passenger,Female,74.0,Passenger of Motorcycle,Thrown Out,NotFatal,NotWorn,MCycling,NoLicence,Right Turn,2.0,3 Country,2,2,Wednesday,off-peak,50,T-Junction,Straight road,Level,Dry,Not Raining,Daylight,Right Turn,No Control
2018-7286-15/08/2019,1,1,Driver,Female,39.88915925490854,Driver,Not Thrown Out,NotFatal,Worn,Medium,Unknown,Straight Ahead,2.0,3 Country,1,2,Wednesday,peak,110,Not Divided,Straight road,Level,Dry,Not Raining,Daylight,Roll Over,No Control
2018-7286-15/08/2019,1,2,Passenger,Male,39.88915925490854,Front Seat Left Passenger,Not Thrown Out,NotFatal,NotWorn,Medium,NoLicence,Straight Ahead,2.0,3 Country,1,2,Wednesday,peak,110,Not Divided,Straight road,Level,Dry,Not Raining,Daylight,Roll Over,No Control
2018-7288-15/08/2019,1,1,Driver,Female,65.0,Driver,Not Thrown Out,NotFatal,Worn,Utility,Unlicenced,Stopped on Carriageway,1.0,3 Country,2,1,Wednesday,off-peak,50,Not Divided,Straight road,Level,Dry,Not Raining,Night,Rear End,No Control
2018-7289-15/08/2019,1,1,Passenger,Female,32.0,Front Seat Left Passenger,Not Thrown Out,NotFatal,NotWorn,Small,NoLicence,Straight Ahead,2.0,2 Metropolitan,2,1,Tuesday,off-peak,80,Not Divided,"CURVED, VIEW OBSCURED",Level,Wet,Raining,Daylight,Hit Fixed Object,No Control
2018-7292-15/08/2019,1,1,Driver,Male,27.0,Driver,Not Thrown Out,NotFatal,Worn,Small,Full,Straight Ahead,2.0,1 City,2,1,Thursday,off-peak,60,Divided Road,Straight road,Level,Dry,Not Raining,Night,Side Swipe,No Control
2018-7294-15/08/2019,1,1,Driver,Female,92.0,Driver,Not Thrown Out,NotFatal,Worn,Small,Full,Leaving Private Driveway,1.0,3 Country,3,1,Thursday,peak,50,Not Divided,Straight road,Level,Dry,Not Raining,Daylight,Right Angle,No Control
2018-7296-15/08/2019,2,1,Passenger,Female,56.0,Passenger on Multi-Passenger Vehicle,Not Thrown Out,NotFatal,NotWorn,Large,NoLicence,Straight Ahead,60.0,1 City,2,1,Thursday,peak,50,Cross Road,Straight road,Slope,Dry,Not Raining,Daylight,Side Swipe,Traffic Signals
2018-7299-15/08/2019,1,1,Rider,Male,49.0,NotApplicable,NotApplicable,NotFatal,NotWorn,MCycling,NoLicence,Straight Ahead,1.0,2 Metropolitan,2,1,Thursday,peak,50,Cross Road,Straight road,Level,Dry,Not Raining,Night,Right Angle,Roundabout
2018-7300-15/08/2019,2,1,Driver,Female,19.0,Driver,Not Thrown Out,NotFatal,Worn,Small,Provisional 2,Straight Ahead,1.0,2 Metropolitan,2,1,Thursday,peak,50,Not Divided,Straight road,Level,Wet,Raining,Daylight,Side Swipe,No Control
2018-7302-15/08/2019,2,1,Driver,Female,79.0,Driver,Not Thrown Out,NotFatal,Worn,Small,Full,Straight Ahead,1.0,2 Metropolitan,2,1,Thursday,off-peak,60,Cross Road,Straight road,Level,Wet,Raining,Daylight,Head On,Stop Sign
2018-7304-15/08/2019,1,1,Driver,Male,20.0,Driver,Not Thrown Out,NotFatal,Worn,Small,Provisional 2,Straight Ahead,3.0,2 Metropolitan,2,1,Thursday,off-peak,60,T-Junction,Straight road,Level,Wet,Raining,Daylight,Right Angle,No Control
2018-7322-15/08/2019,1,1,Driver,Female,73.0,Driver,Not Thrown Out,NotFatal,Worn,Small,Full,U Turn,1.0,3 Country,2,1,Thursday,peak,50,Not Divided,Straight road,Level,Wet,Raining,Daylight,Side Swipe,No Control
2018-7323-15/08/2019,1,1,Driver,Male,77.0,Driver,Not Thrown Out,NotFatal,Worn,Small,Full,Straight Ahead,2.0,2 Metropolitan,2,1,Thursday,peak,60,T-Junction,Straight road,Level,Wet,Raining,Daylight,Right Turn,No Control
2018-7325-15/08/2019,1,1,Driver,Male,33.0,Driver,Not Thrown Out,NotFatal,Worn,Small,Provisional 2,Overtaking - on Left,2.0,3 Country,2,1,Wednesday,peak,110,Not Divided,Straight road,Level,Dry,Not Raining,Daylight,Hit Fixed Object,No Control