REPORT_ID,UND_UNIT_NUMBER,CASUALTY_NUMBER,cas_type,cas_gender,cas_age,cas_pos_in_veh,thrown_out,fatality,seat_belt,unit_type,lic_type,unit_movement,n_occupants,stat_area,total_units,cas_total,day,time,area_speed,acc_pos,hor_align,ver_align,moist_cond,wea_cond,dayNight,crash_type,traf_ctrls
2018-7784-15/08/2019,2,1,Driver,Female,48.0,Driver,Not Thrown Out,NotFatal,Worn,Small,Full,Stopped on Carriageway,1.0,2 Metropolitan,2,1,Wednesday,off-peak,60,Cross Road,Straight road,Level,Dry,Not Raining,Daylight,Rear End,Traffic Signals
2018-7787-15/08/2019,1,1,Driver,Female,64.0,Driver,Not Thrown Out,NotFatal,Worn,Small,Full,Stopped on Carriageway,1.0,2 Metropolitan,2,1,Wednesday,off-peak,60,Cross Road,Straight road,Level,Dry,Not Raining,Daylight,Rear End,Traffic Signals
2018-7789-15/08/2019,1,1,Rider,Male,55.0,NotApplicable,NotApplicable,NotFatal,NotWorn,PCycling,NoLicence,Right Turn,1.0,2 Metropolitan,1,1,Tuesday,off-peak,50,Cross Road,Straight road,Level,Unknown,Not Raining,Night,Roll Over,Stop Sign
2018-7790-15/08/2019,1,1,Driver,Male,62.0,Driver,Not Thrown Out,NotFatal,Worn,Utility,Full,Straight Ahead,2.0,3 Country,1,2,Wednesday,off-peak,110,Not Divided,Straight road,Level,Dry,Not Raining,Daylight,Roll Over,No Control
2018-7790-15/08/2019,1,2,Passenger,Female,69.0,Front Seat Left Passenger,Not Thrown Out,NotFatal,NotWorn,Utility,NoLicence,Straight Ahead,2.0,3 Country,1,2,Wednesday,off-peak,110,Not Divided,Straight road,Level,Dry,Not Raining,Daylight,Roll Over,No Control
2018-7791-15/08/2019,2,1,Driver,Female,27.0,Driver,Not Thrown Out,NotFatal,Worn,Medium,Full,Right Turn,1.0,2 Metropolitan,2,1,Wednesday,off-peak,60,T-Junction,"CURVED, VIEW OPEN",Level,Dry,Not Raining,Daylight,Right Turn,Traffic Signals
2018-7793-15/08/2019,1,1,Driver,Female,27.0,Driver,Not Thrown Out,NotFatal,Worn,Small,Full,Straight Ahead,2.0,2 Metropolitan,3,2,Wednesday,off-peak,70,Not Divided,Straight road,Slope,Dry,Not Raining,Daylight,Rear End,No Control
2018-7793-15/08/2019,1,2,Passenger,Male,9.0,Front Seat Left Passenger,Not Thrown Out,NotFatal,NotWorn,Small,NoLicence,Straight Ahead,2.0,2 Metropolitan,3,2,Wednesday,off-peak,70,Not Divided,Straight road,Slope,Dry,Not Raining,Daylight,Rear End,No Control
2018-7798-15/08/2019,1,1,Driver,Female,33.0,Driver,Not Thrown Out,NotFatal,Worn,Small,Full,Stopped on Carriageway,1.0,2 Metropolitan,2,1,Wednesday,peak,70,Divided Road,"CURVED, VIEW OPEN",Level,Dry,Not Raining,Daylight,Rear End,No Control
2018-7799-15/08/2019,2,1,Pedestrian,Male,39.88915925490854,NotApplicable,NotApplicable,NotFatal,NotWorn,Pedestrian on Road,NoLicence,Crossing without Control,1.0,2 Metropolitan,2,1,Wednesday,off-peak,60,T-Junction,Straight road,Level,Dry,Not Raining,Daylight,Hit Pedestrian,No Control
2018-7801-15/08/2019,1,1,Driver,Female,57.0,Driver,Not Thrown Out,NotFatal,Worn,Small,Full,Stopped on Carriageway,1.0,2 Metropolitan,3,1,Wednesday,off-peak,60,T-Junction,Straight road,Level,Dry,Not Raining,Daylight,Rear End,No Control
2018-7806-15/08/2019,1,1,Driver,Male,44.0,Driver,Not Thrown Out,NotFatal,Worn,Medium,Full,Straight Ahead,2.0,3 Country,2,2,Wednesday,off-peak,100,Not Divided,Straight road,Level,Dry,Not Raining,Night,Other,No Control
2018-7806-15/08/2019,1,2,Passenger,Female,55.0,Front Seat Left Passenger,Not Thrown Out,NotFatal,NotWorn,Medium,NoLicence,Straight Ahead,2.0,3 Country,2,2,Wednesday,off-peak,100,Not Divided,Straight road,Level,Dry,Not Raining,Night,Other,No Control
2018-7809-15/08/2019,1,1,Driver,Male,60.0,Driver,Not Thrown Out,NotFatal,Worn,Small,Full,Straight Ahead,1.0,3 Country,1,1,Wednesday,off-peak,110,Divided Road,Straight road,Level,Dry,Not Raining,Daylight,Roll Over,No Control
2018-7810-15/08/2019,1,1,Driver,Male,44.0,Driver,Not Thrown Out,NotFatal,Worn,Medium,Full,Stopped on Carriageway,1.0,2 Metropolitan,2,1,Thursday,off-peak,80,Divided Road,Straight road,Level,Dry,Not Raining,Night,Rear End,No Control
2018-7823-15/08/2019,1,1,Driver,Male,35.0,Driver,Not Thrown Out,NotFatal,Worn,Medium,Full,Stopped on Carriageway,1.0,2 Metropolitan,2,1,Thursday,off-peak,60,T-Junction,"CURVED, VIEW OPEN",Level,Dry,Not Raining,Daylight,Rear End,Traffic Signals
2018-7826-15/08/2019,1,1,Driver,Male,69.0,Driver,Not Thrown Out,NotFatal,Worn,Small,Unlicenced,Straight Ahead,1.0,2 Metropolitan,2,1,Thursday,off-peak,50,Not Divided,Straight road,Level,Dry,Not Raining,Daylight,Hit Fixed Object,No Control
2018-7829-15/08/2019,1,1,Driver,Female,18.0,Driver,Not Thrown Out,NotFatal,Worn,Small,Provisional 2,Right Turn,1.0,2 Metropolitan,2,2,Thursday,off-peak,60,T-Junction,Straight road,Level,Dry,Not Raining,Daylight,Right Angle,No Control
2018-7829-15/08/2019,2,1,Driver,Female,54.0,Driver,Not Thrown Out,NotFatal,Worn,Small,Full,Straight Ahead,2.0,2 Metropolitan,2,2,Thursday,off-peak,60,T-Junction,Straight road,Level,Dry,Not Raining,Daylight,Right Angle,No Control
2018-7833-15/08/2019,1,1,Rider,Male,39.88915925490854,NotApplicable,NotApplicable,NotFatal,NotWorn,PCycling,NoLicence,Straight Ahead,1.0,2 Metropolitan,2,1,Wednesday,off-peak,60,T-Junction,"CURVED, VIEW OPEN",Level,Dry,Not Raining,Daylight,Right Angle,No Control
2018-7834-15/08/2019,2,1,Pedestrian,Female,43.0,NotApplicable,NotApplicable,NotFatal,NotWorn,Pedestrian on Road,NoLicence,Crossing with Traffic Signals,1.0,1 City,2,1,Wednesday,off-peak,50,Cross Road,Straight road,Level,Dry,Not Raining,Night,Hit Pedestrian,Traffic Signals
2018-7838-15/08/2019,2,1,Driver,Female,47.0,Driver,Not Thrown Out,NotFatal,Worn,Small,Full,Straight Ahead,1.0,2 Metropolitan,2,1,Thursday,peak,60,T-Junction,Straight road,Level,Dry,Not Raining,Daylight,Right Angle,No Control
2018-7841-15/08/2019,1,1,Driver,Female,49.0,Driver,Not Thrown Out,NotFatal,Worn,Small,Full,Right Turn,1.0,2 Metropolitan,2,3,Thursday,off-peak,80,Cross Road,Straight road,Level,Dry,Not Raining,Night,Right Turn,Traffic Signals
2018-7841-15/08/2019,2,1,Driver,Female,48.0,Driver,Not Thrown Out,NotFatal,Worn,Small,Full,Straight Ahead,2.0,2 Metropolitan,2,3,Thursday,off-peak,80,Cross Road,Straight road,Level,Dry,Not Raining,Night,Right Turn,Traffic Signals
2018-7841-15/08/2019,2,2,Passenger,Female,47.0,Front Seat Left Passenger,Not Thrown Out,NotFatal,NotWorn,Small,NoLicence,Straight Ahead,2.0,2 Metropolitan,2,3,Thursday,off-peak,80,Cross Road,Straight road,Level,Dry,Not Raining,Night,Right Turn,Traffic Signals
2018-7842-15/08/2019,1,1,Driver,Female,35.0,Driver,Not Thrown Out,NotFatal,Worn,Small,Full,Right Turn,1.0,2 Metropolitan,2,1,Thursday,off-peak,60,T-Junction,Straight road,Level,Dry,Not Raining,Night,Right Turn,Traffic Signals
2018-7844-15/08/2019,1,1,Driver,Female,38.0,Driver,Not Thrown Out,NotFatal,Unknown,Small,Full,Straight Ahead,1.0,2 Metropolitan,3,1,Thursday,off-peak,50,Not Divided,"CURVED, VIEW OPEN",Level,Wet,Raining,Night,Hit Parked Vehicle,No Control
2018-7845-15/08/2019,2,1,Pedestrian,Male,3.0,NotApplicable,NotApplicable,NotFatal,NotWorn,Pedestrian on Road,NoLicence,Crossing without Control,1.0,1 City,2,1,Thursday,off-peak,60,Not Divided,Straight road,Level,Wet,Raining,Night,Hit Pedestrian,No Control
2018-7849-15/08/2019,2,1,Pedestrian,Male,27.0,NotApplicable,NotApplicable,NotFatal,NotWorn,Pedestrian on Road,NoLicence,Crossing without Control,1.0,2 Metropolitan,2,1,Thursday,off-peak,60,Divided Road,Straight road,Level,Wet,Raining,Night,Hit Pedestrian,No Control
2018-7857-15/08/2019,1,1,Driver,Male,33.0,Driver,Not Thrown Out,NotFatal,Worn,Small,Full,Stopped on Carriageway,1.0,2 Metropolitan,2,1,Friday,off-peak,50,Multiple,Straight road,Level,Wet,Raining,Daylight,Rear End,Traffic Signals
2018-7862-15/08/2019,2,1,Pedestrian,Female,23.0,NotApplicable,NotApplicable,NotFatal,NotWorn,Pedestrian on Road,NoLicence,Crossing without Control,1.0,2 Metropolitan,2,1,Friday,peak,60,Divided Road,Straight road,Level,Wet,Raining,Daylight,Hit Pedestrian,No Control
2018-7863-15/08/2019,2,1,Driver,Female,46.0,Driver,Not Thrown Out,NotFatal,Worn,Small,Full,Straight Ahead,1.0,2 Metropolitan,2,1,Friday,peak,70,T-Junction,Straight road,Slope,Wet,Raining,Daylight,Right Turn,Traffic Signals
2018-7865-15/08/2019,2,1,Passenger,Female,63.0,Front Seat Left Passenger,Not Thrown Out,NotFatal,NotWorn,MCycling,NoLicence,Straight Ahead,2.0,2 Metropolitan,2,1,Thursday,off-peak,60,T-Junction,Straight road,Level,Dry,Not Raining,Daylight,Rear End,No Control
2018-7868-15/08/2019,1,1,Driver,Female,39.0,Driver,Not Thrown Out,NotFatal,Worn,Medium,Full,Right Turn,3.0,2 Metropolitan,2,1,Friday,off-peak,80,Cross Road,Straight road,Level,Wet,Not Raining,Daylight,Right Turn,Traffic Signals
2018-7870-15/08/2019,1,1,Driver,Male,49.0,Driver,Not Thrown Out,NotFatal,Worn,Medium,Full,Straight Ahead,1.0,2 Metropolitan,2,4,Friday,off-peak,60,Cross Road,Straight road,Crest of Hill,Wet,Raining,Daylight,Right Angle,Give Way Sign
2018-7870-15/08/2019,2,1,Driver,Male,15.0,Driver,Not Thrown Out,NotFatal,Worn,Small,Unlicenced,Straight Ahead,3.0,2 Metropolitan,2,4,Friday,off-peak,60,Cross Road,Straight road,Crest of Hill,Wet,Raining,Daylight,Right Angle,Give Way Sign
2018-7870-15/08/2019,2,2,Passenger,Male,15.0,Rear Seat Right Passenger,Not Thrown Out,NotFatal,NotWorn,Small,NoLicence,Straight Ahead,3.0,2 Metropolitan,2,4,Friday,off-peak,60,Cross Road,Straight road,Crest of Hill,Wet,Raining,Daylight,Right Angle,Give Way Sign
2018-7870-15/08/2019,2,3,Passenger,Male,18.0,Front Seat Left Passenger,Not Thrown Out,NotFatal,NotWorn,Small,NoLicence,Straight Ahead,3.0,2 Metropolitan,2,4,Friday,off-peak,60,Cross Road,Straight road,Crest of Hill,Wet,Raining,Daylight,Right Angle,Give Way Sign
2018-7884-15/08/2019,2,1,Driver,Female,45.0,Driver,Thrown Out,NotFatal,Worn,Small,Full,Stopped on Carriageway,1.0,2 Metropolitan,3,1,Friday,off-peak,90,Cross Road,Straight road,Level,Wet,Raining,Daylight,Rear End,Stop Sign
2018-7885-15/08/2019,1,1,Driver,Male,91.0,Driver,Not Thrown Out,NotFatal,Worn,Small,Full,Unparking -Angle,1.0,3 Country,3,1,Friday,off-peak,50,Not Divided,Straight road,Level,Dry,Not Raining,Daylight,Hit Fixed Object,No Control
2018-7888-15/08/2019,1,1,Driver,Female,79.0,Driver,Not Thrown Out,NotFatal,Worn,Small,Full,Straight Ahead,1.0,2 Metropolitan,2,1,Friday,off-peak,60,Divided Road,Straight road,Level,Dry,Not Raining,Daylight,Hit Fixed Object,No Control
2018-7889-15/08/2019,1,1,Driver,Female,42.0,Driver,Not Thrown Out,NotFatal,Worn,Small,Unlicenced,Reversing,2.0,2 Metropolitan,3,1,Friday,off-peak,60,Not Divided,Straight road,Level,Dry,Not Raining,Daylight,Rear End,No Control
2018-7897-15/08/2019,1,1,Driver,Male,42.0,Driver,Not Thrown Out,NotFatal,Unknown,Utility,Full,Overtaking - on Right,1.0,3 Country,3,1,Friday,peak,110,Not Divided,Straight road,Level,Wet,Unknown,Daylight,Side Swipe,No Control
2018-7900-15/08/2019,1,1,Rider,Male,56.0,NotApplicable,NotApplicable,NotFatal,NotWorn,PCycling,NoLicence,Straight Ahead,1.0,2 Metropolitan,2,1,Wednesday,off-peak,60,Not Divided,Straight road,Level,Dry,Not Raining,Night,Hit Object on Road,No Control
2018-7907-15/08/2019,1,1,Passenger,Female,75.0,Front Seat Left Passenger,Not Thrown Out,NotFatal,NotWorn,Small,NoLicence,Straight Ahead,2.0,2 Metropolitan,2,1,Saturday,off-peak,60,Divided Road,Straight road,Level,Dry,Not Raining,Night,Hit Parked Vehicle,No Control
2018-7910-15/08/2019,1,1,Driver,Male,23.0,Driver,Not Thrown Out,NotFatal,Unknown,Small,Full,Straight Ahead,4.0,2 Metropolitan,2,1,Saturday,off-peak,90,Divided Road,Straight road,Level,Dry,Not Raining,Night,Hit Fixed Object,No Control
2018-7911-15/08/2019,1,1,Driver,Male,22.0,Driver,Thrown Out,NotFatal,Unknown,Utility,Unlicenced,Straight Ahead,1.0,3 Country,4,1,Friday,off-peak,40,Not Divided,"CURVED, VIEW OPEN",Level,Dry,Not Raining,Night,Hit Fixed Object,No Control
2018-7912-15/08/2019,2,1,Driver,Female,40.0,Driver,Not Thrown Out,NotFatal,Worn,Small,Full,Right Turn,1.0,2 Metropolitan,2,1,Saturday,off-peak,60,Cross Road,Straight road,Level,Dry,Not Raining,Night,Right Turn,Traffic Signals
2018-7917-15/08/2019,1,1,Driver,Male,29.0,Driver,Not Thrown Out,NotFatal,Worn,MCycling,Full,Straight Ahead,1.0,3 Country,2,1,Saturday,off-peak,80,Not Divided,Straight road,Level,Dry,Not Raining,Night,Hit Fixed Object,No Control
2018-7920-15/08/2019,1,1,Driver,Male,39.0,Driver,Not Thrown Out,NotFatal,Unknown,Medium,Full,Straight Ahead,1.0,2 Metropolitan,2,1,Saturday,peak,50,Not Divided,Straight road,Level,Dry,Not Raining,Daylight,Hit Fixed Object,No Control
2018-7932-15/08/2019,1,1,Passenger,Female,9.0,Front Seat Left Passenger,Not Thrown Out,NotFatal,NotWorn,Small,NoLicence,Straight Ahead,3.0,2 Metropolitan,3,2,Saturday,off-peak,60,Divided Road,Straight road,Slope,Wet,Not Raining,Daylight,Rear End,No Control
2018-7932-15/08/2019,1,2,Passenger,Male,4.0,Rear Seat Left Passenger,Not Thrown Out,NotFatal,NotWorn,Small,NoLicence,Straight Ahead,3.0,2 Metropolitan,3,2,Saturday,off-peak,60,Divided Road,Straight road,Slope,Wet,Not Raining,Daylight,Rear End,No Control
2018-7934-15/08/2019,1,1,Pedestrian,Female,57.0,NotApplicable,NotApplicable,NotFatal,NotWorn,Pedestrian on Footpath/Carpark,NoLicence,Walking on Footpath,1.0,2 Metropolitan,2,1,Friday,off-peak,50,Not Divided,Straight road,Level,Dry,Not Raining,Night,Hit Pedestrian,No Control
2018-7936-15/08/2019,1,1,Rider,Male,22.0,NotApplicable,NotApplicable,NotFatal,NotWorn,MCycling,NoLicence,Straight Ahead,1.0,2 Metropolitan,3,1,Saturday,peak,80,Not Divided,"CURVED, VIEW OPEN",Slope,Dry,Not Raining,Daylight,Hit Parked Vehicle,No Control
2018-7937-15/08/2019,1,1,Rider,Male,54.0,NotApplicable,NotApplicable,NotFatal,NotWorn,MCycling,NoLicence,Straight Ahead,1.0,3 Country,1,1,Saturday,peak,100,Not Divided,"CURVED, VIEW OBSCURED",Slope,Dry,Not Raining,Daylight,Roll Over,No Control
2018-7940-15/08/2019,1,1,Driver,Male,25.0,Driver,Not Thrown Out,NotFatal,Worn,Small,Unlicenced,Straight Ahead,1.0,3 Country,1,1,Sunday,off-peak,100,Not Divided,"CURVED, VIEW OPEN",Crest of Hill,Dry,Not Raining,Night,Roll Over,No Control
2018-7941-15/08/2019,1,1,Driver,Female,38.0,Driver,Not Thrown Out,NotFatal,Worn,Small,Full,Straight Ahead,2.0,3 Country,2,2,Sunday,off-peak,110,Not Divided,Straight road,Level,Dry,Not Raining,Night,Hit Fixed Object,No Control
2018-7941-15/08/2019,1,2,Passenger,Male,41.0,Front Seat Left Passenger,Not Thrown Out,NotFatal,NotWorn,Small,NoLicence,Straight Ahead,2.0,3 Country,2,2,Sunday,off-peak,110,Not Divided,Straight road,Level,Dry,Not Raining,Night,Hit Fixed Object,No Control
2018-7944-15/08/2019,1,1,Driver,Male,28.0,Driver,Not Thrown Out,NotFatal,Worn,Small,Full,Straight Ahead,1.0,2 Metropolitan,2,1,Saturday,off-peak,100,Not Divided,"CURVED, VIEW OPEN",Slope,Dry,Not Raining,Daylight,Hit Fixed Object,No Control
2018-7945-15/08/2019,1,1,Driver,Female,22.0,Driver,Not Thrown Out,NotFatal,Worn,Small,Provisional 2,Straight Ahead,1.0,2 Metropolitan,2,1,Sunday,peak,60,T-Junction,Straight road,Level,Dry,Not Raining,Daylight,Right Angle,No Control
2018-7947-15/08/2019,2,1,Rider,Female,43.0,NotApplicable,NotApplicable,NotFatal,NotWorn,PCycling,NoLicence,Straight Ahead,1.0,2 Metropolitan,2,1,Sunday,off-peak,60,T-Junction,Straight road,Slope,Dry,Not Raining,Daylight,Right Angle,Give Way Sign
2018-7949-15/08/2019,1,1,Rider,Male,56.0,NotApplicable,NotApplicable,NotFatal,NotWorn,MCycling,NoLicence,Straight Ahead,1.0,2 Metropolitan,1,1,Sunday,off-peak,60,Not Divided,"CURVED, VIEW OPEN",Bottom of Hill,Dry,Not Raining,Daylight,Roll Over,No Control
2018-7953-15/08/2019,1,1,Driver,Male,17.0,Driver,Not Thrown Out,Fatal,Unknown,Small,Provisional 1 ,Overtaking - on Right,1.0,3 Country,2,1,Sunday,off-peak,100,Not Divided,Straight road,Level,Dry,Not Raining,Daylight,Hit Fixed Object,No Control
2018-7959-15/08/2019,1,1,Pedestrian,Unknown,39.88915925490854,NotApplicable,NotApplicable,NotFatal,NotWorn,Pedestrian on Footpath/Carpark,NoLicence,Walking on Footpath,1.0,2 Metropolitan,2,1,Sunday,off-peak,60,Divided Road,Straight road,Level,Wet,Raining,Daylight,Hit Pedestrian,No Control
2018-7960-15/08/2019,2,1,Rider,Female,40.0,NotApplicable,NotApplicable,NotFatal,NotWorn,PCycling,NoLicence,Straight Ahead,1.0,2 Metropolitan,2,1,Sunday,peak,50,Cross Road,Straight road,Level,Wet,Raining,Daylight,Right Angle,Roundabout
2018-7962-15/08/2019,2,1,Rider,Male,16.0,NotApplicable,NotApplicable,NotFatal,NotWorn,MCycling,NoLicence,Straight Ahead,1.0,3 Country,2,1,Sunday,off-peak,50,Divided Road,Straight road,Level,Dry,Not Raining,Night,Right Turn,No Control
2018-7965-15/08/2019,1,1,Driver,Male,62.0,Driver,Not Thrown Out,NotFatal,Worn,Utility,Full,Straight Ahead,1.0,3 Country,2,1,Wednesday,off-peak,50,T-Junction,Straight road,Slope,Dry,Not Raining,Daylight,Hit Fixed Object,Give Way Sign
2018-7966-15/08/2019,2,1,Driver,Male,39.88915925490854,Driver,Not Thrown Out,NotFatal,Worn,Small,Full,Straight Ahead,1.0,1 City,2,1,Sunday,off-peak,50,Cross Road,Straight road,Level,Wet,Raining,Night,Right Angle,Give Way Sign
2018-7976-15/08/2019,2,1,Driver,Female,73.0,Driver,Not Thrown Out,NotFatal,Worn,Small,Full,Straight Ahead,1.0,2 Metropolitan,3,1,Monday,off-peak,50,Not Divided,Straight road,Level,Wet,Raining,Daylight,Rear End,No Control
2018-7982-15/08/2019,1,1,Driver,Male,26.0,Driver,Not Thrown Out,NotFatal,Worn,Small,Provisional 1 ,Left Turn,1.0,2 Metropolitan,3,1,Monday,off-peak,80,Cross Road,Straight road,Level,Dry,Not Raining,Daylight,Right Angle,Traffic Signals
2018-7987-15/08/2019,1,1,Driver,Male,30.0,Driver,Not Thrown Out,NotFatal,Worn,Small,Full,Straight Ahead,1.0,2 Metropolitan,2,1,Monday,off-peak,60,T-Junction,Straight road,Level,Wet,Not Raining,Daylight,Right Angle,Stop Sign
2018-7989-15/08/2019,1,1,Driver,Male,18.0,Driver,Not Thrown Out,NotFatal,Worn,Utility,Provisional 1 ,Straight Ahead,1.0,3 Country,2,1,Monday,peak,110,Not Divided,"CURVED, VIEW OPEN",Crest of Hill,Wet,Raining,Daylight,Hit Fixed Object,No Control
2018-7990-15/08/2019,2,1,Driver,Female,21.0,Driver,Not Thrown Out,NotFatal,Worn,Small,Full,Stopped on Carriageway,1.0,2 Metropolitan,2,1,Monday,peak,60,Divided Road,Straight road,Slope,Wet,Raining,Daylight,Rear End,No Control
2018-7991-15/08/2019,1,1,Pedestrian,Male,39.88915925490854,NotApplicable,NotApplicable,NotFatal,NotWorn,Pedestrian on Road,NoLicence,Crossing without Control,1.0,1 City,2,1,Monday,off-peak,50,Not Divided,Straight road,Level,Wet,Raining,Daylight,Hit Pedestrian,No Control
2018-7993-15/08/2019,2,1,Passenger,Female,2.0,Rear Seat Right Passenger,Not Thrown Out,NotFatal,NotWorn,Small,NoLicence,Swerving,3.0,3 Country,2,2,Monday,off-peak,60,Divided Road,Straight road,Level,Wet,Raining,Daylight,Side Swipe,No Control
2018-7993-15/08/2019,2,2,Passenger,Female,1.0,Rear Seat Middle Passenger,Not Thrown Out,NotFatal,NotWorn,Small,NoLicence,Swerving,3.0,3 Country,2,2,Monday,off-peak,60,Divided Road,Straight road,Level,Wet,Raining,Daylight,Side Swipe,No Control
2018-7994-15/08/2019,1,1,Driver,Male,59.0,Driver,Not Thrown Out,NotFatal,Worn,Utility,Full,Straight Ahead,1.0,3 Country,2,1,Monday,off-peak,100,Not Divided,Straight road,Level,Dry,Not Raining,Daylight,Hit Fixed Object,No Control
2018-8002-15/08/2019,2,1,Driver,Male,35.0,Driver,Not Thrown Out,NotFatal,Worn,Small,Full,Straight Ahead,1.0,2 Metropolitan,3,1,Monday,off-peak,60,Divided Road,Straight road,Level,Dry,Not Raining,Daylight,Rear End,No Control
2018-8005-15/08/2019,1,1,Driver,Female,35.0,Driver,Not Thrown Out,NotFatal,Worn,Small,Full,Straight Ahead,1.0,2 Metropolitan,2,1,Monday,peak,60,T-Junction,Straight road,Level,Wet,Not Raining,Daylight,Right Angle,Stop Sign
2018-8008-15/08/2019,3,1,Driver,Female,31.0,Driver,Not Thrown Out,NotFatal,Worn,Small,Full,Stopped on Carriageway,1.0,2 Metropolitan,3,1,Sunday,off-peak,60,Divided Road,Straight road,Level,Dry,Not Raining,Daylight,Rear End,No Control
2018-8011-15/08/2019,2,1,Driver,Male,18.0,Driver,Not Thrown Out,NotFatal,Unknown,Small,Provisional 2,Straight Ahead,3.0,2 Metropolitan,2,1,Monday,off-peak,70,T-Junction,Straight road,Level,Wet,Raining,Daylight,Right Angle,No Control
2018-8012-15/08/2019,1,1,Pedestrian,Female,26.0,NotApplicable,NotApplicable,NotFatal,NotWorn,Pedestrian on Road,NoLicence,Crossing with Traffic Signals,1.0,1 City,2,1,Monday,off-peak,50,Cross Road,Straight road,Level,Wet,Raining,Night,Hit Pedestrian,Traffic Signals
2018-8013-15/08/2019,1,1,Driver,Female,39.88915925490854,Driver,Not Thrown Out,NotFatal,Worn,Small,Unlicenced,Straight Ahead,1.0,2 Metropolitan,3,1,Monday,off-peak,60,Cross Road,Straight road,Level,Wet,Raining,Night,Hit Fixed Object,Traffic Signals
2018-8014-15/08/2019,1,1,Driver,Male,79.0,Driver,Not Thrown Out,NotFatal,Worn,Small,Full,Swerving,1.0,2 Metropolitan,7,4,Monday,peak,20,Other,Straight road,Level,Dry,Not Raining,Daylight,Hit Pedestrian,No Control
2018-8014-15/08/2019,2,1,Pedestrian,Male,40.0,NotApplicable,NotApplicable,NotFatal,NotWorn,Pedestrian on Footpath/Carpark,NoLicence,Walking on Footpath,1.0,2 Metropolitan,7,4,Monday,peak,20,Other,Straight road,Level,Dry,Not Raining,Daylight,Hit Pedestrian,No Control
2018-8014-15/08/2019,3,1,Pedestrian,Male,63.0,NotApplicable,NotApplicable,NotFatal,NotWorn,Pedestrian on Footpath/Carpark,NoLicence,Walking on Footpath,1.0,2 Metropolitan,7,4,Monday,peak,20,Other,Straight road,Level,Dry,Not Raining,Daylight,Hit Pedestrian,No Control
2018-8014-15/08/2019,4,1,Pedestrian,Male,39.88915925490854,NotApplicable,NotApplicable,NotFatal,NotWorn,Pedestrian on Footpath/Carpark,NoLicence,Walking on Footpath,1.0,2 Metropolitan,7,4,Monday,peak,20,Other,Straight road,Level,Dry,Not Raining,Daylight,Hit Pedestrian,No Control
2018-8017-15/08/2019,1,1,Driver,Male,22.0,Driver,Not Thrown Out,NotFatal,Worn,Small,Full,Right Turn,1.0,2 Metropolitan,2,2,Monday,off-peak,60,Cross Road,Straight road,Level,Wet,Raining,Night,Right Turn,Traffic Signals
2018-8017-15/08/2019,2,1,Driver,Male,21.0,Driver,Not Thrown Out,NotFatal,Unknown,Small,Full,Straight Ahead,3.0,2 Metropolitan,2,2,Monday,off-peak,60,Cross Road,Straight road,Level,Wet,Raining,Night,Right Turn,Traffic Signals
2018-8018-15/08/2019,1,1,Passenger,Male,15.0,Rear Seat Right Passenger,Not Thrown Out,NotFatal,NotWorn,Small,NoLicence,Straight Ahead,4.0,2 Metropolitan,2,3,Monday,off-peak,50,Not Divided,"CURVED, VIEW OPEN",Level,Wet,Raining,Night,Hit Fixed Object,No Control
2018-8018-15/08/2019,1,2,Passenger,Male,16.0,Front Seat Left Passenger,Not Thrown Out,NotFatal,NotWorn,Small,NoLicence,Straight Ahead,4.0,2 Metropolitan,2,3,Monday,off-peak,50,Not Divided,"CURVED, VIEW OPEN",Level,Wet,Raining,Night,Hit Fixed Object,No Control
2018-8018-15/08/2019,1,3,Passenger,Male,16.0,Rear Seat Left Passenger,Not Thrown Out,NotFatal,NotWorn,Small,NoLicence,Straight Ahead,4.0,2 Metropolitan,2,3,Monday,off-peak,50,Not Divided,"CURVED, VIEW OPEN",Level,Wet,Raining,Night,Hit Fixed Object,No Control
2018-8021-15/08/2019,1,1,Passenger,Female,39.88915925490854,Front Seat Left Passenger,Not Thrown Out,NotFatal,NotWorn,Small,NoLicence,Straight Ahead,2.0,2 Metropolitan,2,1,Monday,off-peak,60,Divided Road,Straight road,Level,Wet,Raining,Night,Hit Fixed Object,No Control
2018-8028-15/08/2019,2,1,Rider,Male,25.0,NotApplicable,NotApplicable,NotFatal,NotWorn,MCycling,NoLicence,Straight Ahead,1.0,3 Country,2,1,Monday,off-peak,60,Cross Road,Straight road,Level,Dry,Not Raining,Daylight,Right Angle,Roundabout
2018-8030-15/08/2019,1,1,Driver,Male,73.0,Driver,Not Thrown Out,NotFatal,Worn,Utility,Full,Straight Ahead,1.0,3 Country,3,1,Thursday,off-peak,100,Not Divided,Straight road,Level,Dry,Not Raining,Daylight,Hit Fixed Object,No Control
2018-8032-15/08/2019,1,1,Driver,Female,19.0,Driver,Not Thrown Out,NotFatal,Worn,MCycling,Unknown,Straight Ahead,2.0,3 Country,1,2,Monday,off-peak,110,Not Divided,"CURVED, VIEW OPEN",Level,Wet,Raining,Daylight,Roll Over,No Control
2018-8032-15/08/2019,1,2,Passenger,Female,18.0,Front Seat Left Passenger,Not Thrown Out,NotFatal,NotWorn,MCycling,NoLicence,Straight Ahead,2.0,3 Country,1,2,Monday,off-peak,110,Not Divided,"CURVED, VIEW OPEN",Level,Wet,Raining,Daylight,Roll Over,No Control