REPORT_ID,UND_UNIT_NUMBER,CASUALTY_NUMBER,cas_type,cas_gender,cas_age,cas_pos_in_veh,thrown_out,fatality,seat_belt,unit_type,lic_type,unit_movement,n_occupants,stat_area,total_units,cas_total,day,time,area_speed,acc_pos,hor_align,ver_align,moist_cond,wea_cond,dayNight,crash_type,traf_ctrls
2018-8447-15/08/2019,1,1,Passenger,Female,60.0,Front Seat Left Passenger,Not Thrown Out,NotFatal,NotWorn,Small,NoLicence,Straight Ahead,2.0,2 Metropolitan,2,1,Thursday,off-peak,60,T-Junction,Straight road,Level,Dry,Not Raining,Night,Rear End,No Control
2018-8448-15/08/2019,2,1,Driver,Female,38.0,Driver,Not Thrown Out,NotFatal,Worn,Small,Full,Straight Ahead,2.0,2 Metropolitan,4,1,Thursday,off-peak,60,T-Junction,Straight road,Level,Dry,Not Raining,Night,Rear End,No Control
2018-8451-15/08/2019,2,1,Rider,Male,39.88915925490854,NotApplicable,NotApplicable,NotFatal,NotWorn,PCycling,NoLicence,Straight Ahead,1.0,2 Metropolitan,2,1,Thursday,peak,50,Not Divided,Straight road,Level,Dry,Not Raining,Daylight,Hit Parked Vehicle,No Control
2018-8453-15/08/2019,2,1,Driver,Male,49.0,Driver,Not Thrown Out,NotFatal,Worn,Medium,Full,Straight Ahead,1.0,2 Metropolitan,3,1,Thursday,off-peak,60,Divided Road,Straight road,Level,Dry,Not Raining,Daylight,Side Swipe,No Control
2018-8457-15/08/2019,2,1,Pedestrian,Female,74.0,NotApplicable,NotApplicable,NotFatal,NotWorn,Pedestrian on Footpath/Carpark,NoLicence,Walking on Footpath,1.0,3 Country,2,1,Friday,off-peak,50,Not Divided,Straight road,Level,Wet,Not Raining,Daylight,Hit Pedestrian,No Control
2018-8469-15/08/2019,1,1,Driver,Male,35.0,Driver,Not Thrown Out,NotFatal,Worn,Small,Full,Overtaking - on Right,1.0,2 Metropolitan,2,1,Friday,off-peak,80,Not Divided,Straight road,Slope,Wet,Not Raining,Daylight,Hit Fixed Object,No Control
2018-8470-15/08/2019,1,1,Driver,Male,35.0,Driver,Not Thrown Out,NotFatal,Worn,Small,Full,Straight Ahead,2.0,2 Metropolitan,2,1,Friday,off-peak,60,T-Junction,Straight road,Level,Dry,Not Raining,Daylight,Right Turn,No Control
2018-8471-15/08/2019,1,1,Driver,Male,22.0,Driver,Not Thrown Out,NotFatal,Worn,Small,Provisional 2,Straight Ahead,1.0,3 Country,2,1,Thursday,off-peak,80,Not Divided,Straight road,Level,Dry,Not Raining,Daylight,Hit Fixed Object,No Control
2018-8478-15/08/2019,1,1,Driver,Female,32.0,Driver,Not Thrown Out,NotFatal,Worn,Small,Full,Straight Ahead,1.0,2 Metropolitan,2,1,Saturday,off-peak,60,T-Junction,Straight road,Level,Wet,Not Raining,Daylight,Right Angle,No Control
2018-8481-15/08/2019,1,1,Driver,Male,70.0,Driver,Not Thrown Out,NotFatal,Worn,Small,Full,Straight Ahead,1.0,2 Metropolitan,2,1,Friday,off-peak,60,Not Divided,Straight road,Level,Dry,Not Raining,Daylight,Hit Fixed Object,No Control
2018-8485-15/08/2019,1,1,Passenger,Male,9.0,Front Seat Left Passenger,Not Thrown Out,NotFatal,NotWorn,Small,NoLicence,Right Turn,2.0,2 Metropolitan,2,1,Friday,off-peak,80,Cross Road,Straight road,Level,Wet,Raining,Night,Right Angle,Traffic Signals
2018-8487-15/08/2019,1,1,Driver,Female,73.0,Driver,Not Thrown Out,NotFatal,Worn,Small,Full,Right Turn,1.0,2 Metropolitan,2,1,Friday,off-peak,60,Cross Road,Straight road,Level,Wet,Raining,Night,Right Turn,Traffic Signals
2018-8497-15/08/2019,1,1,Driver,Female,80.0,Driver,Not Thrown Out,NotFatal,Worn,Medium,Full,Entering Private Driveway,2.0,3 Country,2,1,Friday,off-peak,110,Not Divided,"CURVED, VIEW OPEN",Level,Dry,Not Raining,Daylight,Rear End,No Control
2018-8506-15/08/2019,2,1,Passenger,Female,5.0,Rear Seat Right Passenger,Not Thrown Out,NotFatal,NotWorn,Small,NoLicence,Stopped on Carriageway,4.0,2 Metropolitan,2,3,Saturday,off-peak,60,Pedestrian Crossing,Straight road,Slope,Dry,Not Raining,Daylight,Rear End,Traffic Signals
2018-8506-15/08/2019,2,2,Passenger,Male,6.0,Rear Seat Middle Passenger,Not Thrown Out,NotFatal,NotWorn,Small,NoLicence,Stopped on Carriageway,4.0,2 Metropolitan,2,3,Saturday,off-peak,60,Pedestrian Crossing,Straight road,Slope,Dry,Not Raining,Daylight,Rear End,Traffic Signals
2018-8506-15/08/2019,2,3,Passenger,Female,1.0,Rear Seat Left Passenger,Not Thrown Out,NotFatal,NotWorn,Small,NoLicence,Stopped on Carriageway,4.0,2 Metropolitan,2,3,Saturday,off-peak,60,Pedestrian Crossing,Straight road,Slope,Dry,Not Raining,Daylight,Rear End,Traffic Signals
2018-8516-15/08/2019,1,1,Driver,Female,23.0,Driver,Not Thrown Out,NotFatal,Worn,Small,Provisional 2,Straight Ahead,1.0,2 Metropolitan,2,1,Saturday,peak,60,Cross Road,Straight road,Level,Dry,Not Raining,Daylight,Right Angle,Give Way Sign
2018-8521-15/08/2019,1,1,Rider,Male,16.0,NotApplicable,NotApplicable,NotFatal,NotWorn,MCycling,NoLicence,Straight Ahead,1.0,2 Metropolitan,2,1,Saturday,off-peak,60,Not Divided,Straight road,Level,Wet,Raining,Night,Hit Parked Vehicle,No Control
2018-8522-15/08/2019,1,1,Driver,Female,26.0,Driver,Not Thrown Out,NotFatal,Worn,Small,Provisional 1 ,Swerving,1.0,2 Metropolitan,2,1,Saturday,off-peak,50,Not Divided,Straight road,Level,Wet,Not Raining,Night,Hit Parked Vehicle,No Control
2018-8523-15/08/2019,1,1,Rider,Male,35.0,NotApplicable,NotApplicable,NotFatal,NotWorn,MCycling,NoLicence,Straight Ahead,1.0,3 Country,1,1,Sunday,off-peak,60,Not Divided,"CURVED, VIEW OPEN",Level,Dry,Not Raining,Night,Left Road - Out of Control,No Control
2018-8524-15/08/2019,1,1,Driver,Male,69.0,Driver,Not Thrown Out,NotFatal,Unknown,Medium,Full,Straight Ahead,1.0,2 Metropolitan,3,1,Sunday,off-peak,80,Divided Road,Straight road,Level,Wet,Not Raining,Night,Hit Fixed Object,No Control
2018-8535-15/08/2019,1,1,Passenger,Male,9.0,Rear Seat Right Passenger,Not Thrown Out,NotFatal,NotWorn,Medium,NoLicence,Straight Ahead,4.0,2 Metropolitan,2,2,Sunday,off-peak,60,Not Divided,Straight road,Level,Dry,Not Raining,Daylight,Hit Fixed Object,No Control
2018-8535-15/08/2019,1,2,Passenger,Male,2.0,Rear Seat Left Passenger,Not Thrown Out,NotFatal,NotWorn,Medium,NoLicence,Straight Ahead,4.0,2 Metropolitan,2,2,Sunday,off-peak,60,Not Divided,Straight road,Level,Dry,Not Raining,Daylight,Hit Fixed Object,No Control
2018-8538-15/08/2019,1,1,Rider,Male,69.0,NotApplicable,NotApplicable,NotFatal,NotWorn,MCycling,NoLicence,Straight Ahead,1.0,2 Metropolitan,1,1,Sunday,off-peak,110,Freeway,Straight road,Level,Dry,Not Raining,Daylight,Left Road - Out of Control,No Control
2018-8541-15/08/2019,1,1,Driver,Female,23.0,Driver,Not Thrown Out,NotFatal,Worn,Small,Full,Stopped on Carriageway,3.0,2 Metropolitan,2,1,Sunday,peak,60,Cross Road,Straight road,Level,Dry,Not Raining,Daylight,Rear End,Traffic Signals
2018-8542-15/08/2019,1,1,Pedestrian,Female,33.0,NotApplicable,NotApplicable,NotFatal,NotWorn,Pedestrian on Road,NoLicence,Crossing with Traffic Signals,1.0,1 City,2,1,Saturday,off-peak,50,Cross Road,Straight road,Level,Dry,Not Raining,Night,Hit Pedestrian,Traffic Signals
2018-8543-15/08/2019,2,1,Pedestrian,Male,65.0,NotApplicable,NotApplicable,NotFatal,NotWorn,Pedestrian on Road,NoLicence,Crossing without Control,1.0,2 Metropolitan,2,1,Sunday,off-peak,50,T-Junction,Straight road,Level,Dry,Not Raining,Daylight,Hit Pedestrian,No Control
2018-8551-15/08/2019,2,1,Driver,Female,39.0,Driver,Not Thrown Out,NotFatal,Worn,Medium,Full,Straight Ahead,1.0,2 Metropolitan,2,1,Monday,off-peak,80,Cross Road,Straight road,Level,Dry,Not Raining,Night,Right Angle,Traffic Signals
2018-8553-15/08/2019,1,1,Driver,Female,31.0,Driver,Not Thrown Out,NotFatal,Worn,Medium,Full,Right Turn,1.0,2 Metropolitan,2,1,Monday,off-peak,60,T-Junction,Straight road,Level,Dry,Not Raining,Daylight,Right Angle,No Control
2018-8558-15/08/2019,1,1,Driver,Male,37.0,Driver,Not Thrown Out,NotFatal,Unknown,Small,Full,Straight Ahead,1.0,2 Metropolitan,2,1,Tuesday,off-peak,70,Not Divided,Straight road,Level,Dry,Not Raining,Night,Hit Fixed Object,No Control
2018-8559-15/08/2019,1,1,Passenger,Male,3.0,Rear Seat Left Passenger,Not Thrown Out,NotFatal,NotWorn,Medium,NoLicence,Straight Ahead,2.0,2 Metropolitan,2,1,Monday,off-peak,60,T-Junction,Straight road,Level,Dry,Not Raining,Daylight,Right Angle,No Control
2018-8561-15/08/2019,1,1,Driver,Female,59.0,Driver,Not Thrown Out,NotFatal,Worn,Small,Full,Straight Ahead,1.0,2 Metropolitan,2,1,Monday,off-peak,60,T-Junction,Straight road,Level,Dry,Not Raining,Daylight,Right Angle,Give Way Sign
2018-8562-15/08/2019,1,1,Passenger,Female,1.0,Rear Seat Middle Passenger,Not Thrown Out,NotFatal,NotWorn,Small,NoLicence,Straight Ahead,4.0,2 Metropolitan,2,2,Monday,off-peak,60,Cross Road,Straight road,Level,Dry,Not Raining,Daylight,Right Angle,Traffic Signals
2018-8562-15/08/2019,1,2,Passenger,Male,2.0,Rear Seat Right Passenger,Not Thrown Out,NotFatal,NotWorn,Small,NoLicence,Straight Ahead,4.0,2 Metropolitan,2,2,Monday,off-peak,60,Cross Road,Straight road,Level,Dry,Not Raining,Daylight,Right Angle,Traffic Signals
2018-8563-15/08/2019,1,1,Driver,Male,27.0,Driver,Not Thrown Out,NotFatal,Unknown,Small,Full,Straight Ahead,1.0,2 Metropolitan,2,1,Monday,off-peak,50,Not Divided,"CURVED, VIEW OPEN",Level,Dry,Not Raining,Daylight,Hit Fixed Object,No Control
2018-8564-15/08/2019,1,1,Rider,Male,57.0,NotApplicable,NotApplicable,NotFatal,NotWorn,MCycling,NoLicence,Straight Ahead,1.0,3 Country,2,1,Monday,off-peak,100,Not Divided,Straight road,Level,Dry,Not Raining,Daylight,Hit Animal,No Control
2018-8566-15/08/2019,1,1,Driver,Female,37.0,Driver,Not Thrown Out,NotFatal,Worn,Small,Full,Straight Ahead,1.0,2 Metropolitan,3,1,Monday,off-peak,60,Divided Road,Straight road,Level,Dry,Not Raining,Daylight,Rear End,No Control
2018-8567-15/08/2019,1,1,Driver,Female,25.0,Driver,Not Thrown Out,NotFatal,Worn,Small,Full,Straight Ahead,1.0,3 Country,2,1,Monday,off-peak,110,Not Divided,Straight road,Level,Dry,Not Raining,Daylight,Hit Fixed Object,No Control
2018-8570-15/08/2019,1,1,Driver,Female,72.0,Driver,Not Thrown Out,NotFatal,Worn,Small,Full,Straight Ahead,2.0,3 Country,2,3,Monday,off-peak,80,Cross Road,Straight road,Level,Dry,Not Raining,Daylight,Right Angle,Stop Sign
2018-8570-15/08/2019,1,2,Passenger,Male,84.0,Front Seat Left Passenger,Not Thrown Out,NotFatal,NotWorn,Small,NoLicence,Straight Ahead,2.0,3 Country,2,3,Monday,off-peak,80,Cross Road,Straight road,Level,Dry,Not Raining,Daylight,Right Angle,Stop Sign
2018-8570-15/08/2019,2,1,Driver,Male,26.0,Driver,Not Thrown Out,NotFatal,Worn,Small,Full,Straight Ahead,1.0,3 Country,2,3,Monday,off-peak,80,Cross Road,Straight road,Level,Dry,Not Raining,Daylight,Right Angle,Stop Sign
2018-8573-15/08/2019,1,1,Rider,Male,46.0,NotApplicable,NotApplicable,NotFatal,NotWorn,MCycling,NoLicence,Right Turn,1.0,3 Country,1,1,Monday,off-peak,60,T-Junction,"CURVED, VIEW OPEN",Level,Dry,Not Raining,Daylight,Roll Over,Give Way Sign
2018-8574-15/08/2019,1,1,Driver,Female,87.0,Driver,Not Thrown Out,NotFatal,Worn,Small,Full,Right Turn,1.0,3 Country,3,1,Monday,peak,110,T-Junction,Straight road,Level,Dry,Not Raining,Daylight,Right Angle,No Control
2018-8576-15/08/2019,1,1,Driver,Female,19.0,Driver,Not Thrown Out,NotFatal,Worn,Small,Provisional 1 ,Straight Ahead,1.0,3 Country,2,1,Monday,peak,60,Not Divided,Straight road,Level,Dry,Not Raining,Daylight,Hit Fixed Object,No Control
2018-8580-15/08/2019,2,1,Driver,Female,39.0,Driver,Not Thrown Out,NotFatal,Worn,Medium,Full,Straight Ahead,1.0,2 Metropolitan,2,1,Monday,off-peak,50,Multiple,Straight road,Level,Wet,Raining,Night,Right Angle,Roundabout
2018-8585-15/08/2019,1,1,Driver,Male,63.0,Driver,Not Thrown Out,NotFatal,Worn,Utility,Full,Straight Ahead,1.0,2 Metropolitan,5,2,Tuesday,off-peak,100,Not Divided,"CURVED, VIEW OBSCURED",Level,Wet,Not Raining,Daylight,Rear End,No Control
2018-8585-15/08/2019,4,1,Driver,Male,19.0,Driver,Not Thrown Out,NotFatal,Worn,Utility,Provisional 2,Straight Ahead,2.0,2 Metropolitan,5,2,Tuesday,off-peak,100,Not Divided,"CURVED, VIEW OBSCURED",Level,Wet,Not Raining,Daylight,Rear End,No Control
2018-8590-15/08/2019,1,1,Driver,Female,23.0,Driver,Not Thrown Out,NotFatal,Worn,Medium,Full,Straight Ahead,1.0,2 Metropolitan,2,1,Tuesday,off-peak,80,Not Divided,"CURVED, VIEW OPEN",Level,Dry,Not Raining,Daylight,Hit Fixed Object,No Control
2018-8591-15/08/2019,1,1,Driver,Female,28.0,Driver,Not Thrown Out,NotFatal,Worn,Utility,Full,Straight Ahead,1.0,2 Metropolitan,2,1,Tuesday,off-peak,80,Not Divided,"CURVED, VIEW OPEN",Level,Wet,Not Raining,Daylight,Hit Fixed Object,No Control
2018-8593-15/08/2019,1,1,Driver,Male,87.0,Driver,Not Thrown Out,NotFatal,Worn,Small,Full,Straight Ahead,1.0,3 Country,2,1,Tuesday,off-peak,60,Not Divided,Straight road,Crest of Hill,Dry,Not Raining,Daylight,Hit Fixed Object,No Control
2018-8594-15/08/2019,2,1,Driver,Female,46.0,Driver,Not Thrown Out,NotFatal,Worn,Medium,Full,Swerving,1.0,2 Metropolitan,2,1,Tuesday,off-peak,50,Not Divided,Straight road,Level,Dry,Not Raining,Daylight,Hit Parked Vehicle,No Control
2018-8595-15/08/2019,1,1,Driver,Male,69.0,Driver,Not Thrown Out,NotFatal,Unknown,Small,Full,Straight Ahead,1.0,3 Country,3,1,Tuesday,off-peak,50,Not Divided,"CURVED, VIEW OPEN",Level,Dry,Not Raining,Daylight,Hit Fixed Object,No Control
2018-8597-15/08/2019,1,1,Driver,Male,31.0,Driver,Not Thrown Out,NotFatal,Worn,Small,Full,Left Turn,1.0,2 Metropolitan,2,1,Tuesday,off-peak,60,Multiple,Straight road,Level,Dry,Not Raining,Daylight,Right Angle,Traffic Signals
2018-8601-15/08/2019,1,1,Driver,Female,90.0,Driver,Not Thrown Out,NotFatal,Unknown,Small,Full,Straight Ahead,2.0,2 Metropolitan,7,2,Tuesday,off-peak,50,Not Divided,Straight road,Level,Dry,Not Raining,Daylight,Hit Parked Vehicle,No Control
2018-8601-15/08/2019,1,2,Passenger,Female,95.0,Front Seat Left Passenger,Not Thrown Out,NotFatal,NotWorn,Small,NoLicence,Straight Ahead,2.0,2 Metropolitan,7,2,Tuesday,off-peak,50,Not Divided,Straight road,Level,Dry,Not Raining,Daylight,Hit Parked Vehicle,No Control
2018-8602-15/08/2019,2,1,Rider,Male,34.0,NotApplicable,NotApplicable,NotFatal,NotWorn,MCycling,NoLicence,Overtaking - on Left,1.0,3 Country,2,1,Tuesday,off-peak,50,Not Divided,Straight road,Level,Dry,Not Raining,Daylight,Rear End,No Control
2018-8604-15/08/2019,1,1,Driver,Female,21.0,Driver,Not Thrown Out,NotFatal,Worn,Small,Unknown,Straight Ahead,1.0,2 Metropolitan,3,1,Tuesday,off-peak,50,Not Divided,Straight road,Level,Dry,Not Raining,Daylight,Hit Parked Vehicle,No Control
2018-8605-15/08/2019,1,1,Driver,Male,41.0,Driver,Not Thrown Out,NotFatal,Worn,Medium,Full,Straight Ahead,2.0,3 Country,2,1,Tuesday,off-peak,50,Not Divided,Straight road,Level,Dry,Not Raining,Daylight,Hit Fixed Object,No Control
2018-8606-15/08/2019,1,1,Driver,Female,20.0,Driver,Not Thrown Out,NotFatal,Worn,Small,Provisional 2,Straight Ahead,1.0,2 Metropolitan,2,1,Tuesday,peak,50,T-Junction,Straight road,Level,Dry,Not Raining,Daylight,Right Angle,No Control
2018-8608-15/08/2019,1,1,Driver,Female,52.0,Driver,Not Thrown Out,NotFatal,Worn,Medium,Full,Entering Private Driveway,2.0,3 Country,2,1,Tuesday,off-peak,100,Not Divided,Straight road,Level,Dry,Not Raining,Daylight,Rear End,No Control
2018-8616-15/08/2019,1,1,Passenger,Male,95.0,Front Seat Left Passenger,Not Thrown Out,NotFatal,NotWorn,Small,NoLicence,Straight Ahead,2.0,2 Metropolitan,3,1,Tuesday,off-peak,60,Divided Road,Straight road,Level,Dry,Not Raining,Daylight,Hit Parked Vehicle,No Control
2018-8620-15/08/2019,1,1,Driver,Female,26.0,Driver,Not Thrown Out,NotFatal,Worn,Utility,Full,Straight Ahead,1.0,2 Metropolitan,3,1,Tuesday,off-peak,50,Divided Road,Straight road,Level,Dry,Not Raining,Night,Hit Fixed Object,No Control
2018-8622-15/08/2019,2,1,Rider,Male,45.0,NotApplicable,NotApplicable,NotFatal,NotWorn,MCycling,NoLicence,Straight Ahead,1.0,1 City,2,1,Tuesday,off-peak,50,Cross Road,Straight road,Level,Dry,Not Raining,Night,Right Turn,Traffic Signals
2018-8625-15/08/2019,1,1,Driver,Male,21.0,Driver,Not Thrown Out,NotFatal,Worn,Small,Full,Straight Ahead,1.0,2 Metropolitan,1,1,Wednesday,off-peak,50,Other,Straight road,Level,Dry,Not Raining,Night,Other,No Control
2018-8628-15/08/2019,2,1,Driver,Male,20.0,Driver,Not Thrown Out,NotFatal,Worn,Small,Full,Entering Private Driveway,1.0,2 Metropolitan,2,1,Wednesday,off-peak,60,Not Divided,Straight road,Level,Dry,Not Raining,Daylight,Right Turn,No Control
2018-8631-15/08/2019,2,1,Driver,Female,63.0,Driver,Not Thrown Out,NotFatal,Worn,Small,Full,Stopped on Carriageway,1.0,2 Metropolitan,3,1,Tuesday,off-peak,60,Divided Road,Straight road,Level,Dry,Not Raining,Daylight,Rear End,No Control
2018-8635-15/08/2019,1,1,Driver,Female,52.0,Driver,Not Thrown Out,NotFatal,Worn,Small,Full,Straight Ahead,1.0,2 Metropolitan,2,1,Tuesday,peak,60,Divided Road,Straight road,Level,Dry,Not Raining,Daylight,Right Turn,No Control
2018-8636-15/08/2019,1,1,Driver,Female,31.0,Driver,Not Thrown Out,NotFatal,Worn,Small,Provisional 1 ,Swerving,3.0,2 Metropolitan,2,3,Wednesday,off-peak,50,Not Divided,Straight road,Level,Dry,Not Raining,Daylight,Hit Fixed Object,No Control
2018-8636-15/08/2019,1,2,Passenger,Female,58.0,Rear Seat Right Passenger,Not Thrown Out,NotFatal,NotWorn,Small,NoLicence,Swerving,3.0,2 Metropolitan,2,3,Wednesday,off-peak,50,Not Divided,Straight road,Level,Dry,Not Raining,Daylight,Hit Fixed Object,No Control
2018-8636-15/08/2019,1,3,Passenger,Male,2.0,Rear Seat Left Passenger,Not Thrown Out,NotFatal,NotWorn,Small,NoLicence,Swerving,3.0,2 Metropolitan,2,3,Wednesday,off-peak,50,Not Divided,Straight road,Level,Dry,Not Raining,Daylight,Hit Fixed Object,No Control
2018-8641-15/08/2019,1,1,Rider,Male,37.0,NotApplicable,NotApplicable,NotFatal,NotWorn,MCycling,NoLicence,Straight Ahead,1.0,3 Country,1,1,Wednesday,off-peak,110,Not Divided,"CURVED, VIEW OPEN",Level,Dry,Not Raining,Daylight,Roll Over,No Control
2018-8642-15/08/2019,1,1,Driver,Male,39.0,Driver,Not Thrown Out,NotFatal,Worn,Medium,Full,Straight Ahead,1.0,1 City,2,1,Tuesday,off-peak,50,Cross Road,Straight road,Level,Dry,Not Raining,Night,Right Turn,Traffic Signals
2018-8643-15/08/2019,1,1,Driver,Female,51.0,Driver,Not Thrown Out,NotFatal,Worn,Medium,Full,Straight Ahead,1.0,3 Country,2,1,Wednesday,off-peak,110,Not Divided,Straight road,Slope,Dry,Not Raining,Daylight,Hit Fixed Object,No Control
2018-8646-15/08/2019,1,1,Driver,Female,54.0,Driver,Not Thrown Out,NotFatal,Worn,Small,Full,Straight Ahead,2.0,2 Metropolitan,2,1,Tuesday,off-peak,60,Divided Road,Straight road,Level,Dry,Not Raining,Daylight,Right Turn,No Control
2018-8651-15/08/2019,1,1,Driver,Female,77.0,Driver,Not Thrown Out,NotFatal,Worn,Small,Full,Leaving Private Driveway,3.0,2 Metropolitan,3,1,Wednesday,off-peak,40,Divided Road,Straight road,Level,Dry,Not Raining,Daylight,Hit Parked Vehicle,No Control
2018-8652-15/08/2019,1,1,Driver,Female,44.0,Driver,Not Thrown Out,NotFatal,Worn,Medium,Full,Straight Ahead,1.0,2 Metropolitan,4,1,Wednesday,peak,60,Cross Road,Straight road,Level,Dry,Not Raining,Daylight,Right Angle,Traffic Signals
2018-8661-15/08/2019,2,1,Rider,Male,57.0,NotApplicable,NotApplicable,NotFatal,NotWorn,MCycling,NoLicence,Straight Ahead,1.0,2 Metropolitan,2,1,Wednesday,peak,60,Cross Road,Straight road,Level,Dry,Not Raining,Daylight,Right Turn,Traffic Signals
2018-8662-15/08/2019,1,1,Driver,Male,36.0,Driver,Not Thrown Out,NotFatal,Worn,Medium,Full,U Turn,1.0,3 Country,2,1,Wednesday,peak,80,Not Divided,Straight road,Level,Dry,Not Raining,Daylight,Side Swipe,No Control
2018-8664-15/08/2019,1,1,Passenger,Male,24.0,Front Seat Left Passenger,Not Thrown Out,NotFatal,NotWorn,Small,NoLicence,Straight Ahead,2.0,2 Metropolitan,2,1,Wednesday,off-peak,50,Cross Road,Straight road,Level,Dry,Not Raining,Night,Right Angle,Give Way Sign
2018-8666-15/08/2019,1,1,Passenger,Female,10.0,Front Seat Left Passenger,Not Thrown Out,NotFatal,NotWorn,Small,NoLicence,Straight Ahead,2.0,1 City,3,2,Wednesday,peak,50,Cross Road,Straight road,Level,Dry,Not Raining,Daylight,Right Angle,Traffic Signals
2018-8666-15/08/2019,2,1,Passenger,Male,3.0,Rear Seat Left Passenger,Not Thrown Out,NotFatal,NotWorn,Small,NoLicence,Straight Ahead,2.0,1 City,3,2,Wednesday,peak,50,Cross Road,Straight road,Level,Dry,Not Raining,Daylight,Right Angle,Traffic Signals
2018-8667-15/08/2019,1,1,Driver,Female,29.0,Driver,Not Thrown Out,NotFatal,Worn,Medium,Full,Straight Ahead,1.0,2 Metropolitan,2,1,Wednesday,off-peak,60,Not Divided,Straight road,Slope,Dry,Not Raining,Night,Hit Fixed Object,No Control
2018-8668-15/08/2019,1,1,Rider,Female,21.0,NotApplicable,NotApplicable,NotFatal,NotWorn,MCycling,NoLicence,Straight Ahead,1.0,2 Metropolitan,2,1,Thursday,off-peak,100,Freeway,Straight road,Level,Dry,Not Raining,Night,Hit Animal,No Control
2018-8669-15/08/2019,2,1,Pedestrian,Male,18.0,NotApplicable,NotApplicable,NotFatal,NotWorn,Pedestrian on Road,NoLicence,Crossing without Control,1.0,2 Metropolitan,2,1,Thursday,off-peak,60,T-Junction,Straight road,Level,Dry,Not Raining,Night,Hit Pedestrian,Give Way Sign
2018-8671-15/08/2019,2,1,Driver,Female,52.0,Driver,Not Thrown Out,NotFatal,Worn,Medium,Full,Straight Ahead,1.0,2 Metropolitan,2,1,Wednesday,off-peak,60,T-Junction,Straight road,Level,Dry,Not Raining,Daylight,Right Angle,No Control
2018-8672-15/08/2019,1,1,Driver,Female,59.0,Driver,Not Thrown Out,NotFatal,Worn,Medium,Full,Straight Ahead,1.0,2 Metropolitan,2,1,Thursday,off-peak,60,Multiple,Straight road,Level,Dry,Not Raining,Night,Rear End,Traffic Signals
2018-8676-15/08/2019,1,1,Passenger,Female,26.0,Rear Seat Right Passenger,Thrown Out,NotFatal,NotWorn,Medium,NoLicence,Straight Ahead,5.0,3 Country,1,1,Wednesday,peak,110,Not Divided,"CURVED, VIEW OBSCURED",Level,Dry,Not Raining,Daylight,Roll Over,No Control
2018-8685-15/08/2019,1,1,Driver,Male,24.0,Driver,Not Thrown Out,NotFatal,Worn,Small,Full,Straight Ahead,1.0,2 Metropolitan,2,1,Thursday,off-peak,60,T-Junction,Straight road,Level,Dry,Not Raining,Daylight,Right Angle,No Control
2018-8687-15/08/2019,1,1,Driver,Female,56.0,Driver,Not Thrown Out,NotFatal,Worn,Small,Full,Stopped on Carriageway,1.0,2 Metropolitan,2,1,Wednesday,off-peak,60,T-Junction,Straight road,Level,Dry,Not Raining,Night,Rear End,No Control
2018-8690-15/08/2019,1,1,Driver,Male,25.0,Driver,Not Thrown Out,NotFatal,Worn,Utility,Provisional 1 ,Straight Ahead,1.0,2 Metropolitan,2,1,Thursday,off-peak,50,Not Divided,Straight road,Level,Dry,Not Raining,Daylight,Hit Fixed Object,No Control
2018-8694-15/08/2019,1,1,Rider,Female,50.0,NotApplicable,NotApplicable,NotFatal,NotWorn,PCycling,NoLicence,Straight Ahead,1.0,2 Metropolitan,2,1,Wednesday,off-peak,40,Cross Road,Straight road,Level,Dry,Not Raining,Night,Right Angle,Roundabout
2018-8696-15/08/2019,1,1,Driver,Female,20.0,Driver,Not Thrown Out,NotFatal,Worn,Small,Provisional 2,Right Turn,2.0,2 Metropolitan,2,2,Wednesday,off-peak,80,T-Junction,Straight road,Level,Dry,Not Raining,Night,Right Turn,No Control
2018-8696-15/08/2019,1,2,Passenger,Female,18.0,Front Seat Left Passenger,Not Thrown Out,NotFatal,NotWorn,Small,NoLicence,Right Turn,2.0,2 Metropolitan,2,2,Wednesday,off-peak,80,T-Junction,Straight road,Level,Dry,Not Raining,Night,Right Turn,No Control
2018-8697-15/08/2019,2,1,Driver,Male,47.0,Driver,Not Thrown Out,NotFatal,Worn,Small,Full,Straight Ahead,1.0,1 City,2,1,Thursday,peak,50,Cross Road,Straight road,Level,Dry,Not Raining,Daylight,Right Turn,Traffic Signals
2018-8698-15/08/2019,1,1,Pedestrian,Female,25.0,NotApplicable,NotApplicable,NotFatal,NotWorn,Pedestrian on Footpath/Carpark,NoLicence,Walking on Footpath,1.0,2 Metropolitan,2,1,Thursday,off-peak,60,Divided Road,Straight road,Level,Dry,Not Raining,Daylight,Hit Pedestrian,No Control
2018-8699-15/08/2019,1,1,Driver,Female,38.0,Driver,Not Thrown Out,NotFatal,Worn,Small,Full,Right Turn,2.0,2 Metropolitan,2,1,Thursday,off-peak,60,Cross Road,Straight road,Level,Dry,Not Raining,Daylight,Right Angle,Roundabout
2018-8703-15/08/2019,2,1,Driver,Female,44.0,Driver,Not Thrown Out,NotFatal,Worn,Small,Full,Straight Ahead,1.0,2 Metropolitan,4,1,Thursday,peak,40,Cross Road,Straight road,Level,Dry,Not Raining,Daylight,Right Angle,Give Way Sign
2018-8704-15/08/2019,1,1,Driver,Female,31.0,Driver,Not Thrown Out,NotFatal,Worn,Medium,Full,Straight Ahead,1.0,3 Country,2,1,Thursday,off-peak,110,Not Divided,"CURVED, VIEW OPEN",Level,Dry,Not Raining,Daylight,Hit Fixed Object,No Control