REPORT_ID,UND_UNIT_NUMBER,CASUALTY_NUMBER,cas_type,cas_gender,cas_age,cas_pos_in_veh,thrown_out,fatality,seat_belt,unit_type,lic_type,unit_movement,n_occupants,stat_area,total_units,cas_total,day,time,area_speed,acc_pos,hor_align,ver_align,moist_cond,wea_cond,dayNight,crash_type,traf_ctrls
2018-8942-15/08/2019,1,1,Passenger,Male,71.0,Front Seat Left Passenger,Not Thrown Out,NotFatal,NotWorn,Small,NoLicence,Stopped on Carriageway,4.0,2 Metropolitan,3,1,Wednesday,off-peak,60,Not Divided,Straight road,Level,Dry,Not Raining,Night,Rear End,No Control
2018-8952-15/08/2019,2,1,Driver,Female,18.0,Driver,Not Thrown Out,NotFatal,Worn,Small,Provisional 2,Straight Ahead,1.0,2 Metropolitan,2,1,Thursday,peak,100,Divided Road,Straight road,Level,Dry,Not Raining,Daylight,Side Swipe,No Control
2018-8953-15/08/2019,1,1,Driver,Male,27.0,Driver,Not Thrown Out,NotFatal,Worn,Utility,Full,Straight Ahead,1.0,3 Country,1,1,Thursday,off-peak,110,Not Divided,Straight road,Level,Wet,Raining,Daylight,Roll Over,No Control
2018-8956-15/08/2019,1,1,Driver,Male,50.0,Driver,Not Thrown Out,NotFatal,Worn,Small,Full,Stopped on Carriageway,2.0,2 Metropolitan,2,2,Thursday,peak,60,T-Junction,Straight road,Level,Wet,Raining,Daylight,Rear End,Traffic Signals
2018-8956-15/08/2019,1,2,Passenger,Female,13.0,Front Seat Left Passenger,Not Thrown Out,NotFatal,NotWorn,Small,NoLicence,Stopped on Carriageway,2.0,2 Metropolitan,2,2,Thursday,peak,60,T-Junction,Straight road,Level,Wet,Raining,Daylight,Rear End,Traffic Signals
2018-8961-15/08/2019,1,1,Driver,Male,56.0,Driver,Not Thrown Out,NotFatal,Worn,Medium,Full,Stopped on Carriageway,2.0,2 Metropolitan,2,1,Monday,off-peak,60,Cross Road,Straight road,Level,Dry,Not Raining,Daylight,Rear End,Traffic Signals
2018-8962-15/08/2019,1,1,Rider,Male,59.0,NotApplicable,NotApplicable,NotFatal,NotWorn,PCycling,NoLicence,Straight Ahead,1.0,1 City,2,1,Thursday,peak,50,T-Junction,"CURVED, VIEW OPEN",Level,Dry,Not Raining,Daylight,Right Angle,Give Way Sign
2018-8964-15/08/2019,1,1,Rider,Male,16.0,NotApplicable,NotApplicable,NotFatal,NotWorn,MCycling,NoLicence,Straight Ahead,1.0,3 Country,1,1,Sunday,peak,80,Not Divided,Straight road,Level,Dry,Not Raining,Daylight,Roll Over,No Control
2018-8967-15/08/2019,1,1,Passenger,Male,21.0,Front Seat Left Passenger,Not Thrown Out,NotFatal,NotWorn,Medium,NoLicence,Swerving,2.0,2 Metropolitan,2,1,Wednesday,off-peak,50,Not Divided,Straight road,Slope,Dry,Not Raining,Night,Hit Fixed Object,No Control
2018-8973-15/08/2019,2,1,Driver,Male,26.0,Driver,Not Thrown Out,NotFatal,Worn,Small,Full,Straight Ahead,1.0,2 Metropolitan,3,2,Thursday,off-peak,60,T-Junction,Straight road,Level,Wet,Raining,Daylight,Rear End,Traffic Signals
2018-8973-15/08/2019,3,1,Driver,Male,41.0,Driver,Not Thrown Out,NotFatal,Worn,Small,Full,Stopped on Carriageway,1.0,2 Metropolitan,3,2,Thursday,off-peak,60,T-Junction,Straight road,Level,Wet,Raining,Daylight,Rear End,Traffic Signals
2018-8977-15/08/2019,3,1,Driver,Male,32.0,Driver,Not Thrown Out,NotFatal,NotWorn,Small,Full,Stopped on Carriageway,1.0,2 Metropolitan,3,1,Thursday,off-peak,60,T-Junction,Straight road,Level,Wet,Unknown,Daylight,Rear End,Traffic Signals
2018-8984-15/08/2019,1,1,Driver,Male,53.0,Driver,Not Thrown Out,NotFatal,Worn,Small,Full,Straight Ahead,2.0,2 Metropolitan,2,4,Thursday,off-peak,60,Cross Road,Straight road,Level,Wet,Raining,Night,Right Turn,Traffic Signals
2018-8984-15/08/2019,1,2,Passenger,Female,44.0,Front Seat Left Passenger,Not Thrown Out,NotFatal,NotWorn,Small,NoLicence,Straight Ahead,2.0,2 Metropolitan,2,4,Thursday,off-peak,60,Cross Road,Straight road,Level,Wet,Raining,Night,Right Turn,Traffic Signals
2018-8984-15/08/2019,2,1,Driver,Male,25.0,Driver,Not Thrown Out,NotFatal,Worn,Small,Full,Right Turn,2.0,2 Metropolitan,2,4,Thursday,off-peak,60,Cross Road,Straight road,Level,Wet,Raining,Night,Right Turn,Traffic Signals
2018-8984-15/08/2019,2,2,Passenger,Female,21.0,Front Seat Left Passenger,Not Thrown Out,NotFatal,NotWorn,Small,NoLicence,Right Turn,2.0,2 Metropolitan,2,4,Thursday,off-peak,60,Cross Road,Straight road,Level,Wet,Raining,Night,Right Turn,Traffic Signals
2018-8990-15/08/2019,1,1,Driver,Male,39.88915925490854,Driver,Not Thrown Out,NotFatal,Worn,Medium,Full,Straight Ahead,1.0,3 Country,2,1,Friday,off-peak,100,Not Divided,"CURVED, VIEW OBSCURED",Slope,Wet,Raining,Daylight,Hit Fixed Object,No Control
2018-8991-15/08/2019,2,1,Driver,Female,46.0,Driver,Not Thrown Out,NotFatal,Worn,Small,Full,Straight Ahead,1.0,2 Metropolitan,2,1,Friday,off-peak,60,T-Junction,Straight road,Level,Wet,Raining,Daylight,Right Angle,Stop Sign
2018-8992-15/08/2019,2,1,Pedestrian,Female,70.0,NotApplicable,NotApplicable,NotFatal,NotWorn,Pedestrian on Footpath/Carpark,NoLicence,Walking on Footpath,1.0,3 Country,2,1,Friday,peak,80,Not Divided,Straight road,Level,Wet,Not Raining,Daylight,Hit Pedestrian,No Control
2018-8994-15/08/2019,1,1,Driver,Female,25.0,Driver,Not Thrown Out,NotFatal,Worn,Medium,Full,Straight Ahead,1.0,2 Metropolitan,2,2,Friday,peak,80,Cross Road,Straight road,Level,Wet,Raining,Daylight,Right Angle,Stop Sign
2018-8994-15/08/2019,2,1,Driver,Female,37.0,Driver,Not Thrown Out,NotFatal,Worn,Utility,Full,Right Turn,2.0,2 Metropolitan,2,2,Friday,peak,80,Cross Road,Straight road,Level,Wet,Raining,Daylight,Right Angle,Stop Sign
2018-8995-15/08/2019,2,1,Driver,Female,30.0,Driver,Not Thrown Out,NotFatal,Worn,Medium,Full,Straight Ahead,3.0,2 Metropolitan,2,1,Friday,peak,50,T-Junction,Straight road,Level,Wet,Raining,Daylight,Right Angle,No Control
2018-8998-15/08/2019,1,1,Driver,Female,32.0,Driver,Not Thrown Out,NotFatal,Worn,Small,Full,Right Turn,1.0,2 Metropolitan,2,1,Friday,peak,60,Cross Road,Straight road,Level,Dry,Not Raining,Daylight,Rear End,Traffic Signals
2018-9001-15/08/2019,1,1,Driver,Female,59.0,Driver,Not Thrown Out,NotFatal,Worn,Small,Full,Stopped on Carriageway,1.0,2 Metropolitan,2,1,Thursday,peak,50,T-Junction,Straight road,Level,Wet,Raining,Daylight,Rear End,Stop Sign
2018-9009-15/08/2019,2,1,Rider,Male,41.0,NotApplicable,NotApplicable,NotFatal,NotWorn,PCycling,NoLicence,Straight Ahead,1.0,2 Metropolitan,2,1,Thursday,peak,50,T-Junction,Straight road,Level,Dry,Not Raining,Daylight,Right Turn,Stop Sign
2018-9012-15/08/2019,1,1,Driver,Female,46.0,Driver,Not Thrown Out,NotFatal,Worn,Small,Full,Straight Ahead,3.0,2 Metropolitan,2,1,Thursday,off-peak,50,T-Junction,Straight road,Level,Wet,Raining,Night,Right Angle,No Control
2018-9020-15/08/2019,1,1,Driver,Male,78.0,Driver,Not Thrown Out,NotFatal,Worn,Utility,Full,Straight Ahead,3.0,3 Country,1,3,Monday,off-peak,110,Not Divided,Straight road,Level,Dry,Not Raining,Daylight,Left Road - Out of Control,No Control
2018-9020-15/08/2019,1,2,Passenger,Female,8.0,Rear Seat Left Passenger,Not Thrown Out,NotFatal,NotWorn,Utility,NoLicence,Straight Ahead,3.0,3 Country,1,3,Monday,off-peak,110,Not Divided,Straight road,Level,Dry,Not Raining,Daylight,Left Road - Out of Control,No Control
2018-9020-15/08/2019,1,3,Passenger,Male,6.0,Rear Seat Right Passenger,Not Thrown Out,NotFatal,NotWorn,Utility,NoLicence,Straight Ahead,3.0,3 Country,1,3,Monday,off-peak,110,Not Divided,Straight road,Level,Dry,Not Raining,Daylight,Left Road - Out of Control,No Control
2018-9021-15/08/2019,2,1,Driver,Male,54.0,Driver,Not Thrown Out,NotFatal,Worn,Medium,Full,Straight Ahead,1.0,2 Metropolitan,3,1,Friday,off-peak,60,Divided Road,Straight road,Level,Dry,Not Raining,Daylight,Rear End,No Control
2018-9025-15/08/2019,1,1,Driver,Female,31.0,Driver,Not Thrown Out,NotFatal,Worn,Small,Full,Straight Ahead,1.0,2 Metropolitan,3,1,Friday,peak,60,Divided Road,Straight road,Level,Dry,Not Raining,Daylight,Rear End,No Control
2018-9026-15/08/2019,2,1,Driver,Female,75.0,Driver,Not Thrown Out,NotFatal,Worn,Small,Full,U Turn,1.0,1 City,2,1,Friday,peak,60,Not Divided,Straight road,Level,Dry,Not Raining,Daylight,Side Swipe,No Control
2018-9036-15/08/2019,1,1,Driver,Female,39.0,Driver,Not Thrown Out,NotFatal,Worn,Medium,Full,Stopped on Carriageway,1.0,2 Metropolitan,2,1,Saturday,peak,60,Pedestrian Crossing,Straight road,Level,Dry,Not Raining,Daylight,Rear End,Traffic Signals
2018-9039-15/08/2019,1,1,Driver,Male,29.0,Driver,Not Thrown Out,Fatal,Worn,Small,Unknown,Swerving,1.0,3 Country,2,1,Saturday,peak,110,T-Junction,Straight road,Level,Dry,Not Raining,Daylight,Head On,Give Way Sign
2018-9040-15/08/2019,2,1,Driver,Female,45.0,Driver,Not Thrown Out,NotFatal,Worn,Small,Full,Straight Ahead,1.0,2 Metropolitan,2,1,Saturday,off-peak,80,Divided Road,Straight road,Level,Wet,Raining,Daylight,Rear End,No Control
2018-9041-15/08/2019,1,1,Passenger,Female,66.0,Front Seat Left Passenger,Not Thrown Out,NotFatal,NotWorn,Small,NoLicence,Straight Ahead,3.0,2 Metropolitan,2,1,Friday,off-peak,60,Divided Road,Straight road,Level,Wet,Raining,Daylight,Side Swipe,No Control
2018-9048-15/08/2019,1,1,Rider,Male,16.0,NotApplicable,NotApplicable,NotFatal,NotWorn,PCycling,NoLicence,Straight Ahead,1.0,2 Metropolitan,2,1,Saturday,off-peak,50,Not Divided,Straight road,Level,Dry,Not Raining,Daylight,Right Angle,No Control
2018-9053-15/08/2019,2,1,Driver,Male,76.0,Driver,Not Thrown Out,Fatal,Worn,Medium,Full,Right Turn,1.0,3 Country,2,1,Saturday,off-peak,110,T-Junction,Straight road,Level,Dry,Not Raining,Daylight,Right Angle,No Control
2018-9054-15/08/2019,1,1,Rider,Male,56.0,NotApplicable,NotApplicable,NotFatal,NotWorn,MCycling,NoLicence,Straight Ahead,1.0,3 Country,1,1,Tuesday,off-peak,100,Not Divided,Straight road,Level,Dry,Not Raining,Daylight,Left Road - Out of Control,No Control
2018-9061-15/08/2019,1,1,Passenger,Male,18.0,Front Seat Left Passenger,Not Thrown Out,NotFatal,NotWorn,Small,NoLicence,Straight Ahead,3.0,3 Country,2,2,Saturday,peak,110,Not Divided,Straight road,Level,Dry,Not Raining,Daylight,Hit Fixed Object,No Control
2018-9061-15/08/2019,1,2,Passenger,Male,23.0,Rear Seat Middle Passenger,Thrown Out,Fatal,NotWorn,Small,NoLicence,Straight Ahead,3.0,3 Country,2,2,Saturday,peak,110,Not Divided,Straight road,Level,Dry,Not Raining,Daylight,Hit Fixed Object,No Control
2018-9066-15/08/2019,1,1,Driver,Male,17.0,Driver,Not Thrown Out,NotFatal,Worn,Small,Provisional 1 ,Straight Ahead,5.0,2 Metropolitan,2,1,Sunday,off-peak,50,Not Divided,Straight road,Level,Dry,Not Raining,Night,Hit Fixed Object,No Control
2018-9067-15/08/2019,2,1,Rider,Male,39.0,NotApplicable,NotApplicable,NotFatal,NotWorn,MCycling,NoLicence,Overtaking - on Right,2.0,2 Metropolitan,2,2,Sunday,off-peak,40,Not Divided,Straight road,Level,Dry,Not Raining,Night,Side Swipe,No Control
2018-9067-15/08/2019,2,2,Passenger,Female,25.0,Passenger of Motorcycle,Thrown Out,NotFatal,NotWorn,MCycling,NoLicence,Overtaking - on Right,2.0,2 Metropolitan,2,2,Sunday,off-peak,40,Not Divided,Straight road,Level,Dry,Not Raining,Night,Side Swipe,No Control
2018-9069-15/08/2019,1,1,Driver,Female,64.0,Driver,Not Thrown Out,NotFatal,Worn,Small,Full,Straight Ahead,1.0,2 Metropolitan,2,1,Sunday,off-peak,60,Not Divided,"CURVED, VIEW OPEN",Slope,Dry,Not Raining,Night,Hit Fixed Object,No Control
2018-9072-15/08/2019,2,1,Passenger,Female,54.0,Passenger on Multi-Passenger Vehicle,Not Thrown Out,NotFatal,NotWorn,Large,NoLicence,Straight Ahead,20.0,2 Metropolitan,2,1,Saturday,off-peak,60,T-Junction,Straight road,Level,Dry,Not Raining,Daylight,Right Turn,Traffic Signals
2018-9076-15/08/2019,1,1,Driver,Female,32.0,Driver,Not Thrown Out,NotFatal,Worn,Small,Full,Straight Ahead,3.0,2 Metropolitan,2,1,Sunday,off-peak,60,Cross Road,Straight road,Level,Wet,Not Raining,Daylight,Right Turn,Traffic Signals
2018-9080-15/08/2019,1,1,Driver,Male,39.88915925490854,Driver,Not Thrown Out,NotFatal,Unknown,Small,Unknown,Straight Ahead,1.0,2 Metropolitan,3,3,Sunday,off-peak,60,Cross Road,Straight road,Level,Dry,Not Raining,Daylight,Right Angle,Traffic Signals
2018-9080-15/08/2019,2,1,Passenger,Male,10.0,Rear Seat Right Passenger,Not Thrown Out,NotFatal,NotWorn,Medium,NoLicence,Straight Ahead,3.0,2 Metropolitan,3,3,Sunday,off-peak,60,Cross Road,Straight road,Level,Dry,Not Raining,Daylight,Right Angle,Traffic Signals
2018-9080-15/08/2019,2,2,Passenger,Male,7.0,Rear Seat Left Passenger,Not Thrown Out,NotFatal,NotWorn,Medium,NoLicence,Straight Ahead,3.0,2 Metropolitan,3,3,Sunday,off-peak,60,Cross Road,Straight road,Level,Dry,Not Raining,Daylight,Right Angle,Traffic Signals
2018-9087-15/08/2019,1,1,Passenger,Female,64.0,Rear Seat Right Passenger,Not Thrown Out,NotFatal,NotWorn,Small,NoLicence,Stopped on Carriageway,4.0,2 Metropolitan,2,1,Sunday,peak,50,Not Divided,Straight road,Level,Dry,Not Raining,Daylight,Rear End,No Control
2018-9088-15/08/2019,2,1,Driver,Male,30.0,Driver,Not Thrown Out,NotFatal,Worn,Small,Full,Straight Ahead,2.0,2 Metropolitan,2,1,Sunday,peak,50,Cross Road,Straight road,Level,Dry,Not Raining,Daylight,Right Turn,No Control
2018-9094-15/08/2019,2,1,Driver,Male,26.0,Driver,Not Thrown Out,NotFatal,Worn,Small,Full,Stopped on Carriageway,1.0,2 Metropolitan,4,3,Monday,off-peak,70,Divided Road,Straight road,Level,Dry,Not Raining,Daylight,Rear End,No Control
2018-9094-15/08/2019,3,1,Driver,Male,28.0,Driver,Not Thrown Out,NotFatal,Worn,Small,Full,Stopped on Carriageway,1.0,2 Metropolitan,4,3,Monday,off-peak,70,Divided Road,Straight road,Level,Dry,Not Raining,Daylight,Rear End,No Control
2018-9094-15/08/2019,4,1,Driver,Male,46.0,Driver,Not Thrown Out,NotFatal,Worn,Utility,Full,Stopped on Carriageway,1.0,2 Metropolitan,4,3,Monday,off-peak,70,Divided Road,Straight road,Level,Dry,Not Raining,Daylight,Rear End,No Control
2018-9096-15/08/2019,1,1,Driver,Male,57.0,Driver,Not Thrown Out,NotFatal,Worn,Large,Full,Stopped on Carriageway,1.0,2 Metropolitan,2,1,Monday,peak,60,T-Junction,Straight road,Level,Dry,Not Raining,Daylight,Rear End,Traffic Signals
2018-9097-15/08/2019,2,1,Driver,Female,77.0,Driver,Not Thrown Out,NotFatal,Worn,Small,Full,Straight Ahead,1.0,2 Metropolitan,2,1,Monday,peak,60,Cross Road,Straight road,Level,Dry,Not Raining,Daylight,Right Angle,Stop Sign
2018-9098-15/08/2019,2,1,Rider,Male,40.0,NotApplicable,NotApplicable,NotFatal,NotWorn,PCycling,NoLicence,Straight Ahead,1.0,2 Metropolitan,2,1,Monday,off-peak,60,T-Junction,Straight road,Slope,Dry,Not Raining,Daylight,Right Turn,No Control
2018-9106-15/08/2019,1,1,Driver,Male,47.0,Driver,Not Thrown Out,NotFatal,NotWorn,Medium,Full,Straight Ahead,2.0,2 Metropolitan,2,1,Monday,off-peak,50,Not Divided,Straight road,Level,Dry,Not Raining,Daylight,Right Angle,No Control
2018-9107-15/08/2019,1,1,Pedestrian,Male,39.88915925490854,NotApplicable,NotApplicable,NotFatal,NotWorn,Pedestrian on Road,NoLicence,Crossing without Control,1.0,2 Metropolitan,2,1,Monday,peak,60,Divided Road,Straight road,Level,Dry,Not Raining,Daylight,Hit Pedestrian,No Control
2018-9112-15/08/2019,1,1,Driver,Male,39.88915925490854,Driver,Not Thrown Out,NotFatal,Worn,Small,Full,Straight Ahead,1.0,2 Metropolitan,2,1,Sunday,off-peak,60,Not Divided,Straight road,Level,Dry,Not Raining,Night,Hit Fixed Object,No Control
2018-9117-15/08/2019,2,1,Rider,Male,37.0,NotApplicable,NotApplicable,NotFatal,NotWorn,PCycling,NoLicence,Straight Ahead,1.0,1 City,2,1,Monday,peak,50,Cross Road,Straight road,Level,Dry,Not Raining,Daylight,Right Turn,Traffic Signals
2018-9118-15/08/2019,2,1,Passenger,Female,60.0,Front Seat Left Passenger,Not Thrown Out,NotFatal,NotWorn,Utility,NoLicence,Straight Ahead,2.0,2 Metropolitan,2,1,Monday,off-peak,60,T-Junction,Straight road,Slope,Dry,Not Raining,Daylight,Right Turn,No Control
2018-9120-15/08/2019,1,1,Driver,Female,64.0,Driver,Not Thrown Out,NotFatal,NotWorn,Small,Full,Straight Ahead,2.0,3 Country,2,1,Sunday,peak,100,Not Divided,Straight road,Level,Dry,Not Raining,Daylight,Hit Animal,No Control
2018-9123-15/08/2019,1,1,Driver,Female,30.0,Driver,Not Thrown Out,NotFatal,Unknown,Small,Full,Right Turn,2.0,2 Metropolitan,2,3,Monday,off-peak,60,T-Junction,Straight road,Level,Dry,Not Raining,Night,Right Turn,Traffic Signals
2018-9123-15/08/2019,2,1,Driver,Male,53.0,Driver,Not Thrown Out,NotFatal,Worn,Small,Full,Straight Ahead,2.0,2 Metropolitan,2,3,Monday,off-peak,60,T-Junction,Straight road,Level,Dry,Not Raining,Night,Right Turn,Traffic Signals
2018-9123-15/08/2019,2,2,Passenger,Female,20.0,Front Seat Left Passenger,Not Thrown Out,NotFatal,NotWorn,Small,NoLicence,Straight Ahead,2.0,2 Metropolitan,2,3,Monday,off-peak,60,T-Junction,Straight road,Level,Dry,Not Raining,Night,Right Turn,Traffic Signals
2018-9125-15/08/2019,1,1,Driver,Female,58.0,Driver,Not Thrown Out,Fatal,Worn,Small,Full,Straight Ahead,1.0,3 Country,2,1,Monday,peak,110,Not Divided,Straight road,Level,Dry,Not Raining,Daylight,Hit Fixed Object,No Control
2018-9128-15/08/2019,1,1,Driver,Female,23.0,Driver,Not Thrown Out,NotFatal,Worn,Small,Full,Straight Ahead,1.0,2 Metropolitan,2,1,Tuesday,off-peak,50,Not Divided,Straight road,Level,Dry,Not Raining,Daylight,Hit Parked Vehicle,No Control
2018-9129-15/08/2019,1,1,Driver,Male,32.0,Driver,Not Thrown Out,NotFatal,Worn,Small,Full,Stopped on Carriageway,1.0,2 Metropolitan,2,1,Tuesday,off-peak,60,Cross Road,Straight road,Level,Dry,Not Raining,Daylight,Rear End,Traffic Signals
2018-9131-15/08/2019,2,1,Driver,Female,66.0,Driver,Not Thrown Out,NotFatal,Worn,Small,Full,Straight Ahead,1.0,3 Country,3,1,Tuesday,off-peak,80,T-Junction,Straight road,Level,Dry,Not Raining,Daylight,Right Angle,No Control
2018-9132-15/08/2019,1,1,Driver,Male,24.0,Driver,Not Thrown Out,NotFatal,Worn,Other Defined Special Vehicle,Full,Straight Ahead,1.0,2 Metropolitan,1,1,Tuesday,off-peak,80,Not Divided,Straight road,Level,Dry,Not Raining,Daylight,Roll Over,No Control
2018-9134-15/08/2019,1,1,Driver,Female,67.0,Driver,Not Thrown Out,NotFatal,Worn,Small,Full,Straight Ahead,1.0,2 Metropolitan,2,1,Tuesday,off-peak,60,Cross Road,Straight road,Level,Dry,Not Raining,Night,Hit Animal,Traffic Signals
2018-9136-15/08/2019,2,1,Rider,Male,23.0,NotApplicable,NotApplicable,NotFatal,NotWorn,MCycling,NoLicence,Straight Ahead,1.0,2 Metropolitan,2,1,Tuesday,peak,60,T-Junction,Straight road,Level,Dry,Not Raining,Daylight,Right Angle,Stop Sign
2018-9138-15/08/2019,2,1,Passenger,Male,15.0,Rear Seat Right Passenger,Not Thrown Out,NotFatal,NotWorn,Small,NoLicence,Stopped on Carriageway,2.0,2 Metropolitan,3,1,Tuesday,peak,70,Divided Road,Straight road,Unknown,Dry,Not Raining,Daylight,Rear End,No Control
2018-9139-15/08/2019,1,1,Driver,Female,35.0,Driver,Not Thrown Out,NotFatal,Worn,Small,Full,Left Turn,2.0,2 Metropolitan,2,1,Tuesday,peak,60,T-Junction,"CURVED, VIEW OPEN",Level,Dry,Not Raining,Daylight,Right Angle,No Control
2018-9145-15/08/2019,1,1,Rider,Male,17.0,NotApplicable,NotApplicable,NotFatal,NotWorn,MCycling,NoLicence,Straight Ahead,1.0,2 Metropolitan,2,1,Thursday,off-peak,110,Other,"CURVED, VIEW OPEN",Slope,Wet,Not Raining,Daylight,Hit Object on Road,No Control
2018-9146-15/08/2019,1,1,Driver,Male,20.0,Driver,Not Thrown Out,NotFatal,Worn,Small,Provisional 2,Stopped on Carriageway,3.0,2 Metropolitan,2,2,Tuesday,off-peak,60,T-Junction,Straight road,Slope,Dry,Not Raining,Daylight,Rear End,No Control
2018-9146-15/08/2019,2,1,Driver,Male,72.0,Driver,Not Thrown Out,NotFatal,Worn,Small,Full,Straight Ahead,1.0,2 Metropolitan,2,2,Tuesday,off-peak,60,T-Junction,Straight road,Slope,Dry,Not Raining,Daylight,Rear End,No Control
2018-9148-15/08/2019,1,1,Driver,Female,49.0,Driver,Not Thrown Out,NotFatal,Worn,Small,Full,Straight Ahead,1.0,2 Metropolitan,2,1,Tuesday,off-peak,60,T-Junction,Straight road,Level,Dry,Not Raining,Daylight,Right Angle,No Control
2018-9150-15/08/2019,1,1,Driver,Female,24.0,Driver,Not Thrown Out,NotFatal,Worn,Medium,Full,Straight Ahead,1.0,2 Metropolitan,4,3,Tuesday,peak,60,T-Junction,Straight road,Slope,Dry,Not Raining,Daylight,Rear End,No Control
2018-9150-15/08/2019,2,1,Driver,Female,53.0,Driver,Not Thrown Out,NotFatal,Worn,Small,Full,Straight Ahead,1.0,2 Metropolitan,4,3,Tuesday,peak,60,T-Junction,Straight road,Slope,Dry,Not Raining,Daylight,Rear End,No Control
2018-9150-15/08/2019,4,1,Passenger,Male,21.0,Front Seat Left Passenger,Not Thrown Out,NotFatal,NotWorn,Small,NoLicence,Stopped on Carriageway,2.0,2 Metropolitan,4,3,Tuesday,peak,60,T-Junction,Straight road,Slope,Dry,Not Raining,Daylight,Rear End,No Control
2018-9152-15/08/2019,2,1,Driver,Female,51.0,Driver,Not Thrown Out,NotFatal,Worn,Small,Full,Straight Ahead,1.0,2 Metropolitan,2,1,Tuesday,off-peak,80,Cross Road,Straight road,Level,Dry,Not Raining,Daylight,Rear End,Traffic Signals
2018-9156-15/08/2019,1,1,Driver,Female,56.0,Driver,Not Thrown Out,NotFatal,Worn,Medium,Full,Stopped on Carriageway,1.0,2 Metropolitan,2,1,Monday,off-peak,60,Cross Road,Straight road,Level,Dry,Not Raining,Night,Rear End,Traffic Signals
2018-9157-15/08/2019,1,1,Driver,Male,39.88915925490854,Driver,Not Thrown Out,NotFatal,Worn,Small,Probationary,Straight Ahead,1.0,2 Metropolitan,2,1,Monday,off-peak,60,Divided Road,Straight road,Level,Dry,Not Raining,Night,Hit Fixed Object,No Control
2018-9160-15/08/2019,1,1,Driver,Female,73.0,Driver,Not Thrown Out,NotFatal,Worn,Small,Full,Stopped on Carriageway,1.0,1 City,2,1,Tuesday,off-peak,50,Cross Road,"CURVED, VIEW OPEN",Level,Dry,Not Raining,Daylight,Rear End,Traffic Signals
2018-9162-15/08/2019,1,1,Driver,Male,20.0,Driver,Not Thrown Out,NotFatal,Worn,Medium,Full,Right Turn,1.0,2 Metropolitan,2,2,Tuesday,peak,60,T-Junction,Straight road,Level,Dry,Not Raining,Daylight,Right Turn,No Control
2018-9162-15/08/2019,2,1,Driver,Male,54.0,Driver,Not Thrown Out,NotFatal,Worn,Small,Full,Straight Ahead,1.0,2 Metropolitan,2,2,Tuesday,peak,60,T-Junction,Straight road,Level,Dry,Not Raining,Daylight,Right Turn,No Control
2018-9163-15/08/2019,1,1,Driver,Male,19.0,Driver,Not Thrown Out,NotFatal,Worn,Small,Provisional 1 ,Straight Ahead,1.0,2 Metropolitan,2,1,Tuesday,peak,50,Cross Road,Straight road,Level,Dry,Not Raining,Daylight,Right Angle,Give Way Sign
2018-9164-15/08/2019,1,1,Driver,Female,40.0,Driver,Not Thrown Out,NotFatal,Worn,Small,Full,Stopped on Carriageway,3.0,2 Metropolitan,2,3,Tuesday,peak,60,Cross Road,Straight road,Level,Dry,Not Raining,Daylight,Rear End,Roundabout
2018-9164-15/08/2019,1,2,Passenger,Female,15.0,Front Seat Left Passenger,Not Thrown Out,NotFatal,NotWorn,Small,NoLicence,Stopped on Carriageway,3.0,2 Metropolitan,2,3,Tuesday,peak,60,Cross Road,Straight road,Level,Dry,Not Raining,Daylight,Rear End,Roundabout
2018-9164-15/08/2019,1,3,Passenger,Female,10.0,Rear Seat Left Passenger,Not Thrown Out,NotFatal,NotWorn,Small,NoLicence,Stopped on Carriageway,3.0,2 Metropolitan,2,3,Tuesday,peak,60,Cross Road,Straight road,Level,Dry,Not Raining,Daylight,Rear End,Roundabout
2018-9168-15/08/2019,1,1,Rider,Male,58.0,NotApplicable,NotApplicable,NotFatal,NotWorn,PCycling,NoLicence,Other,1.0,2 Metropolitan,2,1,Tuesday,off-peak,50,Not Divided,Straight road,Level,Dry,Not Raining,Night,Hit Animal,No Control
2018-9170-15/08/2019,3,1,Rider,Male,54.0,NotApplicable,NotApplicable,NotFatal,NotWorn,PCycling,NoLicence,Straight Ahead,1.0,2 Metropolitan,3,1,Wednesday,off-peak,60,Cross Road,Straight road,Level,Dry,Not Raining,Daylight,Right Angle,Give Way Sign
2018-9171-15/08/2019,1,1,Driver,Male,34.0,Driver,Not Thrown Out,NotFatal,Unknown,Small,Full,Left Turn,1.0,3 Country,4,1,Tuesday,off-peak,100,Cross Road,Straight road,Bottom of Hill,Dry,Not Raining,Daylight,Hit Fixed Object,Give Way Sign
2018-9172-15/08/2019,1,1,Rider,Male,66.0,NotApplicable,NotApplicable,NotFatal,NotWorn,PCycling,NoLicence,Straight Ahead,1.0,2 Metropolitan,1,1,Tuesday,off-peak,50,Not Divided,"CURVED, VIEW OPEN",Slope,Dry,Not Raining,Daylight,Roll Over,No Control
2018-9173-15/08/2019,1,1,Driver,Female,60.0,Driver,Not Thrown Out,NotFatal,Unknown,Small,Full,Straight Ahead,1.0,2 Metropolitan,2,1,Wednesday,off-peak,60,Cross Road,Straight road,Level,Dry,Not Raining,Daylight,Right Turn,Traffic Signals
2018-9189-15/08/2019,1,1,Driver,Male,48.0,Driver,Not Thrown Out,NotFatal,Worn,Utility,Full,Straight Ahead,1.0,2 Metropolitan,2,1,Tuesday,peak,60,Cross Road,Straight road,Slope,Dry,Not Raining,Daylight,Rear End,Traffic Signals