REPORT_ID,UND_UNIT_NUMBER,CASUALTY_NUMBER,cas_type,cas_gender,cas_age,cas_pos_in_veh,thrown_out,fatality,seat_belt,unit_type,lic_type,unit_movement,n_occupants,stat_area,total_units,cas_total,day,time,area_speed,acc_pos,hor_align,ver_align,moist_cond,wea_cond,dayNight,crash_type,traf_ctrls
2018-9190-15/08/2019,2,1,Driver,Female,49.0,Driver,Not Thrown Out,NotFatal,Worn,Small,Full,Straight Ahead,1.0,2 Metropolitan,2,1,Wednesday,off-peak,60,Cross Road,Straight road,Level,Dry,Not Raining,Daylight,Rear End,Traffic Signals
2018-9192-15/08/2019,2,1,Driver,Female,19.0,Driver,Not Thrown Out,NotFatal,Worn,Small,Provisional 2,Stopped on Carriageway,1.0,2 Metropolitan,3,1,Wednesday,peak,60,Cross Road,Straight road,Level,Dry,Not Raining,Daylight,Rear End,Traffic Signals
2018-9193-15/08/2019,1,1,Driver,Female,60.0,Driver,Not Thrown Out,NotFatal,Worn,Medium,Full,Straight Ahead,1.0,3 Country,1,1,Wednesday,off-peak,60,Not Divided,Straight road,Level,Dry,Not Raining,Daylight,Roll Over,No Control
2018-9194-15/08/2019,2,1,Driver,Female,35.0,Driver,Not Thrown Out,NotFatal,Worn,Medium,Full,Stopped on Carriageway,1.0,2 Metropolitan,3,1,Wednesday,peak,60,Divided Road,Straight road,Level,Dry,Not Raining,Daylight,Rear End,No Control
2018-9196-15/08/2019,2,1,Rider,Male,30.0,NotApplicable,NotApplicable,NotFatal,NotWorn,PCycling,NoLicence,Straight Ahead,1.0,2 Metropolitan,2,1,Tuesday,peak,50,Divided Road,Straight road,Level,Dry,Not Raining,Daylight,Side Swipe,No Control
2018-9200-15/08/2019,1,1,Driver,Male,39.88915925490854,Driver,Not Thrown Out,NotFatal,Worn,Large,Full,Straight Ahead,1.0,3 Country,1,1,Wednesday,off-peak,50,Multiple,Straight road,Level,Dry,Not Raining,Daylight,Roll Over,Give Way Sign
2018-9205-15/08/2019,1,1,Driver,Female,36.0,Driver,Not Thrown Out,NotFatal,Worn,Medium,Full,Straight Ahead,1.0,2 Metropolitan,2,3,Wednesday,off-peak,80,T-Junction,Straight road,Level,Dry,Not Raining,Daylight,Right Turn,Traffic Signals
2018-9205-15/08/2019,2,1,Driver,Female,29.0,Driver,Not Thrown Out,NotFatal,Worn,Small,Full,Right Turn,2.0,2 Metropolitan,2,3,Wednesday,off-peak,80,T-Junction,Straight road,Level,Dry,Not Raining,Daylight,Right Turn,Traffic Signals
2018-9205-15/08/2019,2,2,Passenger,Female,25.0,Front Seat Left Passenger,Not Thrown Out,NotFatal,NotWorn,Small,NoLicence,Right Turn,2.0,2 Metropolitan,2,3,Wednesday,off-peak,80,T-Junction,Straight road,Level,Dry,Not Raining,Daylight,Right Turn,Traffic Signals
2018-9206-15/08/2019,2,1,Driver,Female,55.0,Driver,Not Thrown Out,NotFatal,Worn,Small,Full,Stopped on Carriageway,1.0,2 Metropolitan,2,1,Wednesday,off-peak,60,Not Divided,Straight road,Level,Wet,Raining,Night,Rear End,No Control
2018-9208-15/08/2019,1,1,Driver,Female,19.0,Driver,Not Thrown Out,NotFatal,Worn,Small,Provisional 1 ,Straight Ahead,2.0,2 Metropolitan,2,3,Wednesday,off-peak,60,Not Divided,"CURVED, VIEW OBSCURED",Slope,Dry,Not Raining,Night,Head On,No Control
2018-9208-15/08/2019,1,2,Passenger,Female,19.0,Front Seat Left Passenger,Not Thrown Out,NotFatal,NotWorn,Small,NoLicence,Straight Ahead,2.0,2 Metropolitan,2,3,Wednesday,off-peak,60,Not Divided,"CURVED, VIEW OBSCURED",Slope,Dry,Not Raining,Night,Head On,No Control
2018-9208-15/08/2019,2,1,Driver,Male,19.0,Driver,Not Thrown Out,NotFatal,Worn,Small,Provisional 2,Straight Ahead,3.0,2 Metropolitan,2,3,Wednesday,off-peak,60,Not Divided,"CURVED, VIEW OBSCURED",Slope,Dry,Not Raining,Night,Head On,No Control
2018-9209-15/08/2019,1,1,Driver,Female,19.0,Driver,Not Thrown Out,NotFatal,Worn,Medium,Provisional 2,Straight Ahead,1.0,2 Metropolitan,2,1,Wednesday,off-peak,60,Not Divided,Straight road,Level,Dry,Not Raining,Daylight,Hit Fixed Object,No Control
2018-9210-15/08/2019,1,1,Driver,Male,21.0,Driver,Not Thrown Out,NotFatal,Worn,Small,Provisional 2,Straight Ahead,1.0,2 Metropolitan,2,1,Thursday,off-peak,100,Divided Road,Straight road,Level,Dry,Not Raining,Night,Hit Fixed Object,No Control
2018-9213-15/08/2019,1,1,Driver,Female,29.0,Driver,Not Thrown Out,NotFatal,Worn,Small,Full,Straight Ahead,1.0,2 Metropolitan,2,1,Thursday,off-peak,60,T-Junction,Straight road,Level,Dry,Not Raining,Daylight,Right Turn,No Control
2018-9214-15/08/2019,2,1,Pedestrian,Female,26.0,NotApplicable,NotApplicable,NotFatal,NotWorn,Pedestrian on Footpath/Carpark,NoLicence,Alighted from Parked Vehicle,1.0,2 Metropolitan,2,1,Thursday,off-peak,60,T-Junction,Straight road,Level,Dry,Not Raining,Daylight,Hit Pedestrian,No Control
2018-9216-15/08/2019,1,1,Driver,Male,34.0,Driver,Not Thrown Out,NotFatal,Worn,Small,Full,Right Turn,1.0,2 Metropolitan,2,1,Thursday,off-peak,60,Cross Road,Straight road,Level,Wet,Raining,Daylight,Right Turn,Traffic Signals
2018-9218-15/08/2019,3,1,Driver,Female,41.0,Driver,Not Thrown Out,NotFatal,Worn,Medium,Full,Straight Ahead,1.0,2 Metropolitan,5,1,Thursday,peak,100,Not Divided,"CURVED, VIEW OPEN",Level,Wet,Raining,Daylight,Rear End,No Control
2018-9222-15/08/2019,1,1,Driver,Female,55.0,Driver,Not Thrown Out,NotFatal,Worn,Small,Full,Straight Ahead,1.0,3 Country,2,2,Thursday,peak,110,T-Junction,Straight road,Level,Wet,Not Raining,Daylight,Right Angle,No Control
2018-9222-15/08/2019,2,1,Driver,Male,58.0,Driver,Not Thrown Out,NotFatal,Worn,Medium,Full,Left Turn,1.0,3 Country,2,2,Thursday,peak,110,T-Junction,Straight road,Level,Wet,Not Raining,Daylight,Right Angle,No Control
2018-9235-15/08/2019,2,1,Driver,Female,46.0,Driver,Not Thrown Out,NotFatal,Worn,Small,Full,Straight Ahead,2.0,2 Metropolitan,3,1,Thursday,off-peak,80,Divided Road,Straight road,Slope,Dry,Not Raining,Daylight,Rear End,No Control
2018-9236-15/08/2019,1,1,Driver,Female,29.0,Driver,Not Thrown Out,NotFatal,Worn,Medium,Full,Stopped on Carriageway,2.0,2 Metropolitan,2,1,Thursday,off-peak,60,Cross Road,Straight road,Level,Dry,Not Raining,Daylight,Rear End,Traffic Signals
2018-9237-15/08/2019,2,1,Driver,Female,55.0,Driver,Not Thrown Out,NotFatal,Worn,Small,Full,Straight Ahead,1.0,2 Metropolitan,3,1,Thursday,off-peak,60,T-Junction,Straight road,Level,Dry,Not Raining,Daylight,Right Angle,No Control
2018-9250-15/08/2019,1,1,Driver,Female,21.0,Driver,Not Thrown Out,NotFatal,Worn,Small,Provisional 1 ,Straight Ahead,1.0,2 Metropolitan,2,1,Thursday,off-peak,60,Cross Road,Straight road,Level,Dry,Not Raining,Night,Right Angle,Traffic Signals
2018-9252-15/08/2019,2,1,Driver,Female,75.0,Driver,Not Thrown Out,NotFatal,Worn,Small,Full,Right Turn,1.0,2 Metropolitan,2,1,Thursday,off-peak,60,T-Junction,Straight road,Level,Dry,Not Raining,Daylight,Right Turn,Traffic Signals
2018-9253-15/08/2019,1,1,Rider,Male,37.0,NotApplicable,NotApplicable,NotFatal,NotWorn,MCycling,NoLicence,Swerving,1.0,2 Metropolitan,1,1,Wednesday,off-peak,60,Divided Road,Straight road,Level,Dry,Not Raining,Daylight,Roll Over,No Control
2018-9259-15/08/2019,1,1,Driver,Female,54.0,Driver,Not Thrown Out,NotFatal,Worn,Small,Full,Stopped on Carriageway,2.0,2 Metropolitan,2,1,Friday,off-peak,90,Not Divided,Straight road,Level,Dry,Not Raining,Daylight,Rear End,No Control
2018-9260-15/08/2019,2,1,Driver,Female,20.0,Driver,Not Thrown Out,NotFatal,Worn,Small,Full,Straight Ahead,1.0,2 Metropolitan,2,1,Friday,off-peak,60,Not Divided,Straight road,Level,Dry,Not Raining,Daylight,Rear End,No Control
2018-9261-15/08/2019,2,1,Driver,Female,38.0,Driver,Not Thrown Out,NotFatal,Worn,MCycling,Full,Straight Ahead,4.0,2 Metropolitan,2,1,Friday,peak,50,Not Divided,Straight road,Level,Dry,Not Raining,Daylight,Head On,No Control
2018-9264-15/08/2019,2,1,Rider,Male,73.0,NotApplicable,NotApplicable,NotFatal,NotWorn,PCycling,NoLicence,Straight Ahead,1.0,2 Metropolitan,2,1,Friday,peak,40,Cross Road,Straight road,Level,Dry,Not Raining,Daylight,Right Turn,Stop Sign
2018-9267-15/08/2019,2,1,Driver,Female,19.0,Driver,Not Thrown Out,NotFatal,Worn,Small,Provisional 2,Straight Ahead,1.0,1 City,2,1,Friday,off-peak,60,T-Junction,Straight road,Level,Dry,Not Raining,Daylight,Rear End,Traffic Signals
2018-9269-15/08/2019,2,1,Passenger,Female,77.0,Front Seat Left Passenger,Not Thrown Out,NotFatal,NotWorn,Small,NoLicence,Stopped on Carriageway,2.0,2 Metropolitan,2,1,Thursday,peak,60,Not Divided,Straight road,Level,Dry,Not Raining,Daylight,Rear End,No Control
2018-9274-15/08/2019,1,1,Driver,Female,48.0,Driver,Not Thrown Out,NotFatal,Worn,Small,Full,Straight Ahead,1.0,2 Metropolitan,2,2,Friday,off-peak,70,Cross Road,Straight road,Level,Dry,Not Raining,Daylight,Rear End,Roundabout
2018-9274-15/08/2019,2,1,Driver,Female,48.0,Driver,Not Thrown Out,NotFatal,Worn,Small,Learners,Straight Ahead,3.0,2 Metropolitan,2,2,Friday,off-peak,70,Cross Road,Straight road,Level,Dry,Not Raining,Daylight,Rear End,Roundabout
2018-9276-15/08/2019,1,1,Driver,Female,31.0,Driver,Not Thrown Out,NotFatal,Worn,Small,Full,Stopped on Carriageway,1.0,1 City,2,1,Wednesday,peak,60,Cross Road,Straight road,Level,Dry,Not Raining,Daylight,Rear End,Traffic Signals
2018-9278-15/08/2019,1,1,Driver,Male,68.0,Driver,Not Thrown Out,NotFatal,Worn,Medium,Full,Straight Ahead,1.0,2 Metropolitan,2,1,Friday,off-peak,60,T-Junction,Straight road,Level,Dry,Not Raining,Daylight,Right Angle,No Control
2018-9290-15/08/2019,2,1,Pedestrian,Female,30.0,NotApplicable,NotApplicable,NotFatal,NotWorn,Pedestrian on Road,NoLicence,Walking on Road,1.0,3 Country,2,1,Friday,off-peak,100,T-Junction,Straight road,Level,Dry,Not Raining,Night,Hit Pedestrian,No Control
2018-9294-15/08/2019,2,1,Passenger,Female,82.0,Front Seat Left Passenger,Not Thrown Out,NotFatal,NotWorn,Small,NoLicence,Straight Ahead,2.0,3 Country,2,1,Friday,peak,50,Not Divided,Straight road,Level,Dry,Not Raining,Daylight,Hit Parked Vehicle,No Control
2018-9295-15/08/2019,2,1,Driver,Male,68.0,Driver,Not Thrown Out,NotFatal,Worn,Small,Full,Stopped on Carriageway,1.0,2 Metropolitan,2,1,Friday,off-peak,60,Divided Road,Straight road,Level,Dry,Not Raining,Daylight,Rear End,No Control
2018-9297-15/08/2019,1,1,Driver,Male,31.0,Driver,Not Thrown Out,NotFatal,Unknown,Medium,Learners,Straight Ahead,1.0,3 Country,1,1,Thursday,peak,100,Not Divided,Straight road,Level,Dry,Not Raining,Night,Roll Over,No Control
2018-9299-15/08/2019,1,1,Driver,Female,47.0,Driver,Not Thrown Out,NotFatal,Worn,Small,Full,Stopped on Carriageway,1.0,2 Metropolitan,2,1,Saturday,off-peak,80,Divided Road,Straight road,Level,Dry,Not Raining,Daylight,Rear End,No Control
2018-9301-15/08/2019,2,1,Rider,Male,39.88915925490854,NotApplicable,NotApplicable,NotFatal,NotWorn,PCycling,NoLicence,Left Turn,1.0,2 Metropolitan,2,1,Saturday,off-peak,50,Cross Road,Straight road,Level,Dry,Not Raining,Daylight,Right Angle,Give Way Sign
2018-9303-15/08/2019,1,1,Rider,Male,33.0,NotApplicable,NotApplicable,NotFatal,NotWorn,MCycling,NoLicence,Straight Ahead,1.0,2 Metropolitan,2,1,Saturday,off-peak,50,Not Divided,Straight road,Level,Dry,Not Raining,Daylight,Roll Over,No Control
2018-9306-15/08/2019,1,1,Rider,Male,26.0,NotApplicable,NotApplicable,NotFatal,NotWorn,MCycling,NoLicence,Straight Ahead,1.0,2 Metropolitan,1,1,Saturday,off-peak,50,Not Divided,"CURVED, VIEW OPEN",Slope,Dry,Not Raining,Daylight,Roll Over,No Control
2018-9308-15/08/2019,2,1,Driver,Male,26.0,Driver,Not Thrown Out,NotFatal,Worn,Small,Full,Straight Ahead,1.0,2 Metropolitan,2,1,Saturday,off-peak,50,T-Junction,Straight road,Level,Dry,Not Raining,Daylight,Right Angle,No Control
2018-9309-15/08/2019,2,1,Rider,Female,61.0,NotApplicable,NotApplicable,NotFatal,NotWorn,PCycling,NoLicence,Straight Ahead,1.0,2 Metropolitan,2,1,Tuesday,peak,50,T-Junction,Straight road,Level,Dry,Not Raining,Daylight,Right Angle,No Control
2018-9312-15/08/2019,1,1,Driver,Male,44.0,Driver,Not Thrown Out,NotFatal,Worn,Medium,Full,Straight Ahead,3.0,2 Metropolitan,2,1,Saturday,off-peak,60,Not Divided,Straight road,Level,Dry,Not Raining,Daylight,Side Swipe,No Control
2018-9315-15/08/2019,1,1,Driver,Female,24.0,Driver,Not Thrown Out,NotFatal,Worn,Small,Full,Straight Ahead,1.0,2 Metropolitan,2,1,Saturday,peak,60,Cross Road,Straight road,Level,Dry,Not Raining,Daylight,Right Angle,Roundabout
2018-9316-15/08/2019,2,1,Rider,Male,71.0,NotApplicable,NotApplicable,NotFatal,NotWorn,PCycling,NoLicence,Straight Ahead,1.0,2 Metropolitan,2,1,Thursday,off-peak,50,Not Divided,Straight road,Level,Dry,Not Raining,Daylight,Hit Parked Vehicle,No Control
2018-9317-15/08/2019,1,1,Driver,Female,51.0,Driver,Not Thrown Out,NotFatal,Worn,Medium,Full,Straight Ahead,1.0,3 Country,2,1,Saturday,peak,100,Not Divided,Straight road,Slope,Dry,Not Raining,Daylight,Hit Fixed Object,No Control
2018-9321-15/08/2019,1,1,Passenger,Male,9.0,Other,Not Thrown Out,NotFatal,NotWorn,Small,NoLicence,Straight Ahead,4.0,2 Metropolitan,4,3,Saturday,off-peak,60,T-Junction,Straight road,Level,Dry,Not Raining,Night,Rear End,Traffic Signals
2018-9321-15/08/2019,1,2,Passenger,Male,12.0,Other,Not Thrown Out,NotFatal,NotWorn,Small,NoLicence,Straight Ahead,4.0,2 Metropolitan,4,3,Saturday,off-peak,60,T-Junction,Straight road,Level,Dry,Not Raining,Night,Rear End,Traffic Signals
2018-9321-15/08/2019,1,3,Passenger,Female,5.0,Other,Not Thrown Out,NotFatal,NotWorn,Small,NoLicence,Straight Ahead,4.0,2 Metropolitan,4,3,Saturday,off-peak,60,T-Junction,Straight road,Level,Dry,Not Raining,Night,Rear End,Traffic Signals
2018-9322-15/08/2019,1,1,Rider,Male,34.0,NotApplicable,NotApplicable,NotFatal,NotWorn,MCycling,NoLicence,Straight Ahead,1.0,3 Country,2,1,Saturday,off-peak,100,Not Divided,"CURVED, VIEW OBSCURED",Slope,Dry,Not Raining,Night,Hit Fixed Object,No Control
2018-9324-15/08/2019,1,1,Driver,Male,32.0,Driver,Not Thrown Out,NotFatal,Worn,Medium,Full,Straight Ahead,2.0,3 Country,2,2,Thursday,off-peak,110,Not Divided,Straight road,Level,Dry,Not Raining,Night,Hit Animal,No Control
2018-9324-15/08/2019,1,2,Passenger,Male,37.0,Front Seat Left Passenger,Not Thrown Out,NotFatal,NotWorn,Medium,NoLicence,Straight Ahead,2.0,3 Country,2,2,Thursday,off-peak,110,Not Divided,Straight road,Level,Dry,Not Raining,Night,Hit Animal,No Control
2018-9325-15/08/2019,1,1,Driver,Male,84.0,Driver,Not Thrown Out,NotFatal,Worn,Small,Full,Straight Ahead,1.0,2 Metropolitan,2,1,Saturday,off-peak,50,Not Divided,Straight road,Slope,Dry,Not Raining,Night,Hit Parked Vehicle,No Control
2018-9330-15/08/2019,1,1,Driver,Male,21.0,Driver,Not Thrown Out,NotFatal,Worn,Utility,Full,Swerving,1.0,3 Country,1,1,Sunday,off-peak,110,Not Divided,"CURVED, VIEW OPEN",Level,Dry,Not Raining,Night,Roll Over,No Control
2018-9331-15/08/2019,1,1,Driver,Male,30.0,Driver,Not Thrown Out,NotFatal,Worn,Small,Provisional 1 ,Straight Ahead,2.0,3 Country,4,3,Saturday,off-peak,100,Not Divided,"CURVED, VIEW OBSCURED",Level,Dry,Not Raining,Night,Head On,No Control
2018-9331-15/08/2019,2,1,Driver,Female,61.0,Driver,Not Thrown Out,NotFatal,Worn,Small,Full,Straight Ahead,2.0,3 Country,4,3,Saturday,off-peak,100,Not Divided,"CURVED, VIEW OBSCURED",Level,Dry,Not Raining,Night,Head On,No Control
2018-9331-15/08/2019,2,2,Passenger,Female,63.0,Front Seat Left Passenger,Not Thrown Out,NotFatal,NotWorn,Small,NoLicence,Straight Ahead,2.0,3 Country,4,3,Saturday,off-peak,100,Not Divided,"CURVED, VIEW OBSCURED",Level,Dry,Not Raining,Night,Head On,No Control
2018-9334-15/08/2019,1,1,Driver,Male,63.0,Driver,Not Thrown Out,NotFatal,Worn,Small,Full,Straight Ahead,1.0,2 Metropolitan,2,1,Saturday,off-peak,50,Pedestrian Crossing,Straight road,Level,Dry,Not Raining,Daylight,Rear End,Traffic Signals
2018-9337-15/08/2019,1,1,Driver,Female,28.0,Driver,Not Thrown Out,NotFatal,Worn,Small,Provisional 2,Stopped on Carriageway,1.0,2 Metropolitan,2,1,Sunday,off-peak,60,Multiple,Straight road,Level,Dry,Not Raining,Daylight,Rear End,Traffic Signals
2018-9338-15/08/2019,1,1,Passenger,Male,24.0,Front Seat Left Passenger,Not Thrown Out,NotFatal,NotWorn,Small,NoLicence,Right Turn,2.0,2 Metropolitan,2,1,Sunday,off-peak,60,T-Junction,Straight road,Level,Dry,Not Raining,Daylight,Right Angle,Traffic Signals
2018-9340-15/08/2019,2,1,Driver,Female,46.0,Driver,Not Thrown Out,NotFatal,Worn,Medium,Full,Straight Ahead,1.0,2 Metropolitan,2,1,Sunday,off-peak,60,Divided Road,Straight road,Level,Dry,Not Raining,Daylight,Rear End,No Control
2018-9343-15/08/2019,2,1,Driver,Male,18.0,Driver,Not Thrown Out,NotFatal,Worn,Small,Provisional 2,Straight Ahead,1.0,3 Country,2,1,Sunday,off-peak,100,Not Divided,Straight road,Level,Dry,Not Raining,Daylight,Rear End,No Control
2018-9344-15/08/2019,1,1,Driver,Female,21.0,Driver,Not Thrown Out,NotFatal,Worn,Small,Full,Stopped on Carriageway,2.0,2 Metropolitan,2,1,Sunday,off-peak,50,T-Junction,Straight road,Level,Dry,Not Raining,Daylight,Rear End,No Control
2018-9345-15/08/2019,1,1,Rider,Male,12.0,NotApplicable,NotApplicable,NotFatal,NotWorn,PCycling,NoLicence,Straight Ahead,1.0,2 Metropolitan,2,1,Sunday,off-peak,50,Not Divided,Straight road,Slope,Dry,Not Raining,Daylight,Right Angle,No Control
2018-9346-15/08/2019,1,1,Passenger,Female,74.0,Front Seat Left Passenger,Thrown Out,NotFatal,NotWorn,Medium,NoLicence,Stopped on Carriageway,2.0,2 Metropolitan,2,1,Sunday,off-peak,50,Divided Road,Straight road,Level,Dry,Not Raining,Daylight,Rear End,No Control
2018-9348-15/08/2019,1,1,Passenger,Female,23.0,Front Seat Left Passenger,Not Thrown Out,NotFatal,NotWorn,Small,NoLicence,Stopped on Carriageway,2.0,2 Metropolitan,2,1,Sunday,off-peak,60,Not Divided,Straight road,Level,Dry,Not Raining,Daylight,Rear End,No Control
2018-9350-15/08/2019,1,1,Passenger,Male,19.0,Front Seat Left Passenger,Not Thrown Out,NotFatal,NotWorn,Small,NoLicence,Straight Ahead,2.0,3 Country,1,1,Sunday,off-peak,100,Not Divided,Straight road,Slope,Dry,Not Raining,Daylight,Roll Over,No Control
2018-9351-15/08/2019,1,1,Driver,Female,86.0,Driver,Not Thrown Out,NotFatal,Worn,Medium,Full,Right Turn,1.0,2 Metropolitan,5,1,Sunday,off-peak,60,T-Junction,Straight road,Level,Dry,Not Raining,Daylight,Right Angle,Traffic Signals
2018-9353-15/08/2019,2,1,Pedestrian,Male,6.0,NotApplicable,NotApplicable,NotFatal,NotWorn,Pedestrian on Road,NoLicence,Crossing without Control,1.0,2 Metropolitan,2,1,Friday,off-peak,60,Divided Road,Straight road,Slope,Dry,Not Raining,Daylight,Hit Pedestrian,No Control
2018-9360-15/08/2019,1,1,Driver,Female,60.0,Driver,Not Thrown Out,NotFatal,Worn,Medium,Full,Right Turn,1.0,2 Metropolitan,2,3,Sunday,off-peak,60,T-Junction,Straight road,Level,Dry,Not Raining,Daylight,Right Angle,No Control
2018-9360-15/08/2019,2,1,Driver,Female,22.0,Driver,Not Thrown Out,NotFatal,Worn,Small,Full,Straight Ahead,2.0,2 Metropolitan,2,3,Sunday,off-peak,60,T-Junction,Straight road,Level,Dry,Not Raining,Daylight,Right Angle,No Control
2018-9360-15/08/2019,2,2,Passenger,Female,51.0,Front Seat Left Passenger,Not Thrown Out,NotFatal,NotWorn,Small,NoLicence,Straight Ahead,2.0,2 Metropolitan,2,3,Sunday,off-peak,60,T-Junction,Straight road,Level,Dry,Not Raining,Daylight,Right Angle,No Control
2018-9361-15/08/2019,1,1,Driver,Female,39.0,Driver,Not Thrown Out,NotFatal,Worn,Small,Full,U Turn,1.0,2 Metropolitan,2,1,Monday,off-peak,60,Not Divided,Straight road,Level,Dry,Not Raining,Daylight,Side Swipe,No Control
2018-9362-15/08/2019,1,1,Rider,Female,63.0,NotApplicable,NotApplicable,NotFatal,NotWorn,PCycling,NoLicence,Straight Ahead,1.0,2 Metropolitan,2,1,Thursday,off-peak,60,Cross Road,Straight road,Level,Dry,Not Raining,Daylight,Right Angle,Give Way Sign
2018-9365-15/08/2019,1,1,Rider,Male,11.0,NotApplicable,NotApplicable,NotFatal,NotWorn,PCycling,NoLicence,Straight Ahead,1.0,2 Metropolitan,1,1,Monday,peak,60,Cross Road,Straight road,Level,Dry,Not Raining,Daylight,Roll Over,Traffic Signals
2018-9366-15/08/2019,1,1,Driver,Female,18.0,Driver,Not Thrown Out,NotFatal,Worn,Small,Provisional 1 ,Straight Ahead,1.0,2 Metropolitan,2,1,Monday,peak,80,Not Divided,"CURVED, VIEW OPEN",Slope,Dry,Not Raining,Daylight,Hit Fixed Object,No Control
2018-9367-15/08/2019,2,1,Pedestrian,Female,69.0,NotApplicable,NotApplicable,NotFatal,NotWorn,Pedestrian on Road,NoLicence,Crossing without Control,1.0,2 Metropolitan,2,1,Monday,off-peak,60,Cross Road,Straight road,Level,Dry,Not Raining,Daylight,Hit Pedestrian,Roundabout
2018-9368-15/08/2019,1,1,Pedestrian,Female,81.0,NotApplicable,NotApplicable,NotFatal,NotWorn,Pedestrian on Footpath/Carpark,NoLicence,Walking on Footpath,1.0,1 City,2,1,Wednesday,off-peak,50,Not Divided,Straight road,Level,Dry,Not Raining,Daylight,Hit Pedestrian,No Control
2018-9373-15/08/2019,2,1,Driver,Female,23.0,Driver,Not Thrown Out,NotFatal,Worn,Small,Full,U Turn,1.0,2 Metropolitan,2,1,Monday,off-peak,50,Not Divided,Straight road,Level,Dry,Not Raining,Daylight,Side Swipe,No Control
2018-9375-15/08/2019,1,1,Driver,Male,60.0,Driver,Not Thrown Out,NotFatal,Worn,Small,Full,Stopped on Carriageway,1.0,2 Metropolitan,3,1,Monday,peak,60,Cross Road,Straight road,Level,Dry,Not Raining,Daylight,Rear End,Traffic Signals
2018-9383-15/08/2019,1,1,Driver,Male,65.0,Driver,Not Thrown Out,NotFatal,Worn,Small,Full,Straight Ahead,1.0,2 Metropolitan,2,1,Monday,off-peak,50,Not Divided,Straight road,Level,Dry,Not Raining,Daylight,Hit Fixed Object,No Control
2018-9386-15/08/2019,1,1,Rider,Male,23.0,NotApplicable,NotApplicable,NotFatal,NotWorn,PCycling,NoLicence,Entering Private Driveway,1.0,2 Metropolitan,2,1,Thursday,peak,70,Divided Road,Straight road,Level,Dry,Not Raining,Daylight,Hit Fixed Object,No Control
2018-9387-15/08/2019,1,1,Driver,Male,48.0,Driver,Not Thrown Out,NotFatal,Worn,Small,Full,Stopped on Carriageway,1.0,2 Metropolitan,2,1,Friday,off-peak,60,Divided Road,Straight road,Level,Dry,Not Raining,Daylight,Rear End,No Control
2018-9388-15/08/2019,2,1,Rider,Male,22.0,NotApplicable,NotApplicable,NotFatal,NotWorn,PCycling,NoLicence,Straight Ahead,1.0,2 Metropolitan,2,1,Monday,peak,60,Cross Road,Straight road,Level,Dry,Not Raining,Daylight,Side Swipe,Give Way Sign
2018-9391-15/08/2019,2,1,Driver,Female,62.0,Driver,Not Thrown Out,NotFatal,Worn,Small,Full,Stopped on Carriageway,2.0,2 Metropolitan,2,1,Monday,peak,60,T-Junction,Straight road,Level,Dry,Not Raining,Daylight,Rear End,No Control
2018-9393-15/08/2019,3,1,Driver,Female,57.0,Driver,Not Thrown Out,NotFatal,Worn,Medium,Full,Stopped on Carriageway,1.0,2 Metropolitan,4,2,Monday,off-peak,70,T-Junction,Straight road,Level,Dry,Not Raining,Daylight,Side Swipe,Traffic Signals
2018-9393-15/08/2019,4,1,Driver,Male,43.0,Driver,Not Thrown Out,NotFatal,Worn,Small,Full,Stopped on Carriageway,1.0,2 Metropolitan,4,2,Monday,off-peak,70,T-Junction,Straight road,Level,Dry,Not Raining,Daylight,Side Swipe,Traffic Signals
2018-9396-15/08/2019,2,1,Driver,Female,55.0,Driver,Not Thrown Out,NotFatal,Worn,Small,Full,Straight Ahead,1.0,2 Metropolitan,2,1,Monday,peak,60,Cross Road,Straight road,Level,Dry,Not Raining,Daylight,Right Turn,Traffic Signals
2018-9397-15/08/2019,2,1,Pedestrian,Female,19.0,NotApplicable,NotApplicable,NotFatal,NotWorn,Pedestrian on Road,NoLicence,Crossing without Control,1.0,2 Metropolitan,2,1,Monday,peak,60,Divided Road,Straight road,Level,Dry,Not Raining,Daylight,Hit Pedestrian,No Control
2018-9399-15/08/2019,2,1,Driver,Female,20.0,Driver,Not Thrown Out,NotFatal,Worn,Small,Unknown,Straight Ahead,1.0,2 Metropolitan,3,1,Monday,peak,60,Not Divided,"CURVED, VIEW OPEN",Slope,Dry,Not Raining,Daylight,Head On,No Control
2018-9409-15/08/2019,1,1,Driver,Male,38.0,Driver,Not Thrown Out,NotFatal,Worn,Small,Full,Straight Ahead,1.0,2 Metropolitan,2,2,Tuesday,off-peak,80,Freeway,Straight road,Slope,Dry,Not Raining,Daylight,Rear End,No Control
2018-9409-15/08/2019,2,1,Driver,Male,36.0,Driver,Not Thrown Out,NotFatal,Worn,Small,Full,Straight Ahead,1.0,2 Metropolitan,2,2,Tuesday,off-peak,80,Freeway,Straight road,Slope,Dry,Not Raining,Daylight,Rear End,No Control
2018-9414-15/08/2019,1,1,Driver,Male,55.0,Driver,Not Thrown Out,NotFatal,Worn,Small,Full,Straight Ahead,1.0,2 Metropolitan,2,1,Monday,peak,50,Cross Road,Straight road,Level,Dry,Not Raining,Daylight,Right Angle,Stop Sign
2018-9417-15/08/2019,1,1,Passenger,Female,14.0,Front Seat Left Passenger,Not Thrown Out,NotFatal,NotWorn,Small,NoLicence,Straight Ahead,2.0,2 Metropolitan,2,1,Tuesday,peak,60,Not Divided,Straight road,Level,Dry,Not Raining,Daylight,Right Angle,No Control