REPORT_ID,UND_UNIT_NUMBER,CASUALTY_NUMBER,cas_type,cas_gender,cas_age,cas_pos_in_veh,thrown_out,fatality,seat_belt,unit_type,lic_type,unit_movement,n_occupants,stat_area,total_units,cas_total,day,time,area_speed,acc_pos,hor_align,ver_align,moist_cond,wea_cond,dayNight,crash_type,traf_ctrls
2018-11163-15/08/2019,1,1,Rider,Female,36.0,NotApplicable,NotApplicable,NotFatal,NotWorn,PCycling,NoLicence,Straight Ahead,1.0,2 Metropolitan,2,1,Friday,off-peak,60,T-Junction,Straight road,Level,Dry,Not Raining,Daylight,Right Turn,Stop Sign
2018-11167-15/08/2019,1,1,Driver,Female,23.0,Driver,Not Thrown Out,NotFatal,Worn,Medium,Full,Straight Ahead,2.0,2 Metropolitan,2,2,Friday,off-peak,60,Cross Road,Straight road,Level,Dry,Not Raining,Daylight,Right Angle,Stop Sign
2018-11167-15/08/2019,1,2,Passenger,Male,3.0,Rear Seat Middle Passenger,Not Thrown Out,NotFatal,NotWorn,Medium,NoLicence,Straight Ahead,2.0,2 Metropolitan,2,2,Friday,off-peak,60,Cross Road,Straight road,Level,Dry,Not Raining,Daylight,Right Angle,Stop Sign
2018-11168-15/08/2019,1,1,Driver,Female,23.0,Driver,Not Thrown Out,NotFatal,Worn,Small,Full,Straight Ahead,1.0,2 Metropolitan,2,1,Friday,off-peak,60,Not Divided,Straight road,Level,Dry,Not Raining,Daylight,Side Swipe,No Control
2018-11169-15/08/2019,4,1,Driver,Female,31.0,Driver,Not Thrown Out,NotFatal,Worn,Medium,Full,Straight Ahead,3.0,2 Metropolitan,4,1,Friday,off-peak,60,Divided Road,Straight road,Level,Dry,Not Raining,Daylight,Rear End,No Control
2018-11171-15/08/2019,1,1,Driver,Female,17.0,Driver,Not Thrown Out,NotFatal,Worn,Small,Provisional 1 ,Leaving Private Driveway,1.0,3 Country,2,1,Friday,off-peak,50,Not Divided,Straight road,Level,Dry,Not Raining,Daylight,Right Angle,No Control
2018-11174-15/08/2019,1,1,Driver,Female,20.0,Driver,Not Thrown Out,NotFatal,Worn,Medium,Full,Straight Ahead,1.0,3 Country,2,2,Friday,off-peak,110,Not Divided,Straight road,Level,Dry,Not Raining,Daylight,Head On,No Control
2018-11174-15/08/2019,2,1,Driver,Female,36.0,Driver,Not Thrown Out,NotFatal,Worn,Small,Unknown,Straight Ahead,1.0,3 Country,2,2,Friday,off-peak,110,Not Divided,Straight road,Level,Dry,Not Raining,Daylight,Head On,No Control
2018-11178-15/08/2019,2,1,Driver,Female,43.0,Driver,Not Thrown Out,NotFatal,Worn,Small,Full,Straight Ahead,1.0,2 Metropolitan,2,1,Friday,off-peak,60,Cross Road,Straight road,Level,Dry,Not Raining,Daylight,Right Turn,Traffic Signals
2018-11179-15/08/2019,1,1,Driver,Female,53.0,Driver,Not Thrown Out,NotFatal,Worn,Medium,Full,Right Turn,1.0,2 Metropolitan,2,1,Friday,off-peak,60,T-Junction,Straight road,Level,Dry,Not Raining,Daylight,Right Turn,No Control
2018-11180-15/08/2019,1,1,Rider,Male,57.0,NotApplicable,NotApplicable,NotFatal,NotWorn,PCycling,NoLicence,Straight Ahead,1.0,2 Metropolitan,2,1,Friday,off-peak,50,T-Junction,Straight road,Level,Dry,Not Raining,Daylight,Side Swipe,No Control
2018-11182-15/08/2019,2,1,Passenger,Female,27.0,Front Seat Left Passenger,Not Thrown Out,NotFatal,NotWorn,Small,NoLicence,Straight Ahead,2.0,2 Metropolitan,3,1,Friday,off-peak,50,Cross Road,Straight road,Level,Dry,Not Raining,Daylight,Right Angle,Give Way Sign
2018-11185-15/08/2019,1,1,Driver,Female,28.0,Driver,Not Thrown Out,NotFatal,Worn,Small,Full,Straight Ahead,1.0,2 Metropolitan,3,1,Friday,off-peak,60,Cross Road,Straight road,Level,Dry,Not Raining,Daylight,Right Turn,Traffic Signals
2018-11192-15/08/2019,2,1,Driver,Female,45.0,Driver,Not Thrown Out,NotFatal,Worn,Small,Full,Overtaking - on Right,2.0,3 Country,2,2,Friday,off-peak,110,Not Divided,Straight road,Level,Dry,Not Raining,Daylight,Side Swipe,No Control
2018-11192-15/08/2019,2,2,Passenger,Male,49.0,Front Seat Left Passenger,Not Thrown Out,NotFatal,NotWorn,Small,NoLicence,Overtaking - on Right,2.0,3 Country,2,2,Friday,off-peak,110,Not Divided,Straight road,Level,Dry,Not Raining,Daylight,Side Swipe,No Control
2018-11193-15/08/2019,1,1,Driver,Male,43.0,Driver,Not Thrown Out,NotFatal,Worn,Small,Full,Swerving,1.0,3 Country,2,1,Thursday,off-peak,100,Not Divided,Straight road,Level,Dry,Not Raining,Night,Hit Fixed Object,No Control
2018-11196-15/08/2019,2,1,Rider,Male,42.0,NotApplicable,NotApplicable,NotFatal,NotWorn,MCycling,NoLicence,Straight Ahead,2.0,2 Metropolitan,2,2,Friday,off-peak,50,Not Divided,Straight road,Level,Dry,Not Raining,Night,Side Swipe,No Control
2018-11196-15/08/2019,2,2,Passenger,Female,12.0,Passenger of Motorcycle,Thrown Out,NotFatal,NotWorn,MCycling,NoLicence,Straight Ahead,2.0,2 Metropolitan,2,2,Friday,off-peak,50,Not Divided,Straight road,Level,Dry,Not Raining,Night,Side Swipe,No Control
2018-11199-15/08/2019,1,1,Driver,Male,61.0,Driver,Not Thrown Out,NotFatal,Worn,Small,Full,Straight Ahead,1.0,2 Metropolitan,2,1,Friday,off-peak,60,T-Junction,Straight road,Level,Dry,Not Raining,Night,Rear End,No Control
2018-11205-15/08/2019,1,1,Rider,Male,36.0,NotApplicable,NotApplicable,NotFatal,NotWorn,MCycling,NoLicence,Straight Ahead,1.0,2 Metropolitan,1,1,Saturday,off-peak,50,T-Junction,Straight road,Level,Dry,Not Raining,Daylight,Roll Over,Give Way Sign
2018-11207-15/08/2019,2,1,Passenger,Female,39.88915925490854,Front Seat Left Passenger,Not Thrown Out,NotFatal,NotWorn,Small,NoLicence,U Turn,2.0,1 City,2,1,Saturday,peak,60,Not Divided,Straight road,Level,Dry,Not Raining,Daylight,Side Swipe,No Control
2018-11209-15/08/2019,1,1,Driver,Male,67.0,Driver,Not Thrown Out,NotFatal,Worn,Utility,Full,Stopped on Carriageway,1.0,1 City,2,1,Friday,off-peak,50,Not Divided,Straight road,Level,Dry,Not Raining,Daylight,Rear End,No Control
2018-11213-15/08/2019,1,1,Driver,Female,34.0,Driver,Not Thrown Out,NotFatal,Worn,Small,Full,Straight Ahead,1.0,2 Metropolitan,2,1,Saturday,off-peak,60,Divided Road,Straight road,Level,Dry,Not Raining,Daylight,Rear End,No Control
2018-11216-15/08/2019,1,1,Driver,Male,49.0,Driver,Not Thrown Out,NotFatal,Worn,Small,Full,Stopped on Carriageway,2.0,2 Metropolitan,2,2,Saturday,off-peak,50,T-Junction,Straight road,Slope,Dry,Not Raining,Daylight,Rear End,Give Way Sign
2018-11216-15/08/2019,1,2,Passenger,Female,44.0,Front Seat Left Passenger,Not Thrown Out,NotFatal,NotWorn,Small,NoLicence,Stopped on Carriageway,2.0,2 Metropolitan,2,2,Saturday,off-peak,50,T-Junction,Straight road,Slope,Dry,Not Raining,Daylight,Rear End,Give Way Sign
2018-11220-15/08/2019,1,1,Rider,Female,23.0,NotApplicable,NotApplicable,NotFatal,NotWorn,PCycling,NoLicence,Straight Ahead,1.0,2 Metropolitan,2,1,Saturday,peak,60,Divided Road,Straight road,Level,Dry,Not Raining,Daylight,Right Angle,No Control
2018-11222-15/08/2019,1,1,Driver,Female,36.0,Driver,Not Thrown Out,NotFatal,Worn,Small,Full,Right Turn,2.0,2 Metropolitan,2,1,Friday,peak,60,T-Junction,Straight road,Level,Dry,Not Raining,Daylight,Right Angle,No Control
2018-11226-15/08/2019,1,1,Driver,Male,49.0,Driver,Not Thrown Out,NotFatal,Worn,Large,Full,Straight Ahead,1.0,3 Country,1,1,Friday,off-peak,100,Not Divided,"CURVED, VIEW OPEN",Level,Dry,Not Raining,Daylight,Roll Over,No Control
2018-11231-15/08/2019,1,1,Driver,Female,50.0,Driver,Not Thrown Out,NotFatal,Worn,Medium,Full,Stopped on Carriageway,1.0,2 Metropolitan,2,1,Friday,peak,60,Cross Road,Straight road,Level,Dry,Not Raining,Daylight,Rear End,Traffic Signals
2018-11232-15/08/2019,1,1,Driver,Male,53.0,Driver,Not Thrown Out,NotFatal,Worn,Medium,Unlicenced,Straight Ahead,1.0,2 Metropolitan,2,1,Saturday,off-peak,50,Not Divided,Straight road,Level,Dry,Not Raining,Daylight,Hit Fixed Object,No Control
2018-11233-15/08/2019,2,1,Rider,Male,50.0,NotApplicable,NotApplicable,NotFatal,NotWorn,MCycling,NoLicence,Straight Ahead,1.0,1 City,2,1,Saturday,peak,50,Not Divided,Straight road,Level,Dry,Not Raining,Daylight,Side Swipe,No Control
2018-11234-15/08/2019,2,1,Pedestrian,Female,22.0,NotApplicable,NotApplicable,NotFatal,NotWorn,Pedestrian on Road,NoLicence,Crossing without Control,1.0,2 Metropolitan,2,1,Saturday,off-peak,60,Divided Road,Straight road,Level,Dry,Not Raining,Night,Hit Pedestrian,No Control
2018-11235-15/08/2019,1,1,Driver,Male,30.0,Driver,Not Thrown Out,NotFatal,Worn,Small,Full,Straight Ahead,1.0,3 Country,2,1,Saturday,off-peak,100,Not Divided,"CURVED, VIEW OPEN",Level,Dry,Not Raining,Night,Hit Fixed Object,No Control
2018-11236-15/08/2019,1,1,Passenger,Female,36.0,Rear Seat Middle Passenger,Not Thrown Out,NotFatal,NotWorn,Utility,NoLicence,Straight Ahead,3.0,3 Country,2,1,Saturday,off-peak,100,Not Divided,"CURVED, VIEW OPEN",Level,Dry,Not Raining,Daylight,Roll Over,No Control
2018-11240-15/08/2019,1,1,Driver,Male,55.0,Driver,Not Thrown Out,NotFatal,Worn,Medium,Full,Straight Ahead,1.0,2 Metropolitan,2,1,Sunday,off-peak,70,Not Divided,Straight road,Level,Dry,Not Raining,Night,Roll Over,No Control
2018-11243-15/08/2019,2,1,Rider,Male,45.0,NotApplicable,NotApplicable,NotFatal,NotWorn,PCycling,NoLicence,Straight Ahead,1.0,2 Metropolitan,2,1,Sunday,off-peak,40,Not Divided,Straight road,Level,Dry,Not Raining,Daylight,Side Swipe,No Control
2018-11249-15/08/2019,2,1,Rider,Male,72.0,NotApplicable,NotApplicable,NotFatal,NotWorn,MCycling,NoLicence,Straight Ahead,1.0,3 Country,2,1,Sunday,off-peak,60,T-Junction,"CURVED, VIEW OPEN",Level,Dry,Not Raining,Night,Right Angle,Give Way Sign
2018-11250-15/08/2019,1,1,Driver,Male,56.0,Driver,Not Thrown Out,NotFatal,Worn,Small,Full,Straight Ahead,1.0,3 Country,2,1,Saturday,off-peak,110,Not Divided,"CURVED, VIEW OPEN",Level,Dry,Not Raining,Night,Hit Fixed Object,No Control
2018-11252-15/08/2019,2,1,Driver,Female,69.0,Driver,Not Thrown Out,NotFatal,Worn,Small,Full,Straight Ahead,1.0,2 Metropolitan,2,1,Saturday,off-peak,60,Not Divided,Straight road,Level,Dry,Not Raining,Daylight,Right Angle,No Control
2018-11253-15/08/2019,2,1,Rider,Male,9.0,NotApplicable,NotApplicable,NotFatal,NotWorn,PCycling,NoLicence,Right Turn,1.0,2 Metropolitan,2,1,Sunday,off-peak,60,T-Junction,Straight road,Level,Dry,Not Raining,Daylight,Right Angle,No Control
2018-11254-15/08/2019,1,1,Driver,Female,17.0,Driver,Not Thrown Out,Fatal,Worn,Small,Provisional 1 ,Right Turn,2.0,2 Metropolitan,2,3,Sunday,off-peak,100,Multiple,Straight road,Level,Dry,Not Raining,Daylight,Right Angle,Give Way Sign
2018-11254-15/08/2019,1,2,Passenger,Female,16.0,Front Seat Left Passenger,Not Thrown Out,NotFatal,NotWorn,Small,NoLicence,Right Turn,2.0,2 Metropolitan,2,3,Sunday,off-peak,100,Multiple,Straight road,Level,Dry,Not Raining,Daylight,Right Angle,Give Way Sign
2018-11254-15/08/2019,2,1,Driver,Female,25.0,Driver,Not Thrown Out,NotFatal,Worn,Medium,Full,Straight Ahead,1.0,2 Metropolitan,2,3,Sunday,off-peak,100,Multiple,Straight road,Level,Dry,Not Raining,Daylight,Right Angle,Give Way Sign
2018-11256-15/08/2019,1,1,Driver,Male,86.0,Driver,Not Thrown Out,NotFatal,Worn,Small,Full,Straight Ahead,1.0,1 City,4,6,Saturday,off-peak,60,Divided Road,Straight road,Level,Dry,Not Raining,Night,Rear End,No Control
2018-11256-15/08/2019,2,1,Passenger,Female,19.0,Rear Seat Middle Passenger,Not Thrown Out,NotFatal,NotWorn,Small,NoLicence,Stopped on Carriageway,4.0,1 City,4,6,Saturday,off-peak,60,Divided Road,Straight road,Level,Dry,Not Raining,Night,Rear End,No Control
2018-11256-15/08/2019,2,2,Passenger,Female,20.0,Rear Seat Right Passenger,Not Thrown Out,NotFatal,NotWorn,Small,NoLicence,Stopped on Carriageway,4.0,1 City,4,6,Saturday,off-peak,60,Divided Road,Straight road,Level,Dry,Not Raining,Night,Rear End,No Control
2018-11256-15/08/2019,2,3,Passenger,Female,20.0,Rear Seat Left Passenger,Not Thrown Out,NotFatal,NotWorn,Small,NoLicence,Stopped on Carriageway,4.0,1 City,4,6,Saturday,off-peak,60,Divided Road,Straight road,Level,Dry,Not Raining,Night,Rear End,No Control
2018-11256-15/08/2019,3,1,Driver,Female,32.0,Driver,Not Thrown Out,NotFatal,Worn,Small,Full,Stopped on Carriageway,2.0,1 City,4,6,Saturday,off-peak,60,Divided Road,Straight road,Level,Dry,Not Raining,Night,Rear End,No Control
2018-11256-15/08/2019,3,2,Passenger,Female,32.0,Front Seat Left Passenger,Not Thrown Out,NotFatal,NotWorn,Small,NoLicence,Stopped on Carriageway,2.0,1 City,4,6,Saturday,off-peak,60,Divided Road,Straight road,Level,Dry,Not Raining,Night,Rear End,No Control
2018-11257-15/08/2019,2,1,Pedestrian,Female,20.0,NotApplicable,NotApplicable,NotFatal,NotWorn,Pedestrian on Road,NoLicence,Crossing without Control,1.0,2 Metropolitan,3,2,Saturday,off-peak,60,Divided Road,Straight road,Level,Dry,Not Raining,Night,Hit Pedestrian,No Control
2018-11257-15/08/2019,3,1,Pedestrian,Female,21.0,NotApplicable,NotApplicable,NotFatal,NotWorn,Pedestrian on Road,NoLicence,Crossing without Control,1.0,2 Metropolitan,3,2,Saturday,off-peak,60,Divided Road,Straight road,Level,Dry,Not Raining,Night,Hit Pedestrian,No Control
2018-11259-15/08/2019,1,1,Rider,Male,22.0,NotApplicable,NotApplicable,NotFatal,NotWorn,MCycling,NoLicence,Straight Ahead,1.0,3 Country,1,1,Sunday,off-peak,100,Not Divided,"CURVED, VIEW OPEN",Slope,Dry,Not Raining,Daylight,Roll Over,No Control
2018-11260-15/08/2019,1,1,Rider,Male,58.0,NotApplicable,NotApplicable,NotFatal,NotWorn,MCycling,NoLicence,Straight Ahead,1.0,2 Metropolitan,1,1,Sunday,off-peak,80,T-Junction,"CURVED, VIEW OBSCURED",Crest of Hill,Dry,Not Raining,Daylight,Roll Over,No Control
2018-11262-15/08/2019,1,1,Passenger,Female,39.88915925490854,Front Seat Left Passenger,Not Thrown Out,NotFatal,NotWorn,Small,NoLicence,Straight Ahead,2.0,2 Metropolitan,2,1,Sunday,peak,80,Not Divided,"CURVED, VIEW OBSCURED",Slope,Dry,Not Raining,Daylight,Hit Fixed Object,No Control
2018-11264-15/08/2019,2,1,Driver,Female,39.0,Driver,Not Thrown Out,NotFatal,Worn,Small,Full,Stopped on Carriageway,2.0,2 Metropolitan,2,1,Saturday,off-peak,80,T-Junction,Straight road,Level,Dry,Not Raining,Night,Rear End,Traffic Signals
2018-11268-15/08/2019,1,1,Rider,Male,20.0,NotApplicable,NotApplicable,NotFatal,NotWorn,MCycling,NoLicence,Straight Ahead,1.0,2 Metropolitan,1,1,Sunday,off-peak,60,T-Junction,"CURVED, VIEW OPEN",Level,Dry,Not Raining,Night,Roll Over,Give Way Sign
2018-11269-15/08/2019,1,1,Driver,Female,50.0,Driver,Not Thrown Out,NotFatal,Unknown,Small,Full,Entering Private Driveway,1.0,2 Metropolitan,2,1,Sunday,peak,60,Divided Road,Straight road,Level,Dry,Not Raining,Daylight,Rear End,No Control
2018-11271-15/08/2019,1,1,Driver,Female,73.0,Driver,Not Thrown Out,NotFatal,Worn,Small,Full,Straight Ahead,1.0,2 Metropolitan,2,1,Saturday,peak,60,Divided Road,Straight road,Level,Dry,Not Raining,Daylight,Side Swipe,No Control
2018-11272-15/08/2019,1,1,Driver,Male,37.0,Driver,Not Thrown Out,NotFatal,Worn,Small,Full,Straight Ahead,1.0,2 Metropolitan,2,1,Monday,peak,50,Not Divided,"CURVED, VIEW OBSCURED",Level,Dry,Not Raining,Daylight,Right Angle,No Control
2018-11274-15/08/2019,2,1,Driver,Male,71.0,Driver,Not Thrown Out,NotFatal,Worn,Small,Full,Left Turn,2.0,3 Country,2,2,Sunday,off-peak,100,Cross Road,Straight road,Level,Dry,Not Raining,Daylight,Right Angle,Give Way Sign
2018-11274-15/08/2019,2,2,Passenger,Female,66.0,Front Seat Left Passenger,Not Thrown Out,NotFatal,NotWorn,Small,NoLicence,Left Turn,2.0,3 Country,2,2,Sunday,off-peak,100,Cross Road,Straight road,Level,Dry,Not Raining,Daylight,Right Angle,Give Way Sign
2018-11275-15/08/2019,2,1,Rider,Male,52.0,NotApplicable,NotApplicable,NotFatal,NotWorn,PCycling,NoLicence,Straight Ahead,1.0,2 Metropolitan,2,1,Monday,off-peak,50,Not Divided,Straight road,Level,Dry,Not Raining,Daylight,Right Angle,No Control
2018-11278-15/08/2019,1,1,Driver,Female,23.0,Driver,Not Thrown Out,NotFatal,Worn,Medium,Full,Straight Ahead,1.0,2 Metropolitan,2,1,Thursday,off-peak,110,Freeway,Straight road,Level,Dry,Not Raining,Daylight,Side Swipe,No Control
2018-11280-15/08/2019,1,1,Driver,Male,68.0,Driver,Not Thrown Out,NotFatal,Worn,Utility,Full,Straight Ahead,1.0,3 Country,2,1,Wednesday,peak,50,Not Divided,Straight road,Level,Dry,Not Raining,Daylight,Hit Fixed Object,No Control
2018-11281-15/08/2019,1,1,Driver,Male,19.0,Driver,Not Thrown Out,NotFatal,Worn,Small,Provisional 1 ,Straight Ahead,3.0,1 City,2,3,Sunday,peak,60,Cross Road,Straight road,Level,Dry,Not Raining,Daylight,Rear End,Traffic Signals
2018-11281-15/08/2019,2,1,Passenger,Female,69.0,Front Seat Left Passenger,Not Thrown Out,NotFatal,NotWorn,Small,NoLicence,Straight Ahead,3.0,1 City,2,3,Sunday,peak,60,Cross Road,Straight road,Level,Dry,Not Raining,Daylight,Rear End,Traffic Signals
2018-11281-15/08/2019,2,2,Driver,Male,53.0,Driver,Not Thrown Out,NotFatal,Worn,Small,Full,Straight Ahead,3.0,1 City,2,3,Sunday,peak,60,Cross Road,Straight road,Level,Dry,Not Raining,Daylight,Rear End,Traffic Signals
2018-11285-15/08/2019,1,1,Driver,Female,36.0,Driver,Not Thrown Out,NotFatal,Worn,Small,Full,Stopped on Carriageway,1.0,2 Metropolitan,2,1,Monday,off-peak,60,T-Junction,Straight road,Level,Dry,Not Raining,Daylight,Rear End,No Control
2018-11288-15/08/2019,2,1,Rider,Male,40.0,NotApplicable,NotApplicable,NotFatal,NotWorn,PCycling,NoLicence,Straight Ahead,1.0,2 Metropolitan,2,1,Monday,off-peak,60,Divided Road,Straight road,Level,Dry,Not Raining,Daylight,Head On,No Control
2018-11289-15/08/2019,1,1,Driver,Female,84.0,Driver,Not Thrown Out,NotFatal,Worn,Small,Full,Straight Ahead,1.0,2 Metropolitan,2,1,Monday,off-peak,50,Not Divided,Straight road,Level,Dry,Not Raining,Daylight,Hit Fixed Object,No Control
2018-11293-15/08/2019,1,1,Driver,Female,21.0,Driver,Not Thrown Out,NotFatal,Worn,Small,Provisional 2,U Turn,2.0,2 Metropolitan,2,1,Monday,off-peak,50,Not Divided,Straight road,Level,Dry,Not Raining,Daylight,Side Swipe,No Control
2018-11296-15/08/2019,1,1,Driver,Female,23.0,Driver,Not Thrown Out,NotFatal,Worn,Small,Full,Straight Ahead,1.0,2 Metropolitan,2,1,Tuesday,peak,100,Other,Straight road,Slope,Wet,Not Raining,Daylight,Rear End,No Control
2018-11297-15/08/2019,3,1,Driver,Female,35.0,Driver,Not Thrown Out,NotFatal,Worn,Utility,Full,Straight Ahead,1.0,2 Metropolitan,4,1,Monday,peak,60,Divided Road,Straight road,Level,Dry,Not Raining,Daylight,Rear End,No Control
2018-11300-15/08/2019,2,1,Driver,Female,27.0,Driver,Not Thrown Out,NotFatal,Worn,Small,Provisional 1 ,Stopped on Carriageway,1.0,2 Metropolitan,3,1,Monday,off-peak,60,T-Junction,Straight road,Level,Dry,Not Raining,Daylight,Rear End,Traffic Signals
2018-11302-15/08/2019,1,1,Pedestrian,Male,39.0,NotApplicable,NotApplicable,NotFatal,NotWorn,Pedestrian on Road,NoLicence,Crossing with Traffic Signals,1.0,2 Metropolitan,2,1,Monday,peak,60,Cross Road,Straight road,Level,Dry,Not Raining,Daylight,Hit Pedestrian,Traffic Signals
2018-11303-15/08/2019,2,1,Driver,Female,35.0,Driver,Not Thrown Out,NotFatal,Worn,Small,Full,Straight Ahead,1.0,2 Metropolitan,3,1,Monday,peak,60,Not Divided,Straight road,Level,Dry,Not Raining,Daylight,Side Swipe,No Control
2018-11305-15/08/2019,1,1,Driver,Male,25.0,Driver,Not Thrown Out,NotFatal,Worn,Small,Full,Straight Ahead,1.0,3 Country,2,1,Tuesday,off-peak,100,Not Divided,"CURVED, VIEW OPEN",Crest of Hill,Dry,Not Raining,Night,Roll Over,No Control
2018-11306-15/08/2019,1,1,Rider,Male,37.0,NotApplicable,NotApplicable,NotFatal,NotWorn,PCycling,NoLicence,Straight Ahead,1.0,2 Metropolitan,2,2,Tuesday,off-peak,60,Divided Road,Straight road,Slope,Dry,Not Raining,Daylight,Side Swipe,No Control
2018-11306-15/08/2019,2,1,Rider,Male,41.0,NotApplicable,NotApplicable,NotFatal,NotWorn,PCycling,NoLicence,Straight Ahead,1.0,2 Metropolitan,2,2,Tuesday,off-peak,60,Divided Road,Straight road,Slope,Dry,Not Raining,Daylight,Side Swipe,No Control
2018-11307-15/08/2019,2,1,Rider,Male,33.0,NotApplicable,NotApplicable,NotFatal,NotWorn,PCycling,NoLicence,Straight Ahead,1.0,2 Metropolitan,2,1,Tuesday,off-peak,60,T-Junction,Straight road,Level,Dry,Not Raining,Daylight,Right Angle,Give Way Sign
2018-11311-15/08/2019,2,1,Driver,Male,25.0,Driver,Not Thrown Out,NotFatal,Worn,Utility,Full,Right Turn,1.0,2 Metropolitan,2,1,Tuesday,off-peak,50,T-Junction,Straight road,Level,Dry,Not Raining,Daylight,Side Swipe,Traffic Signals
2018-11315-15/08/2019,2,1,Driver,Female,48.0,Driver,Not Thrown Out,NotFatal,Worn,Medium,Full,Stopped on Carriageway,1.0,2 Metropolitan,2,1,Monday,off-peak,60,T-Junction,Straight road,Level,Dry,Not Raining,Daylight,Rear End,Traffic Signals
2018-11316-15/08/2019,1,1,Driver,Male,47.0,Driver,Not Thrown Out,NotFatal,Worn,Utility,Full,Straight Ahead,1.0,2 Metropolitan,2,1,Monday,off-peak,60,Cross Road,Straight road,Level,Dry,Not Raining,Daylight,Rear End,Traffic Signals
2018-11323-15/08/2019,1,1,Rider,Male,51.0,NotApplicable,NotApplicable,NotFatal,NotWorn,MCycling,NoLicence,Straight Ahead,1.0,2 Metropolitan,3,1,Tuesday,off-peak,60,Divided Road,Straight road,Level,Dry,Not Raining,Daylight,Hit Fixed Object,No Control
2018-11325-15/08/2019,2,1,Driver,Male,47.0,Driver,Not Thrown Out,NotFatal,Worn,Small,Full,Straight Ahead,3.0,3 Country,2,1,Tuesday,off-peak,50,T-Junction,"CURVED, VIEW OPEN",Level,Dry,Not Raining,Daylight,Rear End,No Control
2018-11326-15/08/2019,1,1,Driver,Female,49.0,Driver,Not Thrown Out,NotFatal,Worn,Small,Full,Stopped on Carriageway,2.0,2 Metropolitan,2,1,Tuesday,off-peak,60,Pedestrian Crossing,Straight road,Level,Dry,Not Raining,Daylight,Rear End,Traffic Signals
2018-11329-15/08/2019,1,1,Driver,Female,26.0,Driver,Not Thrown Out,NotFatal,Worn,Medium,Full,Straight Ahead,4.0,2 Metropolitan,4,1,Tuesday,off-peak,80,Not Divided,Straight road,Level,Dry,Not Raining,Daylight,Rear End,No Control
2018-11330-15/08/2019,1,1,Rider,Male,43.0,NotApplicable,NotApplicable,NotFatal,NotWorn,PCycling,NoLicence,Leaving Private Driveway,1.0,3 Country,2,1,Tuesday,off-peak,60,Divided Road,Straight road,Level,Dry,Not Raining,Daylight,Hit Fixed Object,No Control
2018-11338-15/08/2019,2,1,Rider,Male,31.0,NotApplicable,NotApplicable,NotFatal,NotWorn,PCycling,NoLicence,Straight Ahead,1.0,2 Metropolitan,2,1,Sunday,peak,80,Other,Straight road,Crest of Hill,Dry,Not Raining,Daylight,Right Angle,No Control
2018-11339-15/08/2019,2,1,Driver,Female,48.0,Driver,Not Thrown Out,NotFatal,Worn,Small,Full,Stopped on Carriageway,1.0,1 City,3,1,Tuesday,peak,50,Not Divided,Straight road,Level,Dry,Not Raining,Daylight,Rear End,No Control
2018-11340-15/08/2019,1,1,Driver,Male,27.0,Driver,Not Thrown Out,NotFatal,Worn,Small,Provisional 2,Right Turn,1.0,2 Metropolitan,2,2,Tuesday,off-peak,60,Cross Road,Straight road,Level,Dry,Not Raining,Night,Right Turn,Traffic Signals
2018-11340-15/08/2019,2,1,Driver,Female,29.0,Driver,Not Thrown Out,NotFatal,Worn,Small,Full,Straight Ahead,1.0,2 Metropolitan,2,2,Tuesday,off-peak,60,Cross Road,Straight road,Level,Dry,Not Raining,Night,Right Turn,Traffic Signals
2018-11346-15/08/2019,2,1,Pedestrian,Female,60.0,NotApplicable,NotApplicable,NotFatal,NotWorn,Pedestrian on Road,NoLicence,Crossing without Control,1.0,1 City,2,1,Wednesday,peak,50,Divided Road,Straight road,Level,Dry,Not Raining,Daylight,Hit Pedestrian,No Control
2018-11347-15/08/2019,1,1,Rider,Female,35.0,NotApplicable,NotApplicable,NotFatal,NotWorn,MCycling,NoLicence,Straight Ahead,1.0,2 Metropolitan,1,1,Sunday,off-peak,60,Not Divided,"CURVED, VIEW OPEN",Slope,Dry,Not Raining,Daylight,Left Road - Out of Control,No Control
2018-11357-15/08/2019,1,1,Passenger,Male,50.0,Front Seat Left Passenger,Not Thrown Out,NotFatal,NotWorn,Medium,NoLicence,Stopped on Carriageway,2.0,2 Metropolitan,2,3,Wednesday,off-peak,60,Divided Road,Straight road,Level,Dry,Not Raining,Daylight,Rear End,No Control
2018-11357-15/08/2019,2,1,Passenger,Male,11.0,Front Seat Left Passenger,Not Thrown Out,NotFatal,NotWorn,Utility,NoLicence,Straight Ahead,3.0,2 Metropolitan,2,3,Wednesday,off-peak,60,Divided Road,Straight road,Level,Dry,Not Raining,Daylight,Rear End,No Control
2018-11357-15/08/2019,2,2,Passenger,Male,8.0,Rear Seat Left Passenger,Not Thrown Out,NotFatal,NotWorn,Utility,NoLicence,Straight Ahead,3.0,2 Metropolitan,2,3,Wednesday,off-peak,60,Divided Road,Straight road,Level,Dry,Not Raining,Daylight,Rear End,No Control
2018-11360-15/08/2019,1,1,Driver,Male,35.0,Driver,Not Thrown Out,NotFatal,Worn,Small,Full,Stopped on Carriageway,1.0,2 Metropolitan,2,1,Wednesday,off-peak,60,Divided Road,Straight road,Level,Dry,Not Raining,Daylight,Rear End,No Control