REPORT_ID,UND_UNIT_NUMBER,CASUALTY_NUMBER,cas_type,cas_gender,cas_age,cas_pos_in_veh,thrown_out,fatality,seat_belt,unit_type,lic_type,unit_movement,n_occupants,stat_area,total_units,cas_total,day,time,area_speed,acc_pos,hor_align,ver_align,moist_cond,wea_cond,dayNight,crash_type,traf_ctrls
2018-11578-15/08/2019,1,1,Rider,Male,21.0,NotApplicable,NotApplicable,NotFatal,NotWorn,MCycling,NoLicence,Straight Ahead,1.0,2 Metropolitan,2,1,Tuesday,peak,60,T-Junction,Straight road,Level,Dry,Not Raining,Daylight,Right Turn,Traffic Signals
2018-11583-15/08/2019,2,1,Rider,Male,31.0,NotApplicable,NotApplicable,NotFatal,NotWorn,MCycling,NoLicence,Straight Ahead,1.0,3 Country,2,1,Tuesday,off-peak,100,Not Divided,Straight road,Crest of Hill,Dry,Not Raining,Daylight,Right Angle,No Control
2018-11592-15/08/2019,2,1,Pedestrian,Female,23.0,NotApplicable,NotApplicable,NotFatal,NotWorn,Pedestrian on Road,NoLicence,Crossing without Control,1.0,1 City,4,2,Tuesday,off-peak,50,Not Divided,Straight road,Level,Dry,Not Raining,Night,Hit Pedestrian,No Control
2018-11592-15/08/2019,3,1,Pedestrian,Female,25.0,NotApplicable,NotApplicable,NotFatal,NotWorn,Pedestrian on Road,NoLicence,Crossing without Control,1.0,1 City,4,2,Tuesday,off-peak,50,Not Divided,Straight road,Level,Dry,Not Raining,Night,Hit Pedestrian,No Control
2018-11594-15/08/2019,2,1,Pedestrian,Female,47.0,NotApplicable,NotApplicable,NotFatal,NotWorn,Pedestrian on Road,NoLicence,Crossing with Traffic Signals,1.0,2 Metropolitan,2,1,Tuesday,off-peak,60,Cross Road,Straight road,Level,Dry,Not Raining,Night,Hit Pedestrian,Traffic Signals
2018-11598-15/08/2019,2,1,Driver,Male,20.0,Driver,Not Thrown Out,NotFatal,Worn,Utility,Provisional 2,Stopped on Carriageway,1.0,2 Metropolitan,3,1,Wednesday,off-peak,60,Divided Road,Straight road,Slope,Wet,Not Raining,Daylight,Rear End,No Control
2018-11600-15/08/2019,1,1,Driver,Male,42.0,Driver,Not Thrown Out,NotFatal,Unknown,Small,Full,Straight Ahead,1.0,2 Metropolitan,2,1,Wednesday,off-peak,80,Not Divided,Straight road,Level,Wet,Unknown,Daylight,Hit Fixed Object,No Control
2018-11602-15/08/2019,1,1,Rider,Male,41.0,NotApplicable,NotApplicable,NotFatal,NotWorn,MCycling,NoLicence,Straight Ahead,1.0,2 Metropolitan,2,1,Tuesday,off-peak,90,Divided Road,Straight road,Level,Dry,Not Raining,Daylight,Rear End,No Control
2018-11606-15/08/2019,2,1,Driver,Male,60.0,Driver,Not Thrown Out,NotFatal,Worn,Small,Full,Stopped on Carriageway,1.0,2 Metropolitan,2,1,Tuesday,off-peak,70,Cross Road,Straight road,Level,Dry,Not Raining,Daylight,Rear End,Traffic Signals
2018-11607-15/08/2019,5,1,Driver,Male,36.0,Driver,Not Thrown Out,NotFatal,Worn,Small,Full,Straight Ahead,2.0,2 Metropolitan,5,1,Wednesday,peak,80,Divided Road,Straight road,Level,Wet,Not Raining,Daylight,Rear End,No Control
2018-11608-15/08/2019,1,1,Driver,Male,22.0,Driver,Not Thrown Out,NotFatal,Worn,Medium,Full,Stopped on Carriageway,1.0,2 Metropolitan,2,1,Tuesday,off-peak,60,T-Junction,"CURVED, VIEW OPEN",Level,Dry,Not Raining,Daylight,Rear End,Traffic Signals
2018-11609-15/08/2019,1,1,Rider,Male,52.0,NotApplicable,NotApplicable,NotFatal,NotWorn,MCycling,NoLicence,Straight Ahead,1.0,2 Metropolitan,2,1,Wednesday,off-peak,60,Not Divided,Straight road,Level,Dry,Not Raining,Daylight,Side Swipe,No Control
2018-11614-15/08/2019,2,1,Rider,Male,18.0,NotApplicable,NotApplicable,NotFatal,NotWorn,PCycling,NoLicence,Straight Ahead,1.0,2 Metropolitan,2,1,Wednesday,off-peak,60,Not Divided,"CURVED, VIEW OBSCURED",Level,Dry,Not Raining,Daylight,Right Angle,No Control
2018-11620-15/08/2019,1,1,Rider,Male,64.0,NotApplicable,NotApplicable,NotFatal,NotWorn,MCycling,NoLicence,Straight Ahead,1.0,3 Country,2,1,Wednesday,off-peak,100,Not Divided,"CURVED, VIEW OBSCURED",Slope,Dry,Not Raining,Daylight,Hit Fixed Object,No Control
2018-11624-15/08/2019,2,1,Driver,Male,61.0,Driver,Not Thrown Out,NotFatal,Worn,Small,Full,Stopped on Carriageway,1.0,2 Metropolitan,2,1,Tuesday,off-peak,60,Divided Road,Straight road,Level,Dry,Not Raining,Daylight,Rear End,No Control
2018-11627-15/08/2019,3,1,Driver,Male,49.0,Driver,Not Thrown Out,NotFatal,Worn,Medium,Full,Stopped on Carriageway,1.0,2 Metropolitan,3,1,Wednesday,peak,60,Divided Road,Straight road,Level,Dry,Not Raining,Daylight,Rear End,No Control
2018-11632-15/08/2019,1,1,Driver,Male,29.0,Driver,Not Thrown Out,NotFatal,Worn,Small,Full,Straight Ahead,2.0,3 Country,2,1,Thursday,off-peak,50,Not Divided,"CURVED, VIEW OBSCURED",Level,Dry,Not Raining,Night,Hit Fixed Object,No Control
2018-11633-15/08/2019,1,1,Driver,Male,27.0,Driver,Not Thrown Out,NotFatal,Worn,Medium,Full,Swerving,1.0,3 Country,1,1,Thursday,off-peak,110,Not Divided,Straight road,Crest of Hill,Dry,Not Raining,Night,Roll Over,No Control
2018-11640-15/08/2019,1,1,Driver,Male,31.0,Driver,Not Thrown Out,NotFatal,Worn,Small,Full,Right Turn,1.0,2 Metropolitan,2,1,Thursday,peak,60,T-Junction,Straight road,Level,Dry,Not Raining,Daylight,Right Angle,No Control
2018-11644-15/08/2019,2,1,Driver,Male,29.0,Driver,Not Thrown Out,NotFatal,Worn,Small,Full,Straight Ahead,1.0,2 Metropolitan,2,1,Thursday,peak,80,Divided Road,Straight road,Level,Dry,Not Raining,Daylight,Rear End,No Control
2018-11648-15/08/2019,1,1,Driver,Female,29.0,Driver,Not Thrown Out,NotFatal,Worn,Small,Full,Straight Ahead,1.0,2 Metropolitan,3,3,Thursday,off-peak,60,Divided Road,Straight road,Level,Dry,Not Raining,Daylight,Rear End,No Control
2018-11648-15/08/2019,2,1,Driver,Female,42.0,Driver,Not Thrown Out,NotFatal,Worn,Small,Full,Straight Ahead,1.0,2 Metropolitan,3,3,Thursday,off-peak,60,Divided Road,Straight road,Level,Dry,Not Raining,Daylight,Rear End,No Control
2018-11648-15/08/2019,3,1,Driver,Male,61.0,Driver,Not Thrown Out,NotFatal,Worn,Medium,Full,Stopped on Carriageway,1.0,2 Metropolitan,3,3,Thursday,off-peak,60,Divided Road,Straight road,Level,Dry,Not Raining,Daylight,Rear End,No Control
2018-11649-15/08/2019,2,1,Passenger,Female,12.0,Rear Seat Left Passenger,Not Thrown Out,NotFatal,NotWorn,Medium,NoLicence,Stopped on Carriageway,1.0,2 Metropolitan,4,3,Thursday,peak,60,Divided Road,Straight road,Level,Dry,Not Raining,Daylight,Rear End,No Control
2018-11649-15/08/2019,3,1,Driver,Female,45.0,Driver,Not Thrown Out,NotFatal,Worn,Medium,Full,Stopped on Carriageway,3.0,2 Metropolitan,4,3,Thursday,peak,60,Divided Road,Straight road,Level,Dry,Not Raining,Daylight,Rear End,No Control
2018-11649-15/08/2019,3,2,Passenger,Male,14.0,Rear Seat Left Passenger,Not Thrown Out,NotFatal,NotWorn,Medium,NoLicence,Stopped on Carriageway,3.0,2 Metropolitan,4,3,Thursday,peak,60,Divided Road,Straight road,Level,Dry,Not Raining,Daylight,Rear End,No Control
2018-11650-15/08/2019,1,1,Driver,Female,27.0,Driver,Not Thrown Out,NotFatal,Worn,Small,Provisional 1 ,Straight Ahead,1.0,2 Metropolitan,1,1,Thursday,off-peak,110,Other,Straight road,Level,Dry,Not Raining,Daylight,Roll Over,No Control
2018-11652-15/08/2019,1,1,Driver,Female,34.0,Driver,Not Thrown Out,NotFatal,Worn,Medium,Full,Straight Ahead,2.0,2 Metropolitan,2,1,Wednesday,off-peak,60,T-Junction,Straight road,Slope,Dry,Not Raining,Daylight,Right Turn,No Control
2018-11653-15/08/2019,1,1,Driver,Male,38.0,Driver,Not Thrown Out,NotFatal,Worn,Medium,Full,Straight Ahead,1.0,2 Metropolitan,2,1,Thursday,peak,60,Not Divided,Straight road,Level,Dry,Not Raining,Daylight,Rear End,No Control
2018-11657-15/08/2019,1,1,Driver,Female,41.0,Driver,Not Thrown Out,NotFatal,Worn,Small,Full,Straight Ahead,1.0,2 Metropolitan,2,1,Thursday,off-peak,80,Divided Road,Straight road,Level,Dry,Not Raining,Daylight,Side Swipe,No Control
2018-11658-15/08/2019,1,1,Driver,Female,19.0,Driver,Not Thrown Out,NotFatal,Worn,Small,Provisional 1 ,Swerving,1.0,2 Metropolitan,2,1,Thursday,off-peak,50,Not Divided,Straight road,Level,Dry,Not Raining,Daylight,Hit Parked Vehicle,No Control
2018-11662-15/08/2019,1,1,Driver,Male,60.0,Driver,Not Thrown Out,NotFatal,Worn,Utility,Full,Swerving,1.0,3 Country,1,1,Thursday,peak,110,Not Divided,"CURVED, VIEW OPEN",Level,Dry,Not Raining,Daylight,Roll Over,No Control
2018-11663-15/08/2019,2,1,Driver,Male,47.0,Driver,Not Thrown Out,NotFatal,Worn,Medium,Full,Straight Ahead,1.0,1 City,2,1,Thursday,off-peak,60,Divided Road,Straight road,Level,Dry,Not Raining,Daylight,Rear End,No Control
2018-11664-15/08/2019,1,1,Driver,Female,27.0,Driver,Not Thrown Out,NotFatal,Worn,Medium,Full,Straight Ahead,1.0,2 Metropolitan,2,1,Thursday,off-peak,60,T-Junction,Straight road,Level,Dry,Not Raining,Daylight,Right Angle,No Control
2018-11665-15/08/2019,2,1,Passenger,Female,85.0,Front Seat Left Passenger,Not Thrown Out,NotFatal,NotWorn,Small,NoLicence,Straight Ahead,2.0,2 Metropolitan,2,1,Thursday,off-peak,60,T-Junction,Straight road,Level,Dry,Not Raining,Daylight,Right Turn,Traffic Signals
2018-11668-15/08/2019,2,1,Driver,Female,27.0,Driver,Not Thrown Out,NotFatal,Worn,Medium,Full,Straight Ahead,1.0,2 Metropolitan,2,1,Thursday,off-peak,80,T-Junction,Straight road,Level,Dry,Not Raining,Daylight,Rear End,Traffic Signals
2018-11669-15/08/2019,1,1,Pedestrian,Female,81.0,NotApplicable,NotApplicable,NotFatal,NotWorn,Pedestrian on Road,NoLicence,Crossing without Control,1.0,2 Metropolitan,2,1,Thursday,off-peak,60,T-Junction,Straight road,Level,Dry,Not Raining,Daylight,Hit Pedestrian,No Control
2018-11672-15/08/2019,1,1,Driver,Male,42.0,Driver,Thrown Out,NotFatal,Unknown,Small,Full,Straight Ahead,1.0,3 Country,1,1,Thursday,off-peak,110,Not Divided,Straight road,Slope,Dry,Not Raining,Daylight,Roll Over,No Control
2018-11676-15/08/2019,1,1,Rider,Male,58.0,NotApplicable,NotApplicable,NotFatal,NotWorn,PCycling,NoLicence,Straight Ahead,1.0,2 Metropolitan,2,1,Thursday,off-peak,60,Divided Road,Straight road,Level,Dry,Not Raining,Daylight,Side Swipe,No Control
2018-11677-15/08/2019,1,1,Driver,Male,81.0,Driver,Not Thrown Out,NotFatal,Worn,Medium,Full,Straight Ahead,1.0,2 Metropolitan,3,1,Thursday,peak,50,Not Divided,Straight road,Crest of Hill,Dry,Not Raining,Daylight,Hit Parked Vehicle,No Control
2018-11683-15/08/2019,1,1,Passenger,Female,20.0,Front Seat Left Passenger,Not Thrown Out,NotFatal,NotWorn,Small,NoLicence,Right Turn,2.0,2 Metropolitan,2,1,Wednesday,off-peak,90,T-Junction,Straight road,Level,Unknown,Unknown,Night,Rear End,Traffic Signals
2018-11686-15/08/2019,1,1,Driver,Female,43.0,Driver,Not Thrown Out,NotFatal,Worn,Small,Full,Straight Ahead,2.0,2 Metropolitan,2,5,Thursday,off-peak,60,Not Divided,"CURVED, VIEW OPEN",Level,Dry,Not Raining,Daylight,Head On,No Control
2018-11686-15/08/2019,1,2,Passenger,Male,39.88915925490854,Rear Seat Left Passenger,Not Thrown Out,NotFatal,NotWorn,Small,NoLicence,Straight Ahead,2.0,2 Metropolitan,2,5,Thursday,off-peak,60,Not Divided,"CURVED, VIEW OPEN",Level,Dry,Not Raining,Daylight,Head On,No Control
2018-11686-15/08/2019,2,1,Driver,Male,52.0,Driver,Not Thrown Out,NotFatal,Worn,Small,Unlicenced,Straight Ahead,3.0,2 Metropolitan,2,5,Thursday,off-peak,60,Not Divided,"CURVED, VIEW OPEN",Level,Dry,Not Raining,Daylight,Head On,No Control
2018-11686-15/08/2019,2,2,Passenger,Female,72.0,Rear Seat Right Passenger,Not Thrown Out,NotFatal,NotWorn,Small,NoLicence,Straight Ahead,3.0,2 Metropolitan,2,5,Thursday,off-peak,60,Not Divided,"CURVED, VIEW OPEN",Level,Dry,Not Raining,Daylight,Head On,No Control
2018-11686-15/08/2019,2,3,Passenger,Female,52.0,Front Seat Left Passenger,Not Thrown Out,NotFatal,NotWorn,Small,NoLicence,Straight Ahead,3.0,2 Metropolitan,2,5,Thursday,off-peak,60,Not Divided,"CURVED, VIEW OPEN",Level,Dry,Not Raining,Daylight,Head On,No Control
2018-11688-15/08/2019,1,1,Driver,Female,77.0,Driver,Not Thrown Out,NotFatal,Worn,Small,Full,Right Turn,1.0,2 Metropolitan,2,1,Thursday,off-peak,60,T-Junction,Straight road,Level,Dry,Not Raining,Daylight,Right Angle,No Control
2018-11689-15/08/2019,1,1,Rider,Male,45.0,NotApplicable,NotApplicable,Fatal,NotWorn,MCycling,NoLicence,Straight Ahead,1.0,3 Country,2,1,Thursday,off-peak,100,Not Divided,Straight road,Level,Dry,Not Raining,Night,Hit Animal,No Control
2018-11696-15/08/2019,2,1,Rider,Female,53.0,NotApplicable,NotApplicable,NotFatal,NotWorn,PCycling,NoLicence,Straight Ahead,1.0,2 Metropolitan,2,1,Friday,off-peak,60,T-Junction,Straight road,Level,Dry,Not Raining,Daylight,Right Angle,No Control
2018-11697-15/08/2019,1,1,Driver,Female,27.0,Driver,Not Thrown Out,NotFatal,Worn,Small,Full,Straight Ahead,2.0,2 Metropolitan,2,1,Friday,off-peak,80,T-Junction,Straight road,Level,Dry,Not Raining,Daylight,Rear End,Traffic Signals
2018-11699-15/08/2019,2,1,Driver,Male,54.0,Driver,Not Thrown Out,NotFatal,Worn,Utility,Full,Straight Ahead,1.0,2 Metropolitan,2,1,Friday,off-peak,50,Cross Road,Straight road,Level,Dry,Not Raining,Daylight,Right Angle,Roundabout
2018-11700-15/08/2019,1,1,Passenger,Female,61.0,Front Seat Left Passenger,Not Thrown Out,NotFatal,NotWorn,Small,NoLicence,Stopped on Carriageway,2.0,2 Metropolitan,2,1,Thursday,off-peak,70,Not Divided,Straight road,Level,Dry,Not Raining,Night,Rear End,No Control
2018-11701-15/08/2019,1,1,Passenger,Female,27.0,Front Seat Left Passenger,Not Thrown Out,NotFatal,NotWorn,Small,NoLicence,Straight Ahead,2.0,2 Metropolitan,2,1,Thursday,off-peak,60,T-Junction,Straight road,Level,Dry,Not Raining,Daylight,Right Angle,No Control
2018-11702-15/08/2019,1,1,Driver,Female,39.0,Driver,Not Thrown Out,NotFatal,Worn,Medium,Full,Stopped on Carriageway,2.0,2 Metropolitan,2,2,Wednesday,peak,60,Pedestrian Crossing,Straight road,Level,Dry,Not Raining,Daylight,Rear End,Traffic Signals
2018-11702-15/08/2019,1,2,Passenger,Male,13.0,Rear Seat Right Passenger,Not Thrown Out,NotFatal,NotWorn,Medium,NoLicence,Stopped on Carriageway,2.0,2 Metropolitan,2,2,Wednesday,peak,60,Pedestrian Crossing,Straight road,Level,Dry,Not Raining,Daylight,Rear End,Traffic Signals
2018-11705-15/08/2019,2,1,Rider,Male,39.88915925490854,NotApplicable,NotApplicable,NotFatal,NotWorn,PCycling,NoLicence,Straight Ahead,1.0,2 Metropolitan,2,1,Thursday,peak,60,Not Divided,Straight road,Level,Dry,Not Raining,Daylight,Hit Parked Vehicle,No Control
2018-11713-15/08/2019,2,1,Driver,Female,67.0,Driver,Not Thrown Out,NotFatal,Worn,Medium,Full,Stopped on Carriageway,1.0,2 Metropolitan,3,1,Friday,off-peak,60,T-Junction,Straight road,Level,Dry,Not Raining,Daylight,Rear End,Traffic Signals
2018-11714-15/08/2019,1,1,Driver,Male,79.0,Driver,Not Thrown Out,NotFatal,Worn,Small,Full,Leaving Private Driveway,1.0,2 Metropolitan,2,1,Friday,off-peak,60,Not Divided,Straight road,Level,Dry,Not Raining,Daylight,Right Angle,No Control
2018-11716-15/08/2019,1,1,Driver,Female,23.0,Driver,Not Thrown Out,NotFatal,Worn,Small,Full,Straight Ahead,1.0,2 Metropolitan,5,1,Thursday,peak,70,Divided Road,Straight road,Level,Dry,Not Raining,Daylight,Rear End,No Control
2018-11720-15/08/2019,1,1,Rider,Male,16.0,NotApplicable,NotApplicable,NotFatal,NotWorn,PCycling,NoLicence,Straight Ahead,1.0,2 Metropolitan,2,2,Wednesday,peak,60,T-Junction,Straight road,Level,Dry,Not Raining,Daylight,Side Swipe,No Control
2018-11720-15/08/2019,2,1,Driver,Female,50.0,Driver,Not Thrown Out,NotFatal,Worn,Small,Unlicenced,Left Turn,1.0,2 Metropolitan,2,2,Wednesday,peak,60,T-Junction,Straight road,Level,Dry,Not Raining,Daylight,Side Swipe,No Control
2018-11722-15/08/2019,2,1,Driver,Male,42.0,Driver,Not Thrown Out,NotFatal,Worn,Utility,Full,Right Turn,1.0,2 Metropolitan,2,1,Friday,off-peak,50,Cross Road,Straight road,Level,Dry,Not Raining,Daylight,Right Angle,Give Way Sign
2018-11724-15/08/2019,1,1,Driver,Female,67.0,Driver,Not Thrown Out,NotFatal,Worn,Medium,Full,Straight Ahead,2.0,2 Metropolitan,3,4,Friday,peak,60,T-Junction,Straight road,Level,Dry,Not Raining,Daylight,Rear End,No Control
2018-11724-15/08/2019,1,2,Passenger,Male,78.0,Front Seat Left Passenger,Not Thrown Out,NotFatal,NotWorn,Medium,NoLicence,Straight Ahead,2.0,2 Metropolitan,3,4,Friday,peak,60,T-Junction,Straight road,Level,Dry,Not Raining,Daylight,Rear End,No Control
2018-11724-15/08/2019,2,1,Driver,Female,44.0,Driver,Not Thrown Out,NotFatal,Worn,Small,Full,Stopped on Carriageway,1.0,2 Metropolitan,3,4,Friday,peak,60,T-Junction,Straight road,Level,Dry,Not Raining,Daylight,Rear End,No Control
2018-11724-15/08/2019,3,1,Passenger,Male,7.0,Rear Seat Right Passenger,Not Thrown Out,NotFatal,NotWorn,Medium,NoLicence,Stopped on Carriageway,2.0,2 Metropolitan,3,4,Friday,peak,60,T-Junction,Straight road,Level,Dry,Not Raining,Daylight,Rear End,No Control
2018-11725-15/08/2019,1,1,Passenger,Male,39.88915925490854,Rear Seat Left Passenger,Not Thrown Out,NotFatal,NotWorn,Small,NoLicence,Stopped on Carriageway,3.0,2 Metropolitan,2,1,Friday,peak,60,Divided Road,Straight road,Level,Dry,Not Raining,Daylight,Rear End,No Control
2018-11727-15/08/2019,1,1,Rider,Male,26.0,NotApplicable,NotApplicable,NotFatal,NotWorn,MCycling,NoLicence,Straight Ahead,1.0,2 Metropolitan,3,1,Friday,peak,80,Divided Road,Straight road,Level,Dry,Not Raining,Daylight,Rear End,No Control
2018-11729-15/08/2019,1,1,Driver,Female,51.0,Driver,Not Thrown Out,NotFatal,Worn,Medium,Full,Stopped on Carriageway,1.0,1 City,2,1,Friday,peak,60,Divided Road,Straight road,Level,Dry,Not Raining,Daylight,Rear End,No Control
2018-11731-15/08/2019,1,1,Driver,Unknown,18.0,Driver,Not Thrown Out,NotFatal,Worn,Small,Provisional 1 ,Straight Ahead,3.0,2 Metropolitan,2,1,Friday,off-peak,50,Not Divided,"CURVED, VIEW OBSCURED",Bottom of Hill,Dry,Not Raining,Daylight,Hit Fixed Object,No Control
2018-11734-15/08/2019,2,1,Passenger,Female,69.0,Front Seat Left Passenger,Not Thrown Out,NotFatal,NotWorn,Small,NoLicence,Stopped on Carriageway,2.0,2 Metropolitan,2,1,Friday,off-peak,60,Cross Road,Straight road,Level,Dry,Not Raining,Daylight,Rear End,Traffic Signals
2018-11736-15/08/2019,2,1,Rider,Male,52.0,NotApplicable,NotApplicable,NotFatal,NotWorn,PCycling,NoLicence,Straight Ahead,1.0,2 Metropolitan,2,1,Friday,peak,60,T-Junction,Straight road,Level,Dry,Not Raining,Daylight,Right Turn,No Control
2018-11740-15/08/2019,1,1,Driver,Male,61.0,Driver,Not Thrown Out,NotFatal,Worn,Small,Full,Swerving,1.0,2 Metropolitan,2,1,Friday,off-peak,70,Not Divided,Straight road,Level,Dry,Not Raining,Night,Hit Fixed Object,No Control
2018-11742-15/08/2019,2,1,Driver,Female,62.0,Driver,Not Thrown Out,NotFatal,Worn,Small,Full,Stopped on Carriageway,1.0,2 Metropolitan,2,1,Saturday,off-peak,60,T-Junction,Straight road,Level,Dry,Not Raining,Daylight,Rear End,No Control
2018-11744-15/08/2019,2,1,Driver,Female,48.0,Driver,Not Thrown Out,NotFatal,Worn,Small,Full,Straight Ahead,1.0,2 Metropolitan,2,1,Saturday,peak,50,Cross Road,Straight road,Level,Dry,Not Raining,Daylight,Right Angle,Give Way Sign
2018-11745-15/08/2019,1,1,Driver,Female,39.0,Driver,Not Thrown Out,NotFatal,Worn,Small,Provisional 2,Straight Ahead,1.0,2 Metropolitan,2,1,Saturday,peak,60,T-Junction,Straight road,Level,Dry,Not Raining,Daylight,Right Angle,Give Way Sign
2018-11746-15/08/2019,1,1,Rider,Male,37.0,NotApplicable,NotApplicable,NotFatal,NotWorn,MCycling,NoLicence,Straight Ahead,1.0,2 Metropolitan,2,1,Saturday,peak,100,Not Divided,"CURVED, VIEW OPEN",Crest of Hill,Dry,Not Raining,Daylight,Hit Fixed Object,No Control
2018-11751-15/08/2019,2,1,Rider,Male,24.0,NotApplicable,NotApplicable,NotFatal,NotWorn,MCycling,NoLicence,Overtaking - on Right,1.0,2 Metropolitan,2,1,Saturday,off-peak,80,T-Junction,Straight road,Level,Dry,Not Raining,Daylight,Side Swipe,Give Way Sign
2018-11753-15/08/2019,1,1,Rider,Male,49.0,NotApplicable,NotApplicable,NotFatal,NotWorn,MCycling,NoLicence,Straight Ahead,1.0,2 Metropolitan,2,1,Friday,off-peak,60,Not Divided,Straight road,Level,Dry,Not Raining,Daylight,Rear End,No Control
2018-11757-15/08/2019,1,1,Driver,Male,25.0,Driver,Not Thrown Out,NotFatal,Worn,Small,Full,Straight Ahead,1.0,3 Country,2,1,Saturday,off-peak,50,Cross Road,Straight road,Slope,Dry,Not Raining,Daylight,Right Angle,Give Way Sign
2018-11759-15/08/2019,1,1,Driver,Female,39.88915925490854,Driver,Not Thrown Out,NotFatal,Worn,Medium,Full,Stopped on Carriageway,2.0,2 Metropolitan,2,1,Friday,peak,60,Cross Road,Straight road,Level,Dry,Not Raining,Daylight,Rear End,Roundabout
2018-11761-15/08/2019,1,1,Driver,Male,76.0,Driver,Not Thrown Out,Fatal,Worn,Utility,Full,Straight Ahead,1.0,3 Country,2,1,Saturday,peak,100,Not Divided,Straight road,Level,Dry,Not Raining,Daylight,Hit Fixed Object,No Control
2018-11763-15/08/2019,2,1,Driver,Female,79.0,Driver,Not Thrown Out,NotFatal,Worn,Small,Full,Stopped on Carriageway,1.0,2 Metropolitan,3,1,Saturday,off-peak,60,Divided Road,Straight road,Level,Dry,Not Raining,Daylight,Rear End,No Control
2018-11765-15/08/2019,1,1,Driver,Female,40.0,Driver,Not Thrown Out,NotFatal,Worn,Small,Full,Stopped on Carriageway,1.0,2 Metropolitan,2,1,Friday,off-peak,60,Cross Road,Straight road,Level,Dry,Not Raining,Daylight,Rear End,Traffic Signals
2018-11766-15/08/2019,1,1,Driver,Male,39.88915925490854,Driver,Not Thrown Out,NotFatal,Worn,Utility,Full,Straight Ahead,1.0,3 Country,3,1,Friday,off-peak,80,Not Divided,"CURVED, VIEW OBSCURED",Level,Dry,Not Raining,Night,Hit Animal,No Control
2018-11772-15/08/2019,2,1,Passenger,Female,19.0,Front Seat Left Passenger,Not Thrown Out,NotFatal,NotWorn,Small,NoLicence,Stopped on Carriageway,2.0,2 Metropolitan,3,2,Saturday,off-peak,90,Divided Road,Straight road,Level,Dry,Not Raining,Daylight,Rear End,No Control
2018-11772-15/08/2019,3,1,Driver,Female,21.0,Driver,Not Thrown Out,NotFatal,Worn,Medium,Full,Stopped on Carriageway,1.0,2 Metropolitan,3,2,Saturday,off-peak,90,Divided Road,Straight road,Level,Dry,Not Raining,Daylight,Rear End,No Control
2018-11776-15/08/2019,1,1,Rider,Male,26.0,NotApplicable,NotApplicable,NotFatal,NotWorn,MCycling,NoLicence,Straight Ahead,1.0,3 Country,2,1,Saturday,peak,50,Not Divided,Straight road,Level,Dry,Not Raining,Daylight,Side Swipe,No Control
2018-11779-15/08/2019,2,1,Rider,Male,12.0,NotApplicable,NotApplicable,NotFatal,NotWorn,PCycling,NoLicence,Straight Ahead,1.0,2 Metropolitan,2,1,Saturday,off-peak,50,T-Junction,Straight road,Level,Dry,Not Raining,Daylight,Right Angle,No Control
2018-11781-15/08/2019,1,1,Rider,Male,50.0,NotApplicable,NotApplicable,NotFatal,NotWorn,PCycling,NoLicence,Straight Ahead,2.0,1 City,2,2,Saturday,off-peak,60,T-Junction,Straight road,Level,Dry,Not Raining,Night,Side Swipe,No Control
2018-11781-15/08/2019,1,2,Passenger,Male,69.0,Passenger of Motorcycle,Thrown Out,NotFatal,NotWorn,PCycling,NoLicence,Straight Ahead,2.0,1 City,2,2,Saturday,off-peak,60,T-Junction,Straight road,Level,Dry,Not Raining,Night,Side Swipe,No Control
2018-11784-15/08/2019,1,1,Driver,Female,27.0,Driver,Not Thrown Out,NotFatal,Unknown,Small,Full,Straight Ahead,1.0,3 Country,2,1,Sunday,off-peak,110,Not Divided,Straight road,Level,Dry,Not Raining,Night,Hit Fixed Object,No Control
2018-11786-15/08/2019,1,1,Driver,Male,30.0,Driver,Not Thrown Out,NotFatal,Worn,Medium,Full,Straight Ahead,8.0,3 Country,1,1,Saturday,off-peak,110,Not Divided,Straight road,Level,Dry,Not Raining,Daylight,Roll Over,No Control
2018-11788-15/08/2019,1,1,Driver,Male,49.0,Driver,Not Thrown Out,NotFatal,Worn,Small,Full,Straight Ahead,2.0,3 Country,2,2,Sunday,off-peak,60,Cross Road,Straight road,Level,Dry,Not Raining,Daylight,Right Angle,Stop Sign
2018-11788-15/08/2019,1,2,Passenger,Female,47.0,Front Seat Left Passenger,Not Thrown Out,NotFatal,NotWorn,Small,NoLicence,Straight Ahead,2.0,3 Country,2,2,Sunday,off-peak,60,Cross Road,Straight road,Level,Dry,Not Raining,Daylight,Right Angle,Stop Sign
2018-11792-15/08/2019,2,1,Rider,Male,24.0,NotApplicable,NotApplicable,NotFatal,NotWorn,PCycling,NoLicence,Straight Ahead,1.0,2 Metropolitan,2,1,Sunday,off-peak,50,Divided Road,Straight road,Level,Dry,Not Raining,Daylight,Right Angle,No Control
2018-11793-15/08/2019,1,1,Driver,Female,57.0,Driver,Not Thrown Out,NotFatal,Worn,Small,Full,Straight Ahead,1.0,2 Metropolitan,3,1,Sunday,off-peak,50,Cross Road,Straight road,Level,Dry,Not Raining,Daylight,Right Angle,Give Way Sign
2018-11795-15/08/2019,1,1,Passenger,Female,6.0,Rear Seat Left Passenger,Not Thrown Out,NotFatal,NotWorn,Utility,NoLicence,Stopped on Carriageway,3.0,3 Country,2,1,Sunday,off-peak,100,Not Divided,"CURVED, VIEW OPEN",Level,Dry,Not Raining,Daylight,Rear End,No Control