REPORT_ID,UND_UNIT_NUMBER,CASUALTY_NUMBER,cas_type,cas_gender,cas_age,cas_pos_in_veh,thrown_out,fatality,seat_belt,unit_type,lic_type,unit_movement,n_occupants,stat_area,total_units,cas_total,day,time,area_speed,acc_pos,hor_align,ver_align,moist_cond,wea_cond,dayNight,crash_type,traf_ctrls
2018-11799-15/08/2019,1,1,Rider,Male,17.0,NotApplicable,NotApplicable,NotFatal,NotWorn,MCycling,NoLicence,Straight Ahead,1.0,3 Country,1,1,Sunday,peak,80,Not Divided,Straight road,Slope,Dry,Not Raining,Daylight,Roll Over,No Control
2018-11801-15/08/2019,1,1,Pedestrian,Male,39.88915925490854,NotApplicable,NotApplicable,NotFatal,NotWorn,Pedestrian on Road,NoLicence,Crossing without Control,1.0,2 Metropolitan,2,1,Friday,off-peak,60,Not Divided,"CURVED, VIEW OBSCURED",Slope,Dry,Not Raining,Night,Hit Pedestrian,No Control
2018-11802-15/08/2019,2,1,Driver,Female,17.0,Driver,Not Thrown Out,NotFatal,Worn,Small,Provisional 1 ,Right Turn,1.0,2 Metropolitan,2,1,Sunday,off-peak,80,Cross Road,Straight road,Level,Dry,Not Raining,Night,Right Turn,Traffic Signals
2018-11804-15/08/2019,1,1,Driver,Male,22.0,Driver,Not Thrown Out,NotFatal,Worn,Small,Learners,Straight Ahead,1.0,3 Country,2,1,Saturday,off-peak,80,Not Divided,Straight road,Level,Dry,Not Raining,Daylight,Hit Fixed Object,No Control
2018-11806-15/08/2019,1,1,Driver,Male,27.0,Driver,Not Thrown Out,NotFatal,Worn,Small,Unlicenced,Straight Ahead,2.0,2 Metropolitan,3,1,Monday,off-peak,60,Divided Road,Straight road,Level,Dry,Not Raining,Night,Hit Fixed Object,No Control
2018-11807-15/08/2019,1,1,Driver,Female,44.0,Driver,Not Thrown Out,NotFatal,Worn,Medium,Full,Straight Ahead,1.0,3 Country,2,1,Monday,off-peak,50,Not Divided,"CURVED, VIEW OPEN",Level,Dry,Not Raining,Daylight,Hit Fixed Object,No Control
2018-11814-15/08/2019,1,1,Passenger,Female,18.0,Rear Seat Right Passenger,Not Thrown Out,NotFatal,NotWorn,Medium,NoLicence,Straight Ahead,3.0,3 Country,2,1,Monday,off-peak,60,T-Junction,"CURVED, VIEW OPEN",Slope,Dry,Not Raining,Daylight,Right Angle,Traffic Signals
2018-11815-15/08/2019,2,1,Driver,Male,82.0,Driver,Not Thrown Out,NotFatal,Worn,Small,Full,Stopped on Carriageway,1.0,2 Metropolitan,3,1,Monday,peak,60,Divided Road,Straight road,Level,Dry,Not Raining,Daylight,Rear End,No Control
2018-11821-15/08/2019,2,1,Driver,Female,34.0,Driver,Not Thrown Out,NotFatal,Worn,Small,Full,Straight Ahead,1.0,2 Metropolitan,2,1,Tuesday,off-peak,60,T-Junction,Straight road,Slope,Dry,Not Raining,Daylight,Rear End,No Control
2018-11822-15/08/2019,2,1,Driver,Male,55.0,Driver,Not Thrown Out,NotFatal,Worn,Small,Full,Straight Ahead,2.0,2 Metropolitan,2,1,Friday,off-peak,60,Cross Road,Straight road,Level,Dry,Not Raining,Daylight,Right Turn,Traffic Signals
2018-11823-15/08/2019,1,1,Rider,Female,31.0,NotApplicable,NotApplicable,NotFatal,NotWorn,MCycling,NoLicence,Straight Ahead,1.0,2 Metropolitan,2,1,Monday,off-peak,60,Divided Road,Straight road,Level,Dry,Not Raining,Daylight,Right Angle,No Control
2018-11825-15/08/2019,1,1,Driver,Male,40.0,Driver,Not Thrown Out,NotFatal,Worn,Small,Full,Straight Ahead,1.0,2 Metropolitan,2,1,Monday,off-peak,60,Not Divided,Straight road,Level,Dry,Not Raining,Daylight,Side Swipe,No Control
2018-11826-15/08/2019,1,1,Driver,Female,18.0,Driver,Not Thrown Out,NotFatal,Worn,Small,Provisional 2,Straight Ahead,1.0,2 Metropolitan,3,1,Monday,peak,70,T-Junction,Straight road,Level,Dry,Not Raining,Daylight,Rear End,Traffic Signals
2018-11828-15/08/2019,1,1,Driver,Male,81.0,Driver,Not Thrown Out,NotFatal,Worn,Medium,Full,Right Turn,1.0,2 Metropolitan,2,1,Monday,off-peak,60,T-Junction,Straight road,Level,Dry,Not Raining,Daylight,Right Angle,Stop Sign
2018-11831-15/08/2019,1,1,Driver,Male,22.0,Driver,Not Thrown Out,NotFatal,Worn,Utility,Full,Straight Ahead,1.0,2 Metropolitan,2,1,Tuesday,off-peak,80,Not Divided,Straight road,Level,Dry,Not Raining,Daylight,Hit Fixed Object,No Control
2018-11832-15/08/2019,1,1,Driver,Male,50.0,Driver,Not Thrown Out,NotFatal,Worn,Small,Full,Straight Ahead,2.0,2 Metropolitan,2,1,Wednesday,off-peak,60,Cross Road,Straight road,Level,Dry,Not Raining,Night,Right Turn,Traffic Signals
2018-11835-15/08/2019,1,1,Driver,Female,84.0,Driver,Not Thrown Out,NotFatal,Worn,Small,Full,Leaving Private Driveway,1.0,2 Metropolitan,2,1,Tuesday,peak,50,Not Divided,Straight road,Level,Dry,Not Raining,Daylight,Hit Fixed Object,No Control
2018-11840-15/08/2019,1,1,Driver,Female,40.0,Driver,Not Thrown Out,NotFatal,Worn,Small,Full,Straight Ahead,1.0,2 Metropolitan,2,1,Tuesday,off-peak,60,T-Junction,Straight road,Level,Dry,Not Raining,Daylight,Right Angle,No Control
2018-11843-15/08/2019,2,1,Driver,Female,40.0,Driver,Not Thrown Out,NotFatal,Worn,Utility,Full,Right Turn,2.0,2 Metropolitan,2,1,Tuesday,off-peak,50,T-Junction,Straight road,Level,Dry,Not Raining,Daylight,Right Angle,No Control
2018-11846-15/08/2019,2,1,Rider,Female,28.0,NotApplicable,NotApplicable,NotFatal,NotWorn,PCycling,NoLicence,Straight Ahead,1.0,2 Metropolitan,2,1,Tuesday,off-peak,60,Divided Road,Straight road,Level,Dry,Not Raining,Daylight,Hit Parked Vehicle,No Control
2018-11847-15/08/2019,1,1,Driver,Female,20.0,Driver,Not Thrown Out,NotFatal,Worn,Small,Provisional 2,Straight Ahead,1.0,2 Metropolitan,2,2,Tuesday,off-peak,60,Divided Road,Straight road,Level,Dry,Not Raining,Daylight,Rear End,No Control
2018-11847-15/08/2019,2,1,Driver,Female,41.0,Driver,Not Thrown Out,NotFatal,Worn,Small,Full,Stopped on Carriageway,1.0,2 Metropolitan,2,2,Tuesday,off-peak,60,Divided Road,Straight road,Level,Dry,Not Raining,Daylight,Rear End,No Control
2018-11848-15/08/2019,2,1,Driver,Female,34.0,Driver,Not Thrown Out,NotFatal,Worn,Small,Full,Straight Ahead,1.0,2 Metropolitan,2,1,Wednesday,peak,60,T-Junction,Straight road,Level,Dry,Not Raining,Daylight,Right Turn,No Control
2018-11853-15/08/2019,1,1,Driver,Female,26.0,Driver,Not Thrown Out,NotFatal,Worn,Small,Full,Stopped on Carriageway,1.0,2 Metropolitan,2,1,Monday,peak,80,T-Junction,Straight road,Level,Dry,Not Raining,Daylight,Rear End,Traffic Signals
2018-11854-15/08/2019,2,1,Driver,Female,21.0,Driver,Not Thrown Out,NotFatal,Worn,Small,Full,Stopped on Carriageway,1.0,2 Metropolitan,3,1,Wednesday,peak,60,Divided Road,Straight road,Level,Dry,Not Raining,Daylight,Rear End,No Control
2018-11856-15/08/2019,1,1,Driver,Male,23.0,Driver,Not Thrown Out,NotFatal,Worn,Small,Full,Right Turn,1.0,2 Metropolitan,2,2,Wednesday,off-peak,60,T-Junction,Straight road,Level,Dry,Not Raining,Daylight,Right Angle,No Control
2018-11856-15/08/2019,2,1,Driver,Female,27.0,Driver,Not Thrown Out,NotFatal,Worn,Small,Full,Straight Ahead,1.0,2 Metropolitan,2,2,Wednesday,off-peak,60,T-Junction,Straight road,Level,Dry,Not Raining,Daylight,Right Angle,No Control
2018-11860-15/08/2019,1,1,Rider,Male,50.0,NotApplicable,NotApplicable,NotFatal,NotWorn,PCycling,NoLicence,Straight Ahead,1.0,2 Metropolitan,2,1,Thursday,peak,60,Cross Road,Straight road,Level,Dry,Not Raining,Daylight,Side Swipe,Traffic Signals
2018-11865-15/08/2019,2,1,Driver,Male,39.88915925490854,Driver,Not Thrown Out,NotFatal,Worn,Small,Full,Stopped on Carriageway,1.0,2 Metropolitan,3,1,Wednesday,peak,60,Divided Road,Straight road,Level,Dry,Not Raining,Daylight,Rear End,No Control
2018-11867-15/08/2019,1,1,Driver,Male,27.0,Driver,Not Thrown Out,NotFatal,Worn,Small,Probationary,Right Turn,1.0,2 Metropolitan,3,1,Wednesday,off-peak,60,T-Junction,Straight road,Level,Dry,Not Raining,Daylight,Right Angle,No Control
2018-11868-15/08/2019,2,1,Driver,Female,32.0,Driver,Not Thrown Out,NotFatal,Worn,Medium,Full,Stopped on Carriageway,1.0,2 Metropolitan,2,1,Tuesday,off-peak,60,T-Junction,Straight road,Level,Dry,Not Raining,Daylight,Rear End,No Control
2018-11869-15/08/2019,1,1,Driver,Male,41.0,Driver,Not Thrown Out,NotFatal,Unknown,Large,Full,Straight Ahead,1.0,3 Country,2,3,Tuesday,peak,110,Not Divided,"CURVED, VIEW OBSCURED",Level,Dry,Not Raining,Daylight,Head On,No Control
2018-11869-15/08/2019,2,1,Driver,Male,24.0,Driver,Not Thrown Out,NotFatal,Unknown,Large,Full,Straight Ahead,2.0,3 Country,2,3,Tuesday,peak,110,Not Divided,"CURVED, VIEW OBSCURED",Level,Dry,Not Raining,Daylight,Head On,No Control
2018-11869-15/08/2019,2,2,Passenger,Female,22.0,Front Seat Left Passenger,Not Thrown Out,NotFatal,NotWorn,Large,NoLicence,Straight Ahead,2.0,3 Country,2,3,Tuesday,peak,110,Not Divided,"CURVED, VIEW OBSCURED",Level,Dry,Not Raining,Daylight,Head On,No Control
2018-11870-15/08/2019,1,1,Driver,Male,50.0,Driver,Not Thrown Out,NotFatal,Worn,Medium,Full,Straight Ahead,4.0,3 Country,3,2,Wednesday,off-peak,50,T-Junction,Straight road,Slope,Dry,Not Raining,Daylight,Right Angle,No Control
2018-11870-15/08/2019,2,1,Driver,Female,59.0,Driver,Not Thrown Out,NotFatal,Worn,Small,Full,Right Turn,1.0,3 Country,3,2,Wednesday,off-peak,50,T-Junction,Straight road,Slope,Dry,Not Raining,Daylight,Right Angle,No Control
2018-11874-15/08/2019,1,1,Driver,Female,30.0,Driver,Not Thrown Out,NotFatal,Worn,Medium,Full,Straight Ahead,4.0,2 Metropolitan,2,2,Wednesday,off-peak,50,T-Junction,Straight road,Level,Dry,Not Raining,Daylight,Right Angle,No Control
2018-11874-15/08/2019,2,1,Driver,Female,71.0,Driver,Not Thrown Out,NotFatal,Worn,Small,Full,Right Turn,1.0,2 Metropolitan,2,2,Wednesday,off-peak,50,T-Junction,Straight road,Level,Dry,Not Raining,Daylight,Right Angle,No Control
2018-11875-15/08/2019,2,1,Rider,Male,27.0,NotApplicable,NotApplicable,NotFatal,NotWorn,PCycling,NoLicence,Straight Ahead,1.0,2 Metropolitan,2,1,Wednesday,off-peak,70,Divided Road,Straight road,Level,Dry,Not Raining,Daylight,Side Swipe,No Control
2018-11877-15/08/2019,2,1,Rider,Male,29.0,NotApplicable,NotApplicable,NotFatal,NotWorn,PCycling,NoLicence,Straight Ahead,1.0,2 Metropolitan,2,1,Tuesday,off-peak,60,T-Junction,Straight road,Level,Dry,Not Raining,Night,Right Angle,No Control
2018-11878-15/08/2019,1,1,Driver,Male,60.0,Driver,Not Thrown Out,NotFatal,Worn,Medium,Full,Stopped on Carriageway,1.0,2 Metropolitan,2,2,Tuesday,off-peak,60,T-Junction,Straight road,Level,Dry,Not Raining,Daylight,Rear End,No Control
2018-11878-15/08/2019,2,1,Driver,Female,27.0,Driver,Not Thrown Out,NotFatal,Worn,Medium,Full,Straight Ahead,1.0,2 Metropolitan,2,2,Tuesday,off-peak,60,T-Junction,Straight road,Level,Dry,Not Raining,Daylight,Rear End,No Control
2018-11882-15/08/2019,2,1,Driver,Female,22.0,Driver,Not Thrown Out,NotFatal,Worn,Small,Provisional 2,Right Turn,1.0,2 Metropolitan,2,1,Tuesday,peak,60,T-Junction,Straight road,Level,Dry,Not Raining,Daylight,Right Turn,No Control
2018-11891-15/08/2019,1,1,Driver,Female,30.0,Driver,Not Thrown Out,NotFatal,Worn,Small,Full,Right Turn,1.0,3 Country,2,3,Wednesday,off-peak,90,Cross Road,Straight road,Slope,Dry,Not Raining,Daylight,Right Angle,Stop Sign
2018-11891-15/08/2019,2,1,Passenger,Female,7.0,Rear Seat Left Passenger,Not Thrown Out,NotFatal,NotWorn,Medium,NoLicence,Straight Ahead,3.0,3 Country,2,3,Wednesday,off-peak,90,Cross Road,Straight road,Slope,Dry,Not Raining,Daylight,Right Angle,Stop Sign
2018-11891-15/08/2019,2,2,Passenger,Female,17.0,Front Seat Left Passenger,Not Thrown Out,NotFatal,NotWorn,Medium,NoLicence,Straight Ahead,3.0,3 Country,2,3,Wednesday,off-peak,90,Cross Road,Straight road,Slope,Dry,Not Raining,Daylight,Right Angle,Stop Sign
2018-11892-15/08/2019,2,1,Rider,Male,57.0,NotApplicable,NotApplicable,NotFatal,NotWorn,PCycling,NoLicence,Straight Ahead,1.0,2 Metropolitan,2,1,Tuesday,peak,50,T-Junction,Straight road,Level,Dry,Not Raining,Daylight,Right Angle,No Control
2018-11893-15/08/2019,1,1,Driver,Male,55.0,Driver,Not Thrown Out,NotFatal,Worn,Medium,Full,Straight Ahead,1.0,3 Country,1,1,Wednesday,off-peak,110,Not Divided,Straight road,Level,Dry,Not Raining,Daylight,Roll Over,No Control
2018-11898-15/08/2019,2,1,Rider,Male,23.0,NotApplicable,NotApplicable,NotFatal,NotWorn,MCycling,NoLicence,Straight Ahead,1.0,1 City,2,1,Wednesday,off-peak,50,Cross Road,Straight road,Level,Dry,Not Raining,Daylight,Right Turn,Traffic Signals
2018-11905-15/08/2019,2,1,Driver,Female,31.0,Driver,Not Thrown Out,NotFatal,Worn,Small,Full,Right Turn,1.0,2 Metropolitan,2,1,Thursday,off-peak,60,T-Junction,Straight road,Level,Dry,Not Raining,Daylight,Right Turn,No Control
2018-11906-15/08/2019,2,1,Rider,Male,71.0,NotApplicable,NotApplicable,NotFatal,NotWorn,PCycling,NoLicence,Straight Ahead,1.0,2 Metropolitan,2,1,Thursday,off-peak,50,T-Junction,Straight road,Level,Dry,Not Raining,Daylight,Right Angle,Give Way Sign
2018-11909-15/08/2019,2,1,Driver,Female,43.0,Driver,Not Thrown Out,NotFatal,Worn,Small,Full,Stopped on Carriageway,3.0,2 Metropolitan,3,2,Monday,peak,60,Cross Road,Straight road,Level,Dry,Not Raining,Daylight,Rear End,Traffic Signals
2018-11909-15/08/2019,2,2,Passenger,Female,10.0,Rear Seat Right Passenger,Not Thrown Out,NotFatal,NotWorn,Small,NoLicence,Stopped on Carriageway,3.0,2 Metropolitan,3,2,Monday,peak,60,Cross Road,Straight road,Level,Dry,Not Raining,Daylight,Rear End,Traffic Signals
2018-11910-15/08/2019,2,1,Driver,Female,31.0,Driver,Not Thrown Out,NotFatal,Worn,Small,Full,Straight Ahead,1.0,2 Metropolitan,2,1,Tuesday,peak,60,T-Junction,Straight road,Level,Dry,Not Raining,Daylight,Right Turn,No Control
2018-11913-15/08/2019,1,1,Rider,Male,26.0,NotApplicable,NotApplicable,NotFatal,NotWorn,MCycling,NoLicence,Straight Ahead,1.0,2 Metropolitan,2,1,Sunday,peak,60,T-Junction,Straight road,Level,Dry,Not Raining,Daylight,Right Turn,No Control
2018-11914-15/08/2019,1,1,Driver,Male,75.0,Driver,Not Thrown Out,NotFatal,Worn,Utility,Full,Straight Ahead,1.0,3 Country,3,2,Sunday,off-peak,90,T-Junction,Straight road,Level,Dry,Not Raining,Daylight,Right Angle,No Control
2018-11914-15/08/2019,3,1,Driver,Male,32.0,Driver,Not Thrown Out,NotFatal,Worn,Small,Provisional 1 ,Straight Ahead,1.0,3 Country,3,2,Sunday,off-peak,90,T-Junction,Straight road,Level,Dry,Not Raining,Daylight,Right Angle,No Control
2018-11915-15/08/2019,1,1,Rider,Female,51.0,NotApplicable,NotApplicable,NotFatal,NotWorn,MCycling,NoLicence,Straight Ahead,1.0,1 City,2,1,Wednesday,peak,50,Cross Road,Straight road,Level,Dry,Not Raining,Daylight,Side Swipe,Traffic Signals
2018-11916-15/08/2019,2,1,Passenger,Female,83.0,Front Seat Left Passenger,Not Thrown Out,NotFatal,NotWorn,Small,NoLicence,Swerving,2.0,2 Metropolitan,2,1,Tuesday,off-peak,60,Divided Road,Straight road,Level,Dry,Not Raining,Daylight,Side Swipe,No Control
2018-11917-15/08/2019,1,1,Rider,Male,61.0,NotApplicable,NotApplicable,NotFatal,NotWorn,PCycling,NoLicence,Straight Ahead,1.0,1 City,2,1,Friday,peak,50,Divided Road,Straight road,Level,Dry,Not Raining,Daylight,Side Swipe,No Control
2018-11919-15/08/2019,2,1,Rider,Male,19.0,NotApplicable,NotApplicable,NotFatal,NotWorn,PCycling,NoLicence,Straight Ahead,1.0,2 Metropolitan,2,1,Thursday,peak,60,T-Junction,Straight road,Level,Dry,Not Raining,Daylight,Right Turn,No Control
2018-11921-15/08/2019,1,1,Driver,Male,56.0,Driver,Not Thrown Out,NotFatal,Worn,Small,Full,Stopped on Carriageway,1.0,2 Metropolitan,2,1,Wednesday,peak,60,Not Divided,Straight road,Level,Dry,Not Raining,Daylight,Rear End,No Control
2018-11923-15/08/2019,1,1,Driver,Female,23.0,Driver,Not Thrown Out,NotFatal,Worn,Small,Full,Stopped on Carriageway,1.0,2 Metropolitan,2,1,Thursday,peak,60,Cross Road,Straight road,Level,Dry,Not Raining,Daylight,Rear End,Traffic Signals
2018-11924-15/08/2019,1,1,Driver,Female,32.0,Driver,Not Thrown Out,NotFatal,Worn,Small,Full,Swerving,2.0,2 Metropolitan,2,2,Thursday,off-peak,70,Divided Road,Straight road,Level,Dry,Not Raining,Daylight,Side Swipe,No Control
2018-11924-15/08/2019,1,2,Passenger,Female,37.0,Front Seat Left Passenger,Not Thrown Out,NotFatal,NotWorn,Small,NoLicence,Swerving,2.0,2 Metropolitan,2,2,Thursday,off-peak,70,Divided Road,Straight road,Level,Dry,Not Raining,Daylight,Side Swipe,No Control
2018-11929-15/08/2019,1,1,Driver,Male,64.0,Driver,Not Thrown Out,NotFatal,Worn,Utility,Provisional 2,Straight Ahead,1.0,3 Country,2,1,Thursday,peak,110,Not Divided,"CURVED, VIEW OPEN",Level,Dry,Not Raining,Daylight,Hit Fixed Object,No Control
2018-11930-15/08/2019,1,1,Driver,Male,33.0,Driver,Not Thrown Out,NotFatal,Worn,Small,Full,Straight Ahead,1.0,2 Metropolitan,2,1,Tuesday,peak,60,Cross Road,Straight road,Level,Dry,Not Raining,Daylight,Side Swipe,Traffic Signals
2018-11931-15/08/2019,1,1,Driver,Male,39.0,Driver,Not Thrown Out,NotFatal,Worn,Small,Full,Stopped on Carriageway,1.0,2 Metropolitan,2,1,Thursday,off-peak,80,T-Junction,Straight road,Level,Dry,Not Raining,Daylight,Rear End,No Control
2018-11933-15/08/2019,1,1,Rider,Male,42.0,NotApplicable,NotApplicable,NotFatal,NotWorn,MCycling,NoLicence,Straight Ahead,1.0,2 Metropolitan,2,1,Thursday,off-peak,60,Divided Road,"CURVED, VIEW OPEN",Level,Dry,Not Raining,Daylight,Hit Fixed Object,No Control
2018-11935-15/08/2019,1,1,Driver,Female,51.0,Driver,Not Thrown Out,NotFatal,Worn,Medium,Full,Straight Ahead,1.0,2 Metropolitan,2,1,Monday,off-peak,60,Cross Road,Straight road,Level,Dry,Not Raining,Daylight,Hit Fixed Object,Traffic Signals
2018-11936-15/08/2019,1,1,Driver,Female,43.0,Driver,Not Thrown Out,NotFatal,Worn,Small,Full,Straight Ahead,1.0,2 Metropolitan,3,1,Thursday,off-peak,80,Divided Road,Straight road,Level,Dry,Not Raining,Daylight,Rear End,No Control
2018-11937-15/08/2019,1,1,Driver,Male,33.0,Driver,Not Thrown Out,NotFatal,Worn,Small,Full,Stopped on Carriageway,1.0,2 Metropolitan,2,1,Monday,peak,60,Cross Road,Straight road,Level,Dry,Not Raining,Daylight,Rear End,Traffic Signals
2018-11938-15/08/2019,2,1,Driver,Male,76.0,Driver,Not Thrown Out,NotFatal,Worn,Small,Full,Straight Ahead,1.0,2 Metropolitan,4,1,Thursday,off-peak,60,Divided Road,Straight road,Level,Dry,Not Raining,Daylight,Rear End,No Control
2018-11940-15/08/2019,1,1,Rider,Male,31.0,NotApplicable,NotApplicable,NotFatal,NotWorn,MCycling,NoLicence,Straight Ahead,1.0,2 Metropolitan,2,1,Wednesday,peak,60,Not Divided,"CURVED, VIEW OPEN",Slope,Dry,Not Raining,Daylight,Side Swipe,No Control
2018-11942-15/08/2019,1,1,Passenger,Female,9.0,Rear Seat Right Passenger,Not Thrown Out,NotFatal,NotWorn,Small,NoLicence,Stopped on Carriageway,4.0,2 Metropolitan,2,2,Thursday,off-peak,60,Not Divided,Straight road,Crest of Hill,Dry,Not Raining,Daylight,Rear End,No Control
2018-11942-15/08/2019,1,2,Passenger,Female,17.0,Rear Seat Left Passenger,Not Thrown Out,NotFatal,NotWorn,Small,NoLicence,Stopped on Carriageway,4.0,2 Metropolitan,2,2,Thursday,off-peak,60,Not Divided,Straight road,Crest of Hill,Dry,Not Raining,Daylight,Rear End,No Control
2018-11944-15/08/2019,1,1,Rider,Male,19.0,NotApplicable,NotApplicable,NotFatal,NotWorn,MCycling,NoLicence,Straight Ahead,1.0,2 Metropolitan,1,1,Thursday,peak,80,Not Divided,Straight road,Level,Dry,Not Raining,Daylight,Roll Over,No Control
2018-11947-15/08/2019,1,1,Driver,Female,52.0,Driver,Not Thrown Out,NotFatal,Worn,Small,Full,Straight Ahead,1.0,2 Metropolitan,2,1,Thursday,peak,50,Not Divided,Straight road,Slope,Dry,Not Raining,Daylight,Hit Parked Vehicle,No Control
2018-11948-15/08/2019,1,1,Driver,Male,23.0,Driver,Not Thrown Out,NotFatal,Worn,Utility,Provisional 2,Straight Ahead,1.0,2 Metropolitan,2,1,Thursday,peak,60,T-Junction,Straight road,Level,Dry,Not Raining,Daylight,Hit Fixed Object,No Control
2018-11949-15/08/2019,1,1,Driver,Female,19.0,Driver,Not Thrown Out,NotFatal,Worn,Small,Provisional 2,Straight Ahead,1.0,2 Metropolitan,3,1,Thursday,peak,60,Divided Road,Straight road,Level,Dry,Not Raining,Daylight,Rear End,No Control
2018-11951-15/08/2019,2,1,Rider,Male,34.0,NotApplicable,NotApplicable,NotFatal,NotWorn,PCycling,NoLicence,Straight Ahead,1.0,2 Metropolitan,2,1,Thursday,peak,60,T-Junction,Straight road,Level,Dry,Not Raining,Daylight,Side Swipe,Give Way Sign
2018-11954-15/08/2019,1,1,Passenger,Female,12.0,Rear Seat Left Passenger,Not Thrown Out,NotFatal,NotWorn,Small,NoLicence,Stopped on Carriageway,2.0,2 Metropolitan,2,1,Thursday,peak,60,T-Junction,Straight road,Level,Dry,Not Raining,Daylight,Rear End,No Control
2018-11959-15/08/2019,1,1,Driver,Female,17.0,Driver,Not Thrown Out,NotFatal,Worn,Small,Provisional 1 ,Straight Ahead,1.0,2 Metropolitan,2,1,Thursday,peak,60,Not Divided,Straight road,Slope,Dry,Not Raining,Daylight,Right Angle,No Control
2018-11963-15/08/2019,1,1,Rider,Male,61.0,NotApplicable,NotApplicable,NotFatal,NotWorn,MCycling,NoLicence,Straight Ahead,1.0,2 Metropolitan,2,1,Thursday,peak,60,Divided Road,Straight road,Level,Dry,Not Raining,Daylight,Rear End,No Control
2018-11965-15/08/2019,1,1,Driver,Male,19.0,Driver,Not Thrown Out,NotFatal,Worn,Small,Learners,Straight Ahead,1.0,2 Metropolitan,2,1,Thursday,off-peak,60,Divided Road,Straight road,Level,Dry,Not Raining,Night,Head On,No Control
2018-11973-15/08/2019,3,1,Driver,Female,53.0,Driver,Not Thrown Out,NotFatal,Worn,Small,Full,Straight Ahead,1.0,2 Metropolitan,3,1,Friday,peak,50,Not Divided,Straight road,Slope,Dry,Not Raining,Daylight,Rear End,No Control
2018-11974-15/08/2019,1,1,Driver,Male,44.0,Driver,Not Thrown Out,NotFatal,Worn,Utility,Full,Entering Private Driveway,2.0,2 Metropolitan,2,2,Tuesday,off-peak,50,Not Divided,Straight road,Level,Dry,Not Raining,Daylight,Rear End,No Control
2018-11974-15/08/2019,1,2,Passenger,Male,36.0,Front Seat Left Passenger,Not Thrown Out,NotFatal,NotWorn,Utility,NoLicence,Entering Private Driveway,2.0,2 Metropolitan,2,2,Tuesday,off-peak,50,Not Divided,Straight road,Level,Dry,Not Raining,Daylight,Rear End,No Control
2018-11979-15/08/2019,1,1,Driver,Female,60.0,Driver,Not Thrown Out,NotFatal,Worn,Small,Full,Stopped on Carriageway,1.0,2 Metropolitan,2,1,Thursday,off-peak,60,Not Divided,Straight road,Level,Dry,Not Raining,Daylight,Rear End,No Control
2018-11985-15/08/2019,1,1,Driver,Male,25.0,Driver,Not Thrown Out,NotFatal,Worn,Other Defined Special Vehicle,Full,Parked,1.0,2 Metropolitan,2,1,Friday,off-peak,50,Not Divided,Straight road,Level,Dry,Not Raining,Daylight,Hit Parked Vehicle,No Control
2018-11986-15/08/2019,1,1,Driver,Male,78.0,Driver,Not Thrown Out,NotFatal,Worn,Medium,Full,Straight Ahead,2.0,2 Metropolitan,4,3,Thursday,off-peak,60,Cross Road,Straight road,Level,Dry,Not Raining,Daylight,Right Angle,Give Way Sign
2018-11986-15/08/2019,1,2,Passenger,Female,73.0,Front Seat Left Passenger,Not Thrown Out,NotFatal,NotWorn,Medium,NoLicence,Straight Ahead,2.0,2 Metropolitan,4,3,Thursday,off-peak,60,Cross Road,Straight road,Level,Dry,Not Raining,Daylight,Right Angle,Give Way Sign
2018-11986-15/08/2019,3,1,Driver,Female,67.0,Driver,Not Thrown Out,NotFatal,Worn,Small,Full,Straight Ahead,1.0,2 Metropolitan,4,3,Thursday,off-peak,60,Cross Road,Straight road,Level,Dry,Not Raining,Daylight,Right Angle,Give Way Sign
2018-11987-15/08/2019,1,1,Driver,Male,47.0,Driver,Not Thrown Out,NotFatal,Unknown,Medium,Learners,Straight Ahead,1.0,3 Country,1,1,Thursday,off-peak,100,Not Divided,"CURVED, VIEW OBSCURED",Slope,Dry,Not Raining,Night,Left Road - Out of Control,No Control
2018-11988-15/08/2019,2,1,Rider,Male,40.0,NotApplicable,NotApplicable,NotFatal,NotWorn,MCycling,NoLicence,Straight Ahead,2.0,2 Metropolitan,2,1,Friday,off-peak,60,Divided Road,Straight road,Level,Dry,Not Raining,Daylight,Rear End,No Control
2018-11991-15/08/2019,1,1,Driver,Male,35.0,Driver,Thrown Out,Fatal,NotWorn,Small,Full,Straight Ahead,4.0,3 Country,1,4,Friday,off-peak,100,Not Divided,Straight road,Crest of Hill,Dry,Not Raining,Daylight,Roll Over,No Control
2018-11991-15/08/2019,1,2,Passenger,Male,17.0,Rear Seat Right Passenger,Not Thrown Out,NotFatal,NotWorn,Small,NoLicence,Straight Ahead,4.0,3 Country,1,4,Friday,off-peak,100,Not Divided,Straight road,Crest of Hill,Dry,Not Raining,Daylight,Roll Over,No Control
2018-11991-15/08/2019,1,3,Passenger,Male,27.0,Front Seat Left Passenger,Not Thrown Out,NotFatal,NotWorn,Small,NoLicence,Straight Ahead,4.0,3 Country,1,4,Friday,off-peak,100,Not Divided,Straight road,Crest of Hill,Dry,Not Raining,Daylight,Roll Over,No Control