REPORT_ID,UND_UNIT_NUMBER,CASUALTY_NUMBER,cas_type,cas_gender,cas_age,cas_pos_in_veh,thrown_out,fatality,seat_belt,unit_type,lic_type,unit_movement,n_occupants,stat_area,total_units,cas_total,day,time,area_speed,acc_pos,hor_align,ver_align,moist_cond,wea_cond,dayNight,crash_type,traf_ctrls
2018-13453-15/08/2019,1,1,Driver,Male,74.0,Driver,Not Thrown Out,NotFatal,Worn,Small,Full,Stopped on Carriageway,2.0,2 Metropolitan,2,1,Wednesday,off-peak,60,Cross Road,Straight road,Level,Dry,Not Raining,Daylight,Rear End,Traffic Signals
2018-13459-15/08/2019,1,1,Driver,Female,41.0,Driver,Not Thrown Out,NotFatal,Worn,Small,Full,Straight Ahead,1.0,2 Metropolitan,2,1,Thursday,off-peak,60,Cross Road,Straight road,Level,Dry,Not Raining,Daylight,Right Turn,Traffic Signals
2018-13460-15/08/2019,1,1,Rider,Male,50.0,NotApplicable,NotApplicable,NotFatal,NotWorn,PCycling,NoLicence,Straight Ahead,1.0,2 Metropolitan,1,1,Thursday,peak,80,Not Divided,Straight road,Bottom of Hill,Dry,Not Raining,Daylight,Roll Over,No Control
2018-13461-15/08/2019,1,1,Driver,Male,39.88915925490854,Driver,Not Thrown Out,NotFatal,Worn,Utility,Full,Straight Ahead,1.0,2 Metropolitan,3,2,Thursday,off-peak,60,Divided Road,Straight road,Slope,Dry,Not Raining,Daylight,Side Swipe,No Control
2018-13461-15/08/2019,3,1,Driver,Male,34.0,Driver,Not Thrown Out,NotFatal,Worn,Small,Full,Straight Ahead,1.0,2 Metropolitan,3,2,Thursday,off-peak,60,Divided Road,Straight road,Slope,Dry,Not Raining,Daylight,Side Swipe,No Control
2018-13462-15/08/2019,1,1,Driver,Female,60.0,Driver,Not Thrown Out,NotFatal,Worn,Medium,Full,Straight Ahead,2.0,2 Metropolitan,3,6,Thursday,off-peak,60,Not Divided,Straight road,Level,Dry,Not Raining,Daylight,Rear End,No Control
2018-13462-15/08/2019,1,2,Passenger,Male,1.0,Rear Seat Left Passenger,Not Thrown Out,NotFatal,NotWorn,Medium,NoLicence,Straight Ahead,2.0,2 Metropolitan,3,6,Thursday,off-peak,60,Not Divided,Straight road,Level,Dry,Not Raining,Daylight,Rear End,No Control
2018-13462-15/08/2019,2,1,Passenger,Male,6.0,Rear Seat Left Passenger,Not Thrown Out,NotFatal,NotWorn,Medium,NoLicence,Straight Ahead,5.0,2 Metropolitan,3,6,Thursday,off-peak,60,Not Divided,Straight road,Level,Dry,Not Raining,Daylight,Rear End,No Control
2018-13462-15/08/2019,2,2,Passenger,Female,31.0,Front Seat Left Passenger,Not Thrown Out,NotFatal,NotWorn,Medium,NoLicence,Straight Ahead,5.0,2 Metropolitan,3,6,Thursday,off-peak,60,Not Divided,Straight road,Level,Dry,Not Raining,Daylight,Rear End,No Control
2018-13462-15/08/2019,2,3,Passenger,Male,3.0,Rear Seat Right Passenger,Not Thrown Out,NotFatal,NotWorn,Medium,NoLicence,Straight Ahead,5.0,2 Metropolitan,3,6,Thursday,off-peak,60,Not Divided,Straight road,Level,Dry,Not Raining,Daylight,Rear End,No Control
2018-13462-15/08/2019,3,1,Driver,Female,39.0,Driver,Not Thrown Out,NotFatal,Worn,Small,Full,Stopped on Carriageway,2.0,2 Metropolitan,3,6,Thursday,off-peak,60,Not Divided,Straight road,Level,Dry,Not Raining,Daylight,Rear End,No Control
2018-13464-15/08/2019,1,1,Driver,Female,76.0,Driver,Not Thrown Out,Fatal,Unknown,Medium,Full,Straight Ahead,2.0,3 Country,3,2,Thursday,off-peak,110,Cross Road,Straight road,Level,Dry,Not Raining,Daylight,Head On,Give Way Sign
2018-13464-15/08/2019,1,2,Passenger,Male,90.0,Front Seat Left Passenger,Not Thrown Out,Fatal,NotWorn,Medium,NoLicence,Straight Ahead,2.0,3 Country,3,2,Thursday,off-peak,110,Cross Road,Straight road,Level,Dry,Not Raining,Daylight,Head On,Give Way Sign
2018-13465-15/08/2019,2,1,Rider,Female,55.0,NotApplicable,NotApplicable,NotFatal,NotWorn,PCycling,NoLicence,Straight Ahead,1.0,2 Metropolitan,2,1,Thursday,peak,50,Cross Road,Straight road,Level,Dry,Not Raining,Daylight,Right Angle,Roundabout
2018-13468-15/08/2019,2,1,Pedestrian,Male,19.0,NotApplicable,NotApplicable,NotFatal,NotWorn,Pedestrian on Road,NoLicence,Walking on Road,1.0,1 City,2,1,Thursday,off-peak,50,Divided Road,Straight road,Level,Dry,Not Raining,Daylight,Hit Pedestrian,No Control
2018-13469-15/08/2019,1,1,Pedestrian,Male,17.0,NotApplicable,NotApplicable,NotFatal,NotWorn,Pedestrian on Road,NoLicence,Walking on Road,1.0,3 Country,2,1,Wednesday,off-peak,50,Not Divided,Unknown,Unknown,Dry,Not Raining,Night,Hit Pedestrian,No Control
2018-13470-15/08/2019,1,1,Driver,Female,20.0,Driver,Not Thrown Out,NotFatal,Worn,Medium,Provisional 2,Straight Ahead,1.0,2 Metropolitan,1,1,Friday,off-peak,80,T-Junction,"CURVED, VIEW OBSCURED",Level,Dry,Not Raining,Night,Roll Over,No Control
2018-13472-15/08/2019,2,1,Driver,Female,26.0,Driver,Not Thrown Out,NotFatal,Worn,Small,Full,Straight Ahead,1.0,2 Metropolitan,2,1,Friday,off-peak,80,Cross Road,"CURVED, VIEW OPEN",Level,Dry,Not Raining,Daylight,Right Angle,Traffic Signals
2018-13475-15/08/2019,1,1,Pedestrian,Male,24.0,NotApplicable,NotApplicable,Fatal,NotWorn,Pedestrian on Road,NoLicence,Walking on Road,1.0,2 Metropolitan,2,1,Friday,off-peak,60,Not Divided,Straight road,Level,Dry,Not Raining,Night,Hit Pedestrian,No Control
2018-13478-15/08/2019,1,1,Driver,Male,20.0,Driver,Not Thrown Out,NotFatal,Worn,Small,Provisional 2,Straight Ahead,1.0,2 Metropolitan,2,1,Friday,off-peak,110,Divided Road,Straight road,Level,Dry,Not Raining,Daylight,Rear End,No Control
2018-13479-15/08/2019,1,1,Driver,Female,29.0,Driver,Not Thrown Out,NotFatal,Worn,Small,Full,Straight Ahead,1.0,2 Metropolitan,2,1,Thursday,off-peak,60,Cross Road,Straight road,Level,Dry,Not Raining,Daylight,Side Swipe,Roundabout
2018-13480-15/08/2019,2,1,Passenger,Female,46.0,Other,Not Thrown Out,NotFatal,NotWorn,Small,NoLicence,Straight Ahead,9.0,3 Country,2,2,Friday,off-peak,80,Cross Road,Straight road,Slope,Dry,Not Raining,Daylight,Right Angle,Give Way Sign
2018-13480-15/08/2019,2,2,Passenger,Female,62.0,Other,Not Thrown Out,NotFatal,NotWorn,Small,NoLicence,Straight Ahead,9.0,3 Country,2,2,Friday,off-peak,80,Cross Road,Straight road,Slope,Dry,Not Raining,Daylight,Right Angle,Give Way Sign
2018-13481-15/08/2019,1,1,Rider,Male,63.0,NotApplicable,NotApplicable,NotFatal,NotWorn,PCycling,NoLicence,Straight Ahead,1.0,2 Metropolitan,2,1,Tuesday,off-peak,60,Divided Road,Straight road,Level,Dry,Not Raining,Daylight,Side Swipe,No Control
2018-13482-15/08/2019,1,1,Driver,Male,29.0,Driver,Not Thrown Out,NotFatal,Worn,Small,Full,Straight Ahead,1.0,3 Country,2,1,Friday,off-peak,100,Not Divided,Straight road,Level,Dry,Not Raining,Daylight,Hit Fixed Object,No Control
2018-13486-15/08/2019,1,1,Driver,Female,52.0,Driver,Not Thrown Out,NotFatal,Worn,Small,Full,Stopped on Carriageway,1.0,2 Metropolitan,2,1,Sunday,peak,60,T-Junction,Straight road,Level,Dry,Not Raining,Daylight,Rear End,Traffic Signals
2018-13487-15/08/2019,1,1,Driver,Female,80.0,Driver,Not Thrown Out,NotFatal,Worn,Small,Full,Straight Ahead,1.0,3 Country,2,1,Friday,off-peak,110,Not Divided,"CURVED, VIEW OPEN",Level,Dry,Not Raining,Daylight,Head On,No Control
2018-13497-15/08/2019,2,1,Pedestrian,Male,21.0,NotApplicable,NotApplicable,Fatal,NotWorn,Pedestrian on Road,NoLicence,Walking on Road,1.0,2 Metropolitan,2,1,Saturday,off-peak,70,Not Divided,Straight road,Level,Dry,Not Raining,Night,Hit Pedestrian,No Control
2018-13498-15/08/2019,1,1,Rider,Unknown,48.0,NotApplicable,NotApplicable,NotFatal,NotWorn,PCycling,NoLicence,Straight Ahead,1.0,2 Metropolitan,2,1,Saturday,peak,60,Not Divided,Straight road,Level,Dry,Not Raining,Daylight,Roll Over,No Control
2018-13499-15/08/2019,2,1,Driver,Male,26.0,Driver,Not Thrown Out,NotFatal,Worn,Small,Full,Straight Ahead,2.0,2 Metropolitan,2,2,Saturday,peak,80,Cross Road,Straight road,Level,Dry,Not Raining,Daylight,Right Angle,Traffic Signals
2018-13499-15/08/2019,2,2,Passenger,Female,53.0,Front Seat Left Passenger,Not Thrown Out,NotFatal,NotWorn,Small,NoLicence,Straight Ahead,2.0,2 Metropolitan,2,2,Saturday,peak,80,Cross Road,Straight road,Level,Dry,Not Raining,Daylight,Right Angle,Traffic Signals
2018-13501-15/08/2019,2,1,Driver,Female,29.0,Driver,Not Thrown Out,NotFatal,Worn,Small,Full,Straight Ahead,1.0,3 Country,2,1,Saturday,off-peak,60,T-Junction,Straight road,Level,Dry,Not Raining,Daylight,Rear End,No Control
2018-13503-15/08/2019,1,1,Driver,Female,47.0,Driver,Thrown Out,NotFatal,Worn,Medium,Full,Swerving,2.0,3 Country,2,2,Friday,off-peak,110,Not Divided,Straight road,Slope,Dry,Not Raining,Daylight,Hit Animal,No Control
2018-13503-15/08/2019,1,2,Passenger,Male,46.0,Front Seat Left Passenger,Not Thrown Out,NotFatal,NotWorn,Medium,NoLicence,Swerving,2.0,3 Country,2,2,Friday,off-peak,110,Not Divided,Straight road,Slope,Dry,Not Raining,Daylight,Hit Animal,No Control
2018-13504-15/08/2019,1,1,Pedestrian,Male,39.88915925490854,NotApplicable,NotApplicable,NotFatal,NotWorn,Pedestrian on Road,NoLicence,Walking on Road,1.0,2 Metropolitan,2,1,Saturday,off-peak,50,Cross Road,Straight road,Level,Dry,Not Raining,Daylight,Hit Pedestrian,Roundabout
2018-13505-15/08/2019,1,1,Passenger,Female,39.88915925490854,Front Seat Left Passenger,Not Thrown Out,NotFatal,NotWorn,Small,NoLicence,Straight Ahead,4.0,2 Metropolitan,2,2,Saturday,off-peak,60,T-Junction,Straight road,Level,Dry,Not Raining,Daylight,Right Angle,No Control
2018-13505-15/08/2019,1,2,Passenger,Female,82.0,Rear Seat Left Passenger,Not Thrown Out,NotFatal,NotWorn,Small,NoLicence,Straight Ahead,4.0,2 Metropolitan,2,2,Saturday,off-peak,60,T-Junction,Straight road,Level,Dry,Not Raining,Daylight,Right Angle,No Control
2018-13507-15/08/2019,2,1,Pedestrian,Female,46.0,NotApplicable,NotApplicable,NotFatal,NotWorn,Wheelchair,NoLicence,Crossing without Control,1.0,2 Metropolitan,2,1,Thursday,off-peak,60,T-Junction,Straight road,Level,Dry,Not Raining,Daylight,Hit Pedestrian,No Control
2018-13519-15/08/2019,1,1,Driver,Male,26.0,Driver,Not Thrown Out,NotFatal,Worn,Utility,Provisional 2,Straight Ahead,1.0,2 Metropolitan,2,1,Sunday,off-peak,60,Divided Road,Straight road,Level,Dry,Not Raining,Daylight,Hit Fixed Object,No Control
2018-13520-15/08/2019,1,1,Driver,Male,20.0,Driver,Not Thrown Out,NotFatal,Worn,Small,Provisional 2,Straight Ahead,4.0,3 Country,2,5,Saturday,peak,50,Cross Road,Straight road,Slope,Dry,Not Raining,Daylight,Right Angle,Give Way Sign
2018-13520-15/08/2019,1,2,Passenger,Unknown,39.88915925490854,Rear Seat Right Passenger,Not Thrown Out,NotFatal,NotWorn,Small,NoLicence,Straight Ahead,4.0,3 Country,2,5,Saturday,peak,50,Cross Road,Straight road,Slope,Dry,Not Raining,Daylight,Right Angle,Give Way Sign
2018-13520-15/08/2019,1,3,Passenger,Male,20.0,Rear Seat Left Passenger,Not Thrown Out,NotFatal,NotWorn,Small,NoLicence,Straight Ahead,4.0,3 Country,2,5,Saturday,peak,50,Cross Road,Straight road,Slope,Dry,Not Raining,Daylight,Right Angle,Give Way Sign
2018-13520-15/08/2019,1,4,Passenger,Unknown,39.88915925490854,Front Seat Left Passenger,Not Thrown Out,NotFatal,NotWorn,Small,NoLicence,Straight Ahead,4.0,3 Country,2,5,Saturday,peak,50,Cross Road,Straight road,Slope,Dry,Not Raining,Daylight,Right Angle,Give Way Sign
2018-13520-15/08/2019,2,1,Driver,Female,76.0,Driver,Not Thrown Out,NotFatal,Worn,Small,Full,Straight Ahead,1.0,3 Country,2,5,Saturday,peak,50,Cross Road,Straight road,Slope,Dry,Not Raining,Daylight,Right Angle,Give Way Sign
2018-13522-15/08/2019,2,1,Rider,Male,63.0,NotApplicable,NotApplicable,NotFatal,NotWorn,PCycling,NoLicence,Straight Ahead,1.0,2 Metropolitan,2,1,Sunday,peak,50,T-Junction,"CURVED, VIEW OPEN",Level,Dry,Not Raining,Daylight,Right Angle,Roundabout
2018-13523-15/08/2019,1,1,Rider,Male,46.0,NotApplicable,NotApplicable,Fatal,NotWorn,PCycling,NoLicence,Straight Ahead,1.0,2 Metropolitan,2,1,Sunday,off-peak,60,Divided Road,"CURVED, VIEW OPEN",Slope,Dry,Not Raining,Daylight,Hit Fixed Object,No Control
2018-13524-15/08/2019,1,1,Rider,Male,25.0,NotApplicable,NotApplicable,NotFatal,NotWorn,MCycling,NoLicence,Leaving Private Driveway,1.0,3 Country,2,1,Saturday,off-peak,50,Not Divided,Straight road,Level,Dry,Not Raining,Daylight,Hit Fixed Object,No Control
2018-13525-15/08/2019,1,1,Rider,Male,50.0,NotApplicable,NotApplicable,NotFatal,NotWorn,PCycling,NoLicence,Straight Ahead,1.0,2 Metropolitan,2,1,Friday,off-peak,50,Not Divided,Straight road,Level,Unknown,Unknown,Daylight,Side Swipe,No Control
2018-13526-15/08/2019,1,1,Rider,Female,47.0,NotApplicable,NotApplicable,NotFatal,NotWorn,PCycling,NoLicence,Straight Ahead,1.0,2 Metropolitan,2,1,Sunday,peak,50,Cross Road,Straight road,Level,Dry,Not Raining,Daylight,Right Angle,Roundabout
2018-13529-15/08/2019,1,1,Passenger,Female,72.0,Front Seat Left Passenger,Not Thrown Out,NotFatal,NotWorn,Small,NoLicence,Straight Ahead,2.0,2 Metropolitan,5,1,Sunday,off-peak,60,T-Junction,Straight road,Level,Dry,Not Raining,Daylight,Rear End,No Control
2018-13530-15/08/2019,2,1,Driver,Male,34.0,Driver,Not Thrown Out,NotFatal,Unknown,Medium,Full,Straight Ahead,4.0,2 Metropolitan,2,4,Sunday,off-peak,110,Divided Road,Straight road,Level,Dry,Not Raining,Daylight,Rear End,No Control
2018-13530-15/08/2019,2,2,Passenger,Male,39.88915925490854,Rear Seat Left Passenger,Not Thrown Out,NotFatal,NotWorn,Medium,NoLicence,Straight Ahead,4.0,2 Metropolitan,2,4,Sunday,off-peak,110,Divided Road,Straight road,Level,Dry,Not Raining,Daylight,Rear End,No Control
2018-13530-15/08/2019,2,3,Passenger,Male,2.0,Rear Seat Right Passenger,Not Thrown Out,NotFatal,NotWorn,Medium,NoLicence,Straight Ahead,4.0,2 Metropolitan,2,4,Sunday,off-peak,110,Divided Road,Straight road,Level,Dry,Not Raining,Daylight,Rear End,No Control
2018-13530-15/08/2019,2,4,Passenger,Female,35.0,Front Seat Left Passenger,Not Thrown Out,NotFatal,NotWorn,Medium,NoLicence,Straight Ahead,4.0,2 Metropolitan,2,4,Sunday,off-peak,110,Divided Road,Straight road,Level,Dry,Not Raining,Daylight,Rear End,No Control
2018-13532-15/08/2019,2,1,Rider,Male,23.0,NotApplicable,NotApplicable,NotFatal,NotWorn,MCycling,NoLicence,Straight Ahead,1.0,2 Metropolitan,2,1,Saturday,peak,60,T-Junction,Straight road,Level,Dry,Not Raining,Daylight,Rear End,No Control
2018-13533-15/08/2019,2,1,Driver,Female,39.0,Driver,Not Thrown Out,NotFatal,Worn,Medium,Full,Straight Ahead,1.0,2 Metropolitan,2,1,Sunday,off-peak,80,Cross Road,Straight road,Level,Dry,Not Raining,Daylight,Right Angle,Give Way Sign
2018-13536-15/08/2019,1,1,Driver,Female,24.0,Driver,Not Thrown Out,NotFatal,Worn,Small,Full,U Turn,2.0,2 Metropolitan,2,1,Saturday,off-peak,60,Not Divided,Straight road,Level,Dry,Not Raining,Daylight,Side Swipe,No Control
2018-13537-15/08/2019,1,1,Driver,Male,17.0,Driver,Not Thrown Out,NotFatal,Worn,Small,Provisional 1 ,Straight Ahead,2.0,2 Metropolitan,2,2,Sunday,peak,80,Not Divided,"CURVED, VIEW OBSCURED",Slope,Dry,Not Raining,Daylight,Hit Fixed Object,No Control
2018-13537-15/08/2019,1,2,Passenger,Male,17.0,Front Seat Left Passenger,Not Thrown Out,NotFatal,NotWorn,Small,NoLicence,Straight Ahead,2.0,2 Metropolitan,2,2,Sunday,peak,80,Not Divided,"CURVED, VIEW OBSCURED",Slope,Dry,Not Raining,Daylight,Hit Fixed Object,No Control
2018-13538-15/08/2019,2,1,Driver,Male,89.0,Driver,Not Thrown Out,NotFatal,Worn,Small,Full,Straight Ahead,1.0,3 Country,2,1,Sunday,off-peak,60,T-Junction,Straight road,Level,Dry,Not Raining,Daylight,Right Angle,No Control
2018-13539-15/08/2019,2,1,Rider,Male,76.0,NotApplicable,NotApplicable,NotFatal,NotWorn,MCycling,NoLicence,Left Turn,1.0,2 Metropolitan,2,1,Sunday,peak,60,T-Junction,Straight road,Level,Dry,Not Raining,Daylight,Right Angle,Traffic Signals
2018-13541-15/08/2019,1,1,Passenger,Male,31.0,Front Seat Left Passenger,Not Thrown Out,NotFatal,NotWorn,Medium,NoLicence,Straight Ahead,2.0,3 Country,1,1,Sunday,off-peak,100,Not Divided,"CURVED, VIEW OBSCURED",Level,Dry,Not Raining,Daylight,Roll Over,No Control
2018-13544-15/08/2019,1,1,Driver,Male,18.0,Driver,Not Thrown Out,NotFatal,Worn,Small,Provisional 2,Swerving,1.0,2 Metropolitan,2,1,Monday,off-peak,50,Not Divided,Straight road,Level,Dry,Not Raining,Night,Hit Parked Vehicle,No Control
2018-13547-15/08/2019,1,1,Driver,Male,30.0,Driver,Not Thrown Out,NotFatal,Worn,Small,Full,Straight Ahead,1.0,2 Metropolitan,2,1,Monday,peak,60,T-Junction,Straight road,Level,Dry,Not Raining,Daylight,Right Angle,No Control
2018-13548-15/08/2019,1,1,Rider,Male,41.0,NotApplicable,NotApplicable,NotFatal,NotWorn,MCycling,NoLicence,Straight Ahead,1.0,3 Country,1,1,Monday,peak,50,Not Divided,Straight road,Level,Dry,Not Raining,Daylight,Roll Over,No Control
2018-13550-15/08/2019,1,1,Rider,Male,42.0,NotApplicable,NotApplicable,NotFatal,NotWorn,MCycling,NoLicence,Straight Ahead,1.0,2 Metropolitan,2,1,Sunday,off-peak,80,T-Junction,"CURVED, VIEW OPEN",Slope,Dry,Not Raining,Daylight,Right Turn,No Control
2018-13553-15/08/2019,1,1,Rider,Female,54.0,NotApplicable,NotApplicable,NotFatal,NotWorn,PCycling,NoLicence,Straight Ahead,1.0,2 Metropolitan,1,1,Saturday,off-peak,60,Divided Road,Straight road,Crest of Hill,Dry,Not Raining,Daylight,Roll Over,No Control
2018-13555-15/08/2019,1,1,Driver,Female,48.0,Driver,Not Thrown Out,NotFatal,Worn,Medium,Full,Straight Ahead,1.0,2 Metropolitan,2,2,Monday,off-peak,60,Cross Road,Straight road,Level,Dry,Not Raining,Daylight,Right Angle,Stop Sign
2018-13555-15/08/2019,2,1,Driver,Female,36.0,Driver,Not Thrown Out,NotFatal,Worn,Small,Full,Straight Ahead,3.0,2 Metropolitan,2,2,Monday,off-peak,60,Cross Road,Straight road,Level,Dry,Not Raining,Daylight,Right Angle,Stop Sign
2018-13558-15/08/2019,1,1,Driver,Female,82.0,Driver,Not Thrown Out,NotFatal,Worn,Small,Full,Straight Ahead,1.0,2 Metropolitan,3,1,Monday,off-peak,60,Divided Road,Straight road,Slope,Dry,Not Raining,Daylight,Hit Fixed Object,No Control
2018-13560-15/08/2019,1,1,Rider,Male,50.0,NotApplicable,NotApplicable,NotFatal,NotWorn,PCycling,NoLicence,Straight Ahead,1.0,2 Metropolitan,2,1,Monday,off-peak,50,Not Divided,Straight road,Level,Dry,Not Raining,Daylight,Roll Over,No Control
2018-13561-15/08/2019,1,1,Driver,Male,39.0,Driver,Not Thrown Out,NotFatal,Worn,Medium,Full,Straight Ahead,1.0,2 Metropolitan,3,1,Monday,peak,60,Divided Road,Straight road,Level,Dry,Not Raining,Daylight,Head On,No Control
2018-13562-15/08/2019,1,1,Rider,Male,48.0,NotApplicable,NotApplicable,NotFatal,NotWorn,MCycling,NoLicence,Straight Ahead,1.0,2 Metropolitan,2,1,Monday,off-peak,80,Not Divided,"CURVED, VIEW OBSCURED",Level,Dry,Not Raining,Daylight,Hit Fixed Object,No Control
2018-13563-15/08/2019,1,1,Driver,Male,18.0,Driver,Not Thrown Out,NotFatal,Worn,Small,Provisional 1 ,Stopped on Carriageway,4.0,2 Metropolitan,2,4,Monday,peak,60,T-Junction,Straight road,Level,Dry,Not Raining,Daylight,Rear End,Traffic Signals
2018-13563-15/08/2019,1,2,Passenger,Male,16.0,Rear Seat Right Passenger,Not Thrown Out,NotFatal,NotWorn,Small,NoLicence,Stopped on Carriageway,4.0,2 Metropolitan,2,4,Monday,peak,60,T-Junction,Straight road,Level,Dry,Not Raining,Daylight,Rear End,Traffic Signals
2018-13563-15/08/2019,1,3,Passenger,Female,16.0,Front Seat Left Passenger,Not Thrown Out,NotFatal,NotWorn,Small,NoLicence,Stopped on Carriageway,4.0,2 Metropolitan,2,4,Monday,peak,60,T-Junction,Straight road,Level,Dry,Not Raining,Daylight,Rear End,Traffic Signals
2018-13563-15/08/2019,1,4,Passenger,Male,17.0,Rear Seat Left Passenger,Not Thrown Out,NotFatal,NotWorn,Small,NoLicence,Stopped on Carriageway,4.0,2 Metropolitan,2,4,Monday,peak,60,T-Junction,Straight road,Level,Dry,Not Raining,Daylight,Rear End,Traffic Signals
2018-13568-15/08/2019,1,1,Rider,Male,26.0,NotApplicable,NotApplicable,NotFatal,NotWorn,MCycling,NoLicence,Straight Ahead,1.0,2 Metropolitan,1,1,Monday,off-peak,50,Not Divided,Straight road,Level,Dry,Not Raining,Daylight,Roll Over,No Control
2018-13570-15/08/2019,1,1,Pedestrian,Male,24.0,NotApplicable,NotApplicable,NotFatal,NotWorn,Pedestrian on Road,NoLicence,Walking on Road,1.0,2 Metropolitan,2,1,Monday,off-peak,80,Not Divided,Straight road,Slope,Dry,Not Raining,Night,Hit Pedestrian,No Control
2018-13571-15/08/2019,1,1,Driver,Male,17.0,Driver,Not Thrown Out,NotFatal,Worn,Small,Full,Straight Ahead,1.0,3 Country,3,1,Monday,off-peak,50,Not Divided,Straight road,Level,Dry,Not Raining,Daylight,Hit Parked Vehicle,No Control
2018-13580-15/08/2019,1,1,Driver,Male,29.0,Driver,Not Thrown Out,NotFatal,Worn,Small,Full,Swerving,1.0,3 Country,2,1,Thursday,off-peak,110,Not Divided,"CURVED, VIEW OBSCURED",Level,Dry,Not Raining,Daylight,Roll Over,No Control
2018-13581-15/08/2019,1,1,Rider,Male,11.0,NotApplicable,NotApplicable,NotFatal,NotWorn,PCycling,NoLicence,Straight Ahead,1.0,2 Metropolitan,2,1,Thursday,off-peak,50,Pedestrian Crossing,Straight road,Level,Dry,Not Raining,Daylight,Right Angle,Traffic Signals
2018-13582-15/08/2019,1,1,Rider,Male,57.0,NotApplicable,NotApplicable,NotFatal,NotWorn,PCycling,NoLicence,Straight Ahead,1.0,2 Metropolitan,1,1,Sunday,off-peak,60,T-Junction,Straight road,Level,Dry,Not Raining,Daylight,Roll Over,Give Way Sign
2018-13583-15/08/2019,1,1,Rider,Male,70.0,NotApplicable,NotApplicable,NotFatal,NotWorn,PCycling,NoLicence,Straight Ahead,1.0,2 Metropolitan,2,1,Thursday,peak,50,Cross Road,Straight road,Level,Dry,Not Raining,Daylight,Right Angle,Roundabout
2018-13585-15/08/2019,2,1,Driver,Female,25.0,Driver,Not Thrown Out,NotFatal,Worn,Small,Full,Stopped on Carriageway,1.0,2 Metropolitan,5,1,Monday,peak,80,Divided Road,Straight road,Level,Dry,Not Raining,Night,Other,No Control
2018-13586-15/08/2019,2,1,Driver,Female,30.0,Driver,Not Thrown Out,NotFatal,Worn,Small,Full,Stopped on Carriageway,1.0,2 Metropolitan,3,1,Saturday,off-peak,60,Cross Road,Straight road,Level,Dry,Not Raining,Daylight,Rear End,Traffic Signals
2018-13587-15/08/2019,1,1,Driver,Female,32.0,Driver,Not Thrown Out,NotFatal,Worn,Small,Full,Stopped on Carriageway,2.0,2 Metropolitan,2,1,Thursday,peak,60,Cross Road,Straight road,Level,Dry,Not Raining,Daylight,Rear End,Roundabout
2018-13588-15/08/2019,1,1,Driver,Male,27.0,Driver,Not Thrown Out,NotFatal,Worn,Small,Learners,Straight Ahead,1.0,3 Country,2,1,Friday,off-peak,50,Not Divided,Straight road,Bottom of Hill,Dry,Not Raining,Night,Hit Fixed Object,No Control
2018-13589-15/08/2019,1,1,Rider,Male,65.0,NotApplicable,NotApplicable,NotFatal,NotWorn,PCycling,NoLicence,Straight Ahead,1.0,2 Metropolitan,2,1,Monday,off-peak,50,Not Divided,Straight road,Level,Dry,Not Raining,Daylight,Rear End,No Control
2018-13591-15/08/2019,1,1,Driver,Female,53.0,Driver,Not Thrown Out,NotFatal,Worn,Small,Full,Straight Ahead,1.0,2 Metropolitan,2,1,Thursday,peak,60,Cross Road,Straight road,Slope,Dry,Not Raining,Daylight,Right Angle,Traffic Signals
2018-13593-15/08/2019,1,1,Driver,Male,32.0,Driver,Not Thrown Out,NotFatal,Worn,Small,Full,Straight Ahead,2.0,2 Metropolitan,2,1,Tuesday,peak,60,Divided Road,Straight road,Level,Dry,Not Raining,Daylight,Rear End,No Control
2018-13594-15/08/2019,1,1,Pedestrian,Male,39.88915925490854,NotApplicable,NotApplicable,NotFatal,NotWorn,Pedestrian on Road,NoLicence,Crossing without Control,1.0,2 Metropolitan,2,1,Sunday,off-peak,50,Not Divided,Straight road,Level,Dry,Not Raining,Night,Hit Pedestrian,No Control
2018-13595-15/08/2019,1,1,Driver,Male,30.0,Driver,Not Thrown Out,NotFatal,Worn,Small,Full,Stopped on Carriageway,2.0,1 City,2,1,Thursday,off-peak,60,Cross Road,Straight road,Level,Wet,Raining,Night,Rear End,Traffic Signals
2018-13596-15/08/2019,1,1,Driver,Female,59.0,Driver,Not Thrown Out,NotFatal,Worn,Utility,Full,Stopped on Carriageway,1.0,2 Metropolitan,2,1,Friday,off-peak,50,Cross Road,Straight road,Level,Dry,Not Raining,Daylight,Rear End,Traffic Signals
2018-13597-15/08/2019,1,1,Driver,Female,21.0,Driver,Not Thrown Out,NotFatal,Worn,Small,Full,Straight Ahead,1.0,1 City,2,1,Saturday,peak,50,Cross Road,Straight road,Level,Dry,Not Raining,Daylight,Right Angle,Traffic Signals
2018-13598-15/08/2019,1,1,Driver,Male,62.0,Driver,Not Thrown Out,NotFatal,Worn,Small,Full,Right Turn,1.0,2 Metropolitan,2,1,Tuesday,off-peak,60,T-Junction,Straight road,Slope,Dry,Not Raining,Daylight,Rear End,No Control
2018-13599-15/08/2019,1,1,Driver,Female,57.0,Driver,Not Thrown Out,NotFatal,Worn,Small,Full,Stopped on Carriageway,1.0,2 Metropolitan,2,1,Wednesday,peak,60,Cross Road,Straight road,Level,Dry,Not Raining,Daylight,Rear End,Traffic Signals